order_id,date,customer_id,product_id,revenue,quantity,region,channel
ORD_0,2023-02-19,CUST_268,PROD_83,1291.4,4,Asia,Mobile
ORD_1,2023-01-10,CUST_30,PROD_46,1417.68,3,Europe,Mobile
ORD_2,2023-02-26,CUST_285,PROD_99,940.26,2,North America,Web
ORD_3,2023-08-15,CUST_187,PROD_95,925.24,4,North America,Web
ORD_4,2023-08-18,CUST_441,PROD_12,151.47,3,North America,Web
ORD_5,2023-12-25,CUST_4,PROD_73,124.92,1,North America,Web
ORD_6,2023-05-04,CUST_286,PROD_6,399.3,3,Asia,Web
ORD_7,2023-02-01,CUST_255,PROD_73,249.84,2,Europe,Web
ORD_8,2023-03-18,CUST_6,PROD_85,1956.84,4,Europe,Mobile
ORD_9,2023-04-18,CUST_62,PROD_64,624.32,2,Asia,Mobile
ORD_10,2023-08-16,CUST_18,PROD_15,424.51,1,Europe,Mobile
ORD_11,2023-12-19,CUST_433,PROD_69,337.5,3,Europe,Mobile
ORD_12,2023-01-17,CUST_70,PROD_20,215.98,2,Europe,Mobile
ORD_13,2023-06-09,CUST_84,PROD_78,1945.44,4,Europe,Mobile
ORD_14,2023-12-12,CUST_51,PROD_70,145.56,4,North America,Mobile
ORD_15,2023-10-03,CUST_334,PROD_50,630.61,3,Europe,Mobile
ORD_16,2023-01-03,CUST_284,PROD_45,219.15,1,Europe,Mobile
ORD_17,2023-03-26,CUST_339,PROD_71,261.64,4,Asia,Mobile
ORD_18,2023-05-01,CUST_124,PROD_69,112.5,1,Asia,Web
ORD_19,2023-12-23,CUST_84,PROD_41,1235.88,4,Europe,Mobile
ORD_20,2023-12-11,CUST_345,PROD_29,127.26,1,Europe,Mobile
ORD_21,2023-12-24,CUST_266,PROD_54,320.76,1,Europe,Mobile
ORD_22,2023-10-06,CUST_200,PROD_83,968.55,3,Asia,Web
ORD_23,2023-08-11,CUST_107,PROD_41,308.97,1,Europe,Web
ORD_24,2023-06-21,CUST_448,PROD_55,913.84,4,Europe,Web
ORD_25,2023-10-23,CUST_38,PROD_92,615.64,2,North America,Web
ORD_26,2023-11-05,CUST_102,PROD_37,1497.09,3,Asia,Mobile
ORD_27,2023-06-18,CUST_493,PROD_75,347.99,1,North America,Mobile
ORD_28,2023-12-08,CUST_305,PROD_21,35.68,1,Europe,Mobile
ORD_29,2023-10-05,CUST_330,PROD_95,462.62,2,Europe,Mobile
ORD_30,2023-12-19,CUST_162,PROD_76,250.24,2,Europe,Web
ORD_31,2024-01-01,CUST_408,PROD_29,127.26,1,Asia,Mobile
ORD_32,2023-01-10,CUST_337,PROD_13,591.18,2,North America,Mobile
ORD_33,2023-11-16,CUST_381,PROD_27,1921.48,4,Europe,Web
ORD_34,2023-10-04,CUST_456,PROD_22,373.18,1,Europe,Mobile
ORD_35,2023-05-14,CUST_156,PROD_45,525.96,4,Europe,Mobile
ORD_36,2023-11-14,CUST_10,PROD_20,431.96,4,Europe,Mobile
ORD_37,2023-01-16,CUST_214,PROD_11,529.71,3,North America,Web
ORD_38,2023-03-12,CUST_335,PROD_97,157.01,1,Europe,Mobile
ORD_39,2023-07-20,CUST_291,PROD_39,394.2,2,North America,Web
ORD_40,2023-06-26,CUST_116,PROD_30,101.18,2,Asia,Mobile
ORD_41,2023-05-17,CUST_364,PROD_100,1232.64,4,North America,Mobile
ORD_42,2023-05-01,CUST_226,PROD_65,213.47,1,Asia,Web
ORD_43,2023-07-21,CUST_200,PROD_87,1925.12,4,Asia,Mobile
ORD_44,2023-02-15,CUST_3,PROD_83,968.55,3,Europe,Mobile
ORD_45,2023-11-01,CUST_438,PROD_35,342.45,3,Asia,Mobile
ORD_46,2023-03-06,CUST_90,PROD_10,358.57,1,Europe,Mobile
ORD_47,2023-10-20,CUST_361,PROD_71,196.23,3,Europe,Mobile
ORD_48,2023-06-13,CUST_20,PROD_52,647.13,3,Europe,Mobile
ORD_49,2023-04-02,CUST_84,PROD_72,1341.6,4,Europe,Web
ORD_50,2023-08-28,CUST_19,PROD_16,873.16,2,Europe,Web
ORD_51,2023-05-25,CUST_401,PROD_77,1039.58,4,Europe,Mobile
ORD_52,2023-11-15,CUST_282,PROD_32,1457.67,3,North America,Mobile
ORD_53,2023-08-29,CUST_480,PROD_73,124.92,1,Europe,Web
ORD_54,2023-07-18,CUST_199,PROD_36,324.21,1,Asia,Mobile
ORD_55,2023-05-12,CUST_406,PROD_100,616.32,2,North America,Mobile
ORD_56,2023-03-28,CUST_57,PROD_18,278.57,2,Europe,Web
ORD_57,2023-07-29,CUST_321,PROD_58,186.88,2,North America,Web
ORD_58,2023-06-09,CUST_346,PROD_54,320.76,1,Asia,Mobile
ORD_59,2023-02-19,CUST_63,PROD_16,1746.32,4,Europe,Web
ORD_60,2023-07-23,CUST_3,PROD_92,615.64,2,Europe,Mobile
ORD_61,2023-05-13,CUST_456,PROD_7,437.9,3,Europe,Mobile
ORD_62,2023-08-27,CUST_128,PROD_36,324.21,1,North America,Web
ORD_63,2023-04-07,CUST_18,PROD_80,826.74,2,Europe,Web
ORD_64,2023-12-23,CUST_151,PROD_4,1412.34,3,Europe,Web
ORD_65,2023-07-08,CUST_102,PROD_54,962.28,3,Asia,Mobile
ORD_66,2023-06-19,CUST_277,PROD_76,250.24,2,North America,Web
ORD_67,2023-01-20,CUST_42,PROD_61,44.36,2,Europe,Mobile
ORD_68,2023-10-05,CUST_368,PROD_91,1444.56,3,North America,Mobile
ORD_69,2023-03-14,CUST_314,PROD_81,1810.8,4,Europe,Web
ORD_70,2023-11-19,CUST_474,PROD_19,364.77,1,Europe,Web
ORD_71,2023-07-11,CUST_346,PROD_61,36.97,1,Asia,Web
ORD_72,2023-04-17,CUST_448,PROD_20,215.98,2,Europe,Web
ORD_73,2023-04-04,CUST_119,PROD_16,436.58,1,Asia,Web
ORD_74,2023-01-27,CUST_182,PROD_20,431.96,4,Asia,Web
ORD_75,2023-05-16,CUST_32,PROD_84,1193.64,3,Asia,Mobile
ORD_76,2023-10-31,CUST_105,PROD_22,1119.54,3,Europe,Web
ORD_77,2023-12-03,CUST_24,PROD_69,337.5,3,Europe,Web
ORD_78,2023-07-29,CUST_41,PROD_35,228.3,2,Europe,Mobile
ORD_79,2023-03-20,CUST_88,PROD_95,231.31,1,Europe,Web
ORD_80,2023-05-20,CUST_334,PROD_77,1299.48,3,Europe,Web
ORD_81,2023-01-24,CUST_113,PROD_57,1083.06,3,Europe,Mobile
ORD_82,2023-11-02,CUST_491,PROD_10,215.14,1,Europe,Mobile
ORD_83,2023-10-08,CUST_35,PROD_36,324.21,1,North America,Mobile
ORD_84,2023-06-09,CUST_305,PROD_58,373.76,4,Europe,Web
ORD_85,2023-09-02,CUST_294,PROD_46,1890.24,4,North America,Mobile
ORD_86,2023-05-27,CUST_430,PROD_67,152.28,3,Asia,Mobile
ORD_87,2023-12-08,CUST_109,PROD_19,364.77,1,Asia,Web
ORD_88,2023-03-13,CUST_465,PROD_63,211.92,4,Asia,Mobile
ORD_89,2023-11-13,CUST_398,PROD_2,143.76,1,Europe,Web
ORD_90,2023-09-26,CUST_150,PROD_18,464.28,2,Europe,Web
ORD_91,2023-05-04,CUST_490,PROD_74,158.38,2,North America,Mobile
ORD_92,2023-03-04,CUST_308,PROD_13,354.71,2,Europe,Web
ORD_93,2023-11-21,CUST_94,PROD_35,205.47,3,Europe,Mobile
ORD_94,2023-11-24,CUST_288,PROD_31,1131.57,3,Asia,Web
ORD_95,2023-03-11,CUST_304,PROD_23,85.0,2,Europe,Mobile
ORD_96,2023-09-05,CUST_168,PROD_72,335.4,1,North America,Mobile
ORD_97,2023-08-23,CUST_363,PROD_24,1342.36,4,Europe,Mobile
ORD_98,2023-12-14,CUST_462,PROD_56,218.45,1,Europe,Web
ORD_99,2023-07-08,CUST_429,PROD_65,426.94,2,Europe,Web
ORD_100,2023-05-11,CUST_174,PROD_3,906.74,2,North America,Web
ORD_101,2023-08-08,CUST_307,PROD_49,14.13,1,Europe,Mobile
ORD_102,2023-06-04,CUST_140,PROD_52,431.42,2,Europe,Mobile
ORD_103,2023-08-31,CUST_70,PROD_81,1810.8,4,Europe,Web
ORD_104,2023-03-20,CUST_351,PROD_4,564.94,2,Europe,Mobile
ORD_105,2023-03-16,CUST_71,PROD_70,72.78,2,Asia,Web
ORD_106,2023-09-26,CUST_167,PROD_97,157.01,1,Asia,Mobile
ORD_107,2023-08-30,CUST_386,PROD_65,426.94,2,North America,Web
ORD_108,2023-09-20,CUST_106,PROD_49,70.65,3,North America,Web
ORD_109,2023-02-07,CUST_473,PROD_23,85.0,2,Europe,Mobile
ORD_110,2023-11-25,CUST_88,PROD_10,358.57,1,Europe,Web
ORD_111,2023-05-15,CUST_47,PROD_49,23.55,1,Europe,Web
ORD_112,2023-10-06,CUST_44,PROD_5,242.52,2,Europe,Mobile
ORD_113,2023-12-24,CUST_247,PROD_35,114.15,1,North America,Web
ORD_114,2023-07-01,CUST_495,PROD_8,374.86,2,Europe,Web
ORD_115,2023-10-05,CUST_91,PROD_3,1360.11,3,North America,Web
ORD_116,2023-09-30,CUST_31,PROD_28,1107.12,3,Europe,Mobile
ORD_117,2023-04-15,CUST_230,PROD_23,51.0,2,Europe,Mobile
ORD_118,2023-05-03,CUST_70,PROD_25,60.13,1,Europe,Mobile
ORD_119,2023-09-06,CUST_370,PROD_96,612.24,3,North America,Web
ORD_120,2023-10-22,CUST_478,PROD_37,1497.09,3,Asia,Web
ORD_121,2023-08-04,CUST_469,PROD_26,1049.92,4,North America,Web
ORD_122,2023-06-26,CUST_48,PROD_23,85.0,2,North America,Web
ORD_123,2023-02-13,CUST_209,PROD_94,123.84,2,Europe,Mobile
ORD_124,2023-03-03,CUST_60,PROD_6,399.3,3,Europe,Mobile
ORD_125,2023-10-16,CUST_444,PROD_16,873.16,2,Europe,Mobile
ORD_126,2023-10-08,CUST_370,PROD_58,373.76,4,North America,Mobile
ORD_127,2023-09-20,CUST_328,PROD_14,365.91,3,Asia,Web
ORD_128,2023-11-26,CUST_52,PROD_11,529.71,3,Europe,Web
ORD_129,2023-05-23,CUST_330,PROD_48,1169.48,4,Europe,Web
ORD_130,2023-04-22,CUST_176,PROD_98,872.28,3,Europe,Mobile
ORD_131,2023-04-14,CUST_108,PROD_71,130.82,2,Asia,Mobile
ORD_132,2023-09-12,CUST_318,PROD_57,216.61,1,Europe,Web
ORD_133,2023-03-13,CUST_176,PROD_8,224.92,2,Europe,Web
ORD_134,2023-12-14,CUST_15,PROD_42,447.44,2,Europe,Mobile
ORD_135,2023-04-13,CUST_331,PROD_67,203.04,4,Asia,Mobile
ORD_136,2023-09-13,CUST_157,PROD_32,971.78,2,Asia,Web
ORD_137,2023-04-21,CUST_359,PROD_43,956.82,2,North America,Web
ORD_138,2023-05-15,CUST_494,PROD_18,232.14,1,Asia,Mobile
ORD_139,2023-11-25,CUST_282,PROD_8,749.72,4,North America,Web
ORD_140,2023-08-20,CUST_41,PROD_13,886.77,3,Europe,Web
ORD_141,2023-04-15,CUST_434,PROD_72,1341.6,4,Europe,Web
ORD_142,2023-07-25,CUST_306,PROD_89,53.31,3,Europe,Mobile
ORD_143,2023-12-28,CUST_304,PROD_15,1698.04,4,Europe,Mobile
ORD_144,2023-08-13,CUST_26,PROD_35,114.15,1,Asia,Web
ORD_145,2023-10-05,CUST_384,PROD_6,532.4,4,North America,Web
ORD_146,2023-05-05,CUST_244,PROD_72,670.8,2,North America,Web
ORD_147,2023-08-15,CUST_74,PROD_12,100.98,2,Europe,Mobile
ORD_148,2023-07-23,CUST_251,PROD_36,972.63,3,Asia,Mobile
ORD_149,2023-10-21,CUST_418,PROD_23,42.5,1,Europe,Web
ORD_150,2023-05-19,CUST_329,PROD_33,1622.96,4,North America,Mobile
ORD_151,2023-02-18,CUST_477,PROD_99,1880.52,4,Europe,Web
ORD_152,2023-06-24,CUST_153,PROD_47,956.16,4,North America,Web
ORD_153,2023-03-07,CUST_242,PROD_26,787.44,3,North America,Web
ORD_154,2023-09-25,CUST_27,PROD_79,228.4,4,Europe,Web
ORD_155,2023-08-02,CUST_498,PROD_45,657.45,3,North America,Mobile
ORD_156,2023-02-14,CUST_266,PROD_86,473.54,1,Europe,Mobile
ORD_157,2023-01-08,CUST_334,PROD_16,1309.74,3,Europe,Web
ORD_158,2023-07-22,CUST_146,PROD_96,408.16,2,Europe,Mobile
ORD_159,2023-06-02,CUST_65,PROD_47,239.04,1,Asia,Mobile
ORD_160,2023-04-09,CUST_360,PROD_38,851.7,2,Asia,Mobile
ORD_161,2023-04-01,CUST_395,PROD_74,79.19,1,Asia,Web
ORD_162,2023-05-19,CUST_451,PROD_61,147.88,4,Europe,Mobile
ORD_163,2023-04-18,CUST_230,PROD_98,174.46,1,Europe,Web
ORD_164,2023-07-05,CUST_88,PROD_14,365.91,3,Europe,Mobile
ORD_165,2023-03-14,CUST_114,PROD_34,199.53,3,Asia,Web
ORD_166,2023-10-03,CUST_44,PROD_3,272.02,1,Europe,Web
ORD_167,2023-10-03,CUST_278,PROD_7,486.56,2,North America,Web
ORD_168,2023-11-29,CUST_312,PROD_73,249.84,2,Europe,Web
ORD_169,2023-01-11,CUST_322,PROD_97,314.02,2,North America,Mobile
ORD_170,2023-08-17,CUST_477,PROD_12,50.49,1,Europe,Mobile
ORD_171,2023-06-04,CUST_289,PROD_51,192.84,2,Europe,Web
ORD_172,2023-10-08,CUST_39,PROD_54,1283.04,4,North America,Mobile
ORD_173,2023-01-13,CUST_78,PROD_98,290.76,1,Europe,Mobile
ORD_174,2023-04-02,CUST_221,PROD_76,250.24,2,North America,Mobile
ORD_175,2023-05-11,CUST_176,PROD_76,375.36,3,Europe,Mobile
ORD_176,2023-05-19,CUST_432,PROD_14,121.97,1,Europe,Mobile
ORD_177,2023-03-27,CUST_467,PROD_82,218.06,1,Europe,Web
ORD_178,2023-06-22,CUST_262,PROD_40,525.88,2,Europe,Mobile
ORD_179,2023-02-01,CUST_462,PROD_81,1358.1,3,Europe,Web
ORD_180,2023-09-24,CUST_400,PROD_42,894.88,4,North America,Mobile
ORD_181,2023-04-04,CUST_145,PROD_16,873.16,2,Europe,Web
ORD_182,2023-11-13,CUST_200,PROD_95,462.62,2,Asia,Web
ORD_183,2023-12-10,CUST_358,PROD_15,424.51,1,Asia,Web
ORD_184,2023-11-02,CUST_312,PROD_35,456.6,4,Europe,Web
ORD_185,2023-11-27,CUST_306,PROD_34,66.51,1,Europe,Mobile
ORD_186,2023-10-26,CUST_321,PROD_89,35.54,2,North America,Web
ORD_187,2023-01-02,CUST_313,PROD_69,225.0,2,North America,Mobile
ORD_188,2023-09-23,CUST_429,PROD_99,1410.39,3,Europe,Web
ORD_189,2023-11-24,CUST_313,PROD_31,754.38,2,North America,Web
ORD_190,2023-05-21,CUST_368,PROD_21,142.72,4,North America,Mobile
ORD_191,2023-02-12,CUST_432,PROD_32,485.89,1,Europe,Mobile
ORD_192,2023-02-05,CUST_373,PROD_82,872.24,4,North America,Web
ORD_193,2023-11-17,CUST_119,PROD_6,133.1,1,Asia,Web
ORD_194,2023-03-13,CUST_291,PROD_45,438.3,2,North America,Mobile
ORD_195,2023-11-14,CUST_53,PROD_63,31.79,1,Europe,Web
ORD_196,2023-08-27,CUST_494,PROD_22,1492.72,4,Asia,Web
ORD_197,2023-04-11,CUST_445,PROD_40,788.82,3,Asia,Mobile
ORD_198,2023-03-04,CUST_261,PROD_4,470.78,1,Europe,Mobile
ORD_199,2023-01-23,CUST_297,PROD_100,308.16,1,North America,Mobile
ORD_200,2023-10-29,CUST_497,PROD_43,1913.64,4,Asia,Web
ORD_201,2023-10-18,CUST_416,PROD_3,453.37,1,Europe,Web
ORD_202,2023-10-13,CUST_254,PROD_66,1390.92,4,Europe,Web
ORD_203,2023-10-13,CUST_413,PROD_35,456.6,4,Asia,Mobile
ORD_204,2023-08-20,CUST_296,PROD_40,788.82,3,Europe,Web
ORD_205,2023-10-04,CUST_249,PROD_61,73.94,2,Asia,Web
ORD_206,2023-02-12,CUST_168,PROD_84,1193.64,3,North America,Web
ORD_207,2023-03-26,CUST_301,PROD_61,147.88,4,Asia,Web
ORD_208,2023-04-17,CUST_360,PROD_28,738.08,2,Asia,Mobile
ORD_209,2023-05-18,CUST_24,PROD_67,50.76,1,Europe,Web
ORD_210,2023-11-18,CUST_473,PROD_36,194.53,1,Europe,Web
ORD_211,2023-02-27,CUST_435,PROD_52,431.42,2,North America,Web
ORD_212,2023-11-17,CUST_221,PROD_71,130.82,2,North America,Mobile
ORD_213,2023-04-13,CUST_234,PROD_86,1420.62,3,North America,Web
ORD_214,2023-11-17,CUST_268,PROD_42,894.88,4,Asia,Web
ORD_215,2023-11-02,CUST_409,PROD_86,947.08,2,Europe,Mobile
ORD_216,2023-11-16,CUST_40,PROD_13,886.77,3,Europe,Mobile
ORD_217,2023-04-23,CUST_92,PROD_72,1006.2,3,Asia,Mobile
ORD_218,2023-11-10,CUST_93,PROD_17,463.68,1,Europe,Mobile
ORD_219,2023-08-29,CUST_212,PROD_2,575.04,4,Asia,Mobile
ORD_220,2023-10-05,CUST_457,PROD_30,202.36,4,Europe,Web
ORD_221,2023-03-14,CUST_102,PROD_1,610.47,3,Asia,Mobile
ORD_222,2023-12-25,CUST_162,PROD_94,37.15,1,Europe,Web
ORD_223,2023-05-04,CUST_320,PROD_66,695.46,2,North America,Mobile
ORD_224,2023-08-06,CUST_271,PROD_36,1296.84,4,Asia,Mobile
ORD_225,2023-04-02,CUST_229,PROD_5,121.26,1,North America,Mobile
ORD_226,2023-02-22,CUST_72,PROD_21,35.68,1,North America,Web
ORD_227,2023-02-21,CUST_450,PROD_34,133.02,2,Asia,Mobile
ORD_228,2023-04-18,CUST_292,PROD_88,60.96,1,Europe,Mobile
ORD_229,2023-12-08,CUST_416,PROD_31,377.19,1,Europe,Mobile
ORD_230,2023-10-26,CUST_290,PROD_6,399.3,3,North America,Web
ORD_231,2023-09-14,CUST_419,PROD_45,657.45,3,Asia,Web
ORD_232,2023-05-22,CUST_361,PROD_61,110.91,3,Europe,Web
ORD_233,2023-08-18,CUST_472,PROD_58,280.32,3,North America,Web
ORD_234,2023-09-16,CUST_15,PROD_93,1366.04,4,Europe,Web
ORD_235,2023-02-27,CUST_471,PROD_35,228.3,2,Asia,Mobile
ORD_236,2023-01-18,CUST_142,PROD_49,47.1,2,North America,Web
ORD_237,2023-01-19,CUST_269,PROD_82,436.12,2,Asia,Web
ORD_238,2023-02-26,CUST_474,PROD_38,1277.55,3,Europe,Mobile
ORD_239,2023-08-08,CUST_74,PROD_32,485.89,1,Europe,Web
ORD_240,2023-07-07,CUST_401,PROD_20,107.99,1,Europe,Mobile
ORD_241,2023-11-17,CUST_160,PROD_77,1732.64,4,North America,Web
ORD_242,2023-09-17,CUST_141,PROD_16,1309.74,3,North America,Mobile
ORD_243,2023-09-06,CUST_286,PROD_78,1945.44,4,Asia,Web
ORD_244,2023-05-24,CUST_25,PROD_54,962.28,3,North America,Web
ORD_245,2023-03-31,CUST_71,PROD_16,1746.32,4,Asia,Web
ORD_246,2023-03-24,CUST_382,PROD_30,50.59,1,North America,Mobile
ORD_247,2023-04-18,CUST_206,PROD_32,971.78,2,Europe,Web
ORD_248,2023-11-25,CUST_271,PROD_45,219.15,1,Asia,Mobile
ORD_249,2023-06-28,CUST_458,PROD_41,308.97,1,North America,Mobile
ORD_250,2023-12-18,CUST_168,PROD_60,696.32,2,North America,Web
ORD_251,2023-01-17,CUST_276,PROD_42,894.88,4,North America,Web
ORD_252,2023-11-22,CUST_294,PROD_57,1444.08,4,North America,Web
ORD_253,2023-07-20,CUST_246,PROD_8,562.29,3,North America,Web
ORD_254,2023-11-09,CUST_328,PROD_66,347.73,1,Asia,Web
ORD_255,2023-05-07,CUST_40,PROD_44,1481.34,3,Europe,Web
ORD_256,2023-02-04,CUST_26,PROD_69,225.0,2,Asia,Mobile
ORD_257,2023-12-12,CUST_71,PROD_95,231.31,1,Asia,Mobile
ORD_258,2023-09-29,CUST_451,PROD_46,472.56,1,Europe,Mobile
ORD_259,2023-06-25,CUST_360,PROD_55,456.92,2,Asia,Web
ORD_260,2023-04-19,CUST_396,PROD_40,262.94,1,North America,Mobile
ORD_261,2023-01-30,CUST_178,PROD_8,224.92,2,Europe,Web
ORD_262,2023-12-02,CUST_210,PROD_15,1273.53,3,Europe,Web
ORD_263,2023-06-25,CUST_372,PROD_75,1391.96,4,North America,Mobile
ORD_264,2023-01-13,CUST_344,PROD_21,107.04,3,Europe,Mobile
ORD_265,2023-09-25,CUST_275,PROD_32,971.78,2,Europe,Mobile
ORD_266,2023-02-08,CUST_434,PROD_27,864.67,3,Europe,Web
ORD_267,2023-04-01,CUST_142,PROD_85,489.21,1,North America,Web
ORD_268,2023-12-03,CUST_215,PROD_50,1051.02,3,Europe,Mobile
ORD_269,2023-11-17,CUST_429,PROD_85,1467.63,3,Europe,Web
ORD_270,2023-10-05,CUST_159,PROD_67,101.52,2,Europe,Mobile
ORD_271,2023-06-20,CUST_391,PROD_80,1653.48,4,Europe,Mobile
ORD_272,2023-03-13,CUST_322,PROD_79,228.4,4,North America,Mobile
ORD_273,2023-02-01,CUST_223,PROD_24,1006.77,3,Asia,Mobile
ORD_274,2023-12-04,CUST_363,PROD_49,47.1,2,Europe,Mobile
ORD_275,2023-10-11,CUST_242,PROD_71,261.64,4,North America,Web
ORD_276,2023-12-11,CUST_418,PROD_42,223.72,1,Europe,Web
ORD_277,2023-02-21,CUST_319,PROD_59,1351.89,3,Europe,Mobile
ORD_278,2023-07-13,CUST_440,PROD_76,125.12,1,Asia,Mobile
ORD_279,2023-03-28,CUST_383,PROD_63,52.98,1,Asia,Mobile
ORD_280,2023-07-13,CUST_236,PROD_91,1444.56,3,North America,Mobile
ORD_281,2023-11-08,CUST_434,PROD_56,218.45,1,Europe,Web
ORD_282,2023-03-21,CUST_473,PROD_9,51.66,3,Europe,Web
ORD_283,2023-08-11,CUST_82,PROD_9,10.33,1,Europe,Web
ORD_284,2023-06-07,CUST_11,PROD_11,353.14,2,Asia,Web
ORD_285,2023-07-23,CUST_258,PROD_30,50.59,1,Europe,Web
ORD_286,2023-11-13,CUST_225,PROD_75,695.98,2,Europe,Web
ORD_287,2023-05-07,CUST_364,PROD_8,749.72,4,North America,Mobile
ORD_288,2023-11-28,CUST_207,PROD_41,741.53,4,Europe,Web
ORD_289,2023-04-16,CUST_469,PROD_66,695.46,2,North America,Mobile
ORD_290,2023-04-15,CUST_32,PROD_58,186.88,2,Asia,Mobile
ORD_291,2023-10-16,CUST_172,PROD_81,1810.8,4,North America,Web
ORD_292,2023-08-21,CUST_38,PROD_15,1698.04,4,North America,Mobile
ORD_293,2023-11-25,CUST_3,PROD_30,50.59,1,Europe,Mobile
ORD_294,2023-07-06,CUST_100,PROD_31,1131.57,3,Asia,Web
ORD_295,2023-06-19,CUST_398,PROD_38,851.7,2,Europe,Web
ORD_296,2023-09-01,CUST_394,PROD_67,50.76,1,Europe,Web
ORD_297,2023-09-20,CUST_448,PROD_79,171.3,3,Europe,Mobile
ORD_298,2023-04-09,CUST_261,PROD_31,678.94,3,Europe,Mobile
ORD_299,2023-01-30,CUST_43,PROD_93,1024.53,3,North America,Web
ORD_300,2023-09-20,CUST_314,PROD_57,361.02,1,Europe,Web
ORD_301,2023-06-18,CUST_329,PROD_60,1044.48,3,North America,Mobile
ORD_302,2023-11-19,CUST_148,PROD_50,700.68,2,Europe,Mobile
ORD_303,2023-09-17,CUST_15,PROD_67,152.28,3,Europe,Mobile
ORD_304,2023-08-21,CUST_488,PROD_61,36.97,1,Europe,Web
ORD_305,2023-07-14,CUST_44,PROD_94,185.76,3,Europe,Mobile
ORD_306,2023-08-06,CUST_448,PROD_3,1813.48,4,Europe,Web
ORD_307,2023-07-20,CUST_158,PROD_25,240.52,4,Europe,Web
ORD_308,2023-02-14,CUST_179,PROD_3,1360.11,3,Europe,Mobile
ORD_309,2023-08-02,CUST_137,PROD_26,1049.92,4,Asia,Web
ORD_310,2023-08-27,CUST_361,PROD_76,500.48,4,Europe,Mobile
ORD_311,2023-06-12,CUST_27,PROD_31,1131.57,3,Europe,Web
ORD_312,2023-10-27,CUST_208,PROD_69,450.0,4,Europe,Mobile
ORD_313,2023-03-28,CUST_393,PROD_47,239.04,1,Europe,Web
ORD_314,2023-02-28,CUST_88,PROD_26,524.96,2,Europe,Mobile
ORD_315,2023-01-11,CUST_127,PROD_23,42.5,1,North America,Mobile
ORD_316,2023-07-07,CUST_444,PROD_92,1231.28,4,Europe,Web
ORD_317,2023-10-06,CUST_349,PROD_20,107.99,1,Europe,Web
ORD_318,2023-11-28,CUST_176,PROD_11,353.14,2,Europe,Mobile
ORD_319,2023-04-19,CUST_451,PROD_84,1193.64,3,Europe,Mobile
ORD_320,2023-01-27,CUST_275,PROD_34,133.02,2,Europe,Mobile
ORD_321,2023-08-05,CUST_8,PROD_60,1392.64,4,Europe,Web
ORD_322,2023-08-04,CUST_304,PROD_45,438.3,2,Europe,Web
ORD_323,2023-11-16,CUST_494,PROD_75,1043.97,3,Asia,Web
ORD_324,2023-07-03,CUST_435,PROD_7,243.28,1,North America,Web
ORD_325,2023-07-02,CUST_228,PROD_82,872.24,4,North America,Mobile
ORD_326,2023-01-22,CUST_401,PROD_54,641.52,2,Europe,Web
ORD_327,2023-06-28,CUST_245,PROD_97,157.01,1,Europe,Mobile
ORD_328,2023-08-19,CUST_452,PROD_77,1299.48,3,Europe,Web
ORD_329,2023-09-06,CUST_421,PROD_66,1043.19,3,North America,Mobile
ORD_330,2023-12-11,CUST_292,PROD_1,203.49,1,Europe,Web
ORD_331,2023-12-21,CUST_149,PROD_53,139.08,2,Europe,Web
ORD_332,2023-07-28,CUST_298,PROD_53,69.54,1,North America,Mobile
ORD_333,2023-03-26,CUST_466,PROD_52,431.42,2,North America,Mobile
ORD_334,2023-04-28,CUST_368,PROD_50,1051.02,3,North America,Web
ORD_335,2023-05-14,CUST_121,PROD_42,447.44,2,Europe,Web
ORD_336,2023-03-12,CUST_371,PROD_43,1435.23,3,North America,Web
ORD_337,2023-01-12,CUST_189,PROD_65,213.47,1,Asia,Web
ORD_338,2023-01-20,CUST_401,PROD_84,1591.52,4,Europe,Mobile
ORD_339,2023-09-20,CUST_42,PROD_2,172.51,2,Europe,Web
ORD_340,2023-03-13,CUST_467,PROD_15,849.02,2,Europe,Mobile
ORD_341,2023-06-21,CUST_191,PROD_27,1441.11,3,Asia,Web
ORD_342,2023-05-26,CUST_361,PROD_28,664.27,3,Europe,Web
ORD_343,2023-06-18,CUST_146,PROD_24,1342.36,4,Europe,Mobile
ORD_344,2023-12-16,CUST_332,PROD_75,1043.97,3,North America,Mobile
ORD_345,2023-05-12,CUST_253,PROD_2,143.76,1,North America,Mobile
ORD_346,2023-01-11,CUST_258,PROD_96,204.08,1,Europe,Mobile
ORD_347,2023-01-10,CUST_401,PROD_44,493.78,1,Europe,Web
ORD_348,2023-11-01,CUST_196,PROD_91,963.04,2,Europe,Web
ORD_349,2023-03-23,CUST_106,PROD_86,1894.16,4,North America,Mobile
ORD_350,2023-01-17,CUST_364,PROD_32,1457.67,3,North America,Web
ORD_351,2023-02-28,CUST_417,PROD_91,963.04,2,Asia,Mobile
ORD_352,2023-12-22,CUST_346,PROD_10,358.57,1,Asia,Web
ORD_353,2023-04-05,CUST_240,PROD_86,1420.62,3,North America,Web
ORD_354,2023-05-27,CUST_159,PROD_73,249.84,2,Europe,Web
ORD_355,2023-08-12,CUST_423,PROD_64,1248.64,4,Europe,Mobile
ORD_356,2023-08-10,CUST_134,PROD_89,71.08,4,Europe,Mobile
ORD_357,2023-02-09,CUST_269,PROD_37,1497.09,3,Asia,Mobile
ORD_358,2023-01-23,CUST_10,PROD_61,73.94,2,Europe,Mobile
ORD_359,2023-03-08,CUST_349,PROD_90,489.08,1,Europe,Mobile
ORD_360,2023-08-23,CUST_374,PROD_57,1083.06,3,Europe,Mobile
ORD_361,2023-10-02,CUST_227,PROD_48,877.11,3,Asia,Web
ORD_362,2023-08-15,CUST_128,PROD_73,124.92,1,North America,Web
ORD_363,2023-04-23,CUST_254,PROD_98,174.46,1,Europe,Web
ORD_364,2023-06-22,CUST_222,PROD_37,598.84,2,Europe,Mobile
ORD_365,2023-03-25,CUST_374,PROD_30,151.77,3,Europe,Web
ORD_366,2023-10-16,CUST_264,PROD_44,987.56,2,Asia,Mobile
ORD_367,2023-10-23,CUST_423,PROD_4,941.56,2,Europe,Web
ORD_368,2023-04-20,CUST_38,PROD_73,499.68,4,North America,Mobile
ORD_369,2023-02-23,CUST_322,PROD_86,1894.16,4,North America,Mobile
ORD_370,2023-02-13,CUST_38,PROD_56,218.45,1,North America,Mobile
ORD_371,2023-10-28,CUST_174,PROD_28,738.08,2,North America,Mobile
ORD_372,2023-08-05,CUST_117,PROD_67,30.46,1,Europe,Web
ORD_373,2023-10-08,CUST_224,PROD_55,913.84,4,North America,Web
ORD_374,2023-09-19,CUST_130,PROD_78,486.36,1,Europe,Web
ORD_375,2023-04-21,CUST_483,PROD_77,433.16,1,Europe,Web
ORD_376,2023-03-28,CUST_290,PROD_22,1492.72,4,North America,Mobile
ORD_377,2023-11-11,CUST_264,PROD_19,364.77,1,Asia,Mobile
ORD_378,2023-07-07,CUST_26,PROD_84,1193.64,3,Asia,Mobile
ORD_379,2023-03-21,CUST_361,PROD_3,906.74,2,Europe,Mobile
ORD_380,2023-11-17,CUST_120,PROD_17,927.36,2,Europe,Mobile
ORD_381,2023-07-04,CUST_81,PROD_16,873.16,2,North America,Mobile
ORD_382,2023-01-28,CUST_262,PROD_56,655.35,3,Europe,Web
ORD_383,2023-02-15,CUST_422,PROD_20,431.96,4,Europe,Web
ORD_384,2023-02-22,CUST_436,PROD_94,247.68,4,Europe,Mobile
ORD_385,2023-06-20,CUST_131,PROD_73,374.76,3,North America,Mobile
ORD_386,2023-09-01,CUST_210,PROD_90,1467.24,3,Europe,Web
ORD_387,2023-05-22,CUST_211,PROD_4,470.78,1,Europe,Mobile
ORD_388,2023-04-04,CUST_452,PROD_44,987.56,2,Europe,Web
ORD_389,2023-01-18,CUST_229,PROD_88,60.96,1,North America,Mobile
ORD_390,2023-07-08,CUST_42,PROD_30,101.18,2,Europe,Web
ORD_391,2023-01-18,CUST_333,PROD_52,129.43,1,Europe,Web
ORD_392,2023-03-23,CUST_500,PROD_56,655.35,3,Europe,Mobile
ORD_393,2023-04-05,CUST_94,PROD_76,75.07,1,Europe,Mobile
ORD_394,2023-12-23,CUST_306,PROD_52,431.42,2,Europe,Mobile
ORD_395,2023-11-28,CUST_67,PROD_4,941.56,2,Asia,Mobile
ORD_396,2023-06-22,CUST_158,PROD_29,381.78,3,Europe,Mobile
ORD_397,2023-05-17,CUST_286,PROD_90,1956.32,4,Asia,Mobile
ORD_398,2023-12-01,CUST_204,PROD_16,1746.32,4,Europe,Mobile
ORD_399,2023-03-07,CUST_304,PROD_64,624.32,2,Europe,Mobile
ORD_400,2023-03-27,CUST_450,PROD_25,60.13,1,Asia,Web
ORD_401,2023-03-23,CUST_225,PROD_63,52.98,1,Europe,Web
ORD_402,2023-11-03,CUST_101,PROD_17,1391.04,3,Europe,Mobile
ORD_403,2023-05-17,CUST_235,PROD_33,811.48,2,Europe,Web
ORD_404,2023-08-06,CUST_410,PROD_13,886.77,3,Europe,Web
ORD_405,2023-05-07,CUST_387,PROD_100,369.79,2,Europe,Mobile
ORD_406,2023-05-18,CUST_87,PROD_63,211.92,4,Asia,Web
ORD_407,2023-03-18,CUST_36,PROD_52,431.42,2,North America,Web
ORD_408,2023-02-12,CUST_232,PROD_80,1240.11,3,Europe,Mobile
ORD_409,2023-05-08,CUST_93,PROD_54,641.52,2,Europe,Web
ORD_410,2023-03-12,CUST_485,PROD_3,453.37,1,Asia,Mobile
ORD_411,2023-10-09,CUST_117,PROD_25,120.26,2,Europe,Web
ORD_412,2023-10-13,CUST_72,PROD_56,873.8,4,North America,Mobile
ORD_413,2023-05-12,CUST_460,PROD_51,96.42,1,Europe,Web
ORD_414,2023-03-26,CUST_10,PROD_14,365.91,3,Europe,Mobile
ORD_415,2023-01-20,CUST_276,PROD_96,408.16,2,North America,Web
ORD_416,2023-10-12,CUST_163,PROD_77,1732.64,4,North America,Web
ORD_417,2023-01-04,CUST_486,PROD_6,159.72,2,Europe,Web
ORD_418,2023-12-23,CUST_321,PROD_83,645.7,2,North America,Web
ORD_419,2023-03-01,CUST_302,PROD_73,374.76,3,Asia,Mobile
ORD_420,2023-09-07,CUST_315,PROD_19,364.77,1,Europe,Web
ORD_421,2023-10-23,CUST_285,PROD_51,96.42,1,North America,Web
ORD_422,2023-01-07,CUST_190,PROD_51,289.26,3,Europe,Web
ORD_423,2023-04-12,CUST_485,PROD_72,335.4,1,Asia,Web
ORD_424,2023-08-08,CUST_342,PROD_60,417.79,2,Europe,Web
ORD_425,2023-05-13,CUST_24,PROD_62,163.43,2,Europe,Web
ORD_426,2023-08-30,CUST_145,PROD_74,316.76,4,Europe,Web
ORD_427,2023-10-04,CUST_293,PROD_33,1217.22,3,Europe,Web
ORD_428,2023-08-17,CUST_420,PROD_74,316.76,4,Asia,Web
ORD_429,2023-03-14,CUST_36,PROD_21,107.04,3,North America,Mobile
ORD_430,2023-08-03,CUST_500,PROD_91,577.82,2,Europe,Mobile
ORD_431,2023-04-22,CUST_176,PROD_32,485.89,1,Europe,Web
ORD_432,2023-11-27,CUST_166,PROD_7,729.84,3,Asia,Mobile
ORD_433,2023-12-11,CUST_261,PROD_74,95.03,2,Europe,Web
ORD_434,2023-05-30,CUST_320,PROD_18,232.14,1,North America,Mobile
ORD_435,2023-08-21,CUST_219,PROD_33,1217.22,3,North America,Mobile
ORD_436,2023-01-23,CUST_43,PROD_27,1921.48,4,North America,Web
ORD_437,2023-11-18,CUST_143,PROD_61,73.94,2,Europe,Web
ORD_438,2023-07-03,CUST_317,PROD_25,120.26,2,Asia,Web
ORD_439,2023-08-16,CUST_101,PROD_96,612.24,3,Europe,Mobile
ORD_440,2023-11-30,CUST_481,PROD_99,1880.52,4,North America,Mobile
ORD_441,2023-09-09,CUST_140,PROD_88,182.88,3,Europe,Web
ORD_442,2023-08-15,CUST_71,PROD_52,862.84,4,Asia,Mobile
ORD_443,2023-09-20,CUST_301,PROD_83,645.7,2,Asia,Web
ORD_444,2023-07-05,CUST_294,PROD_99,1880.52,4,North America,Mobile
ORD_445,2023-11-01,CUST_130,PROD_18,417.85,3,Europe,Web
ORD_446,2023-01-10,CUST_490,PROD_10,717.14,2,North America,Mobile
ORD_447,2023-06-30,CUST_456,PROD_100,184.9,1,Europe,Mobile
ORD_448,2023-04-23,CUST_352,PROD_56,218.45,1,Europe,Mobile
ORD_449,2023-10-19,CUST_126,PROD_86,473.54,1,North America,Web
ORD_450,2023-01-08,CUST_303,PROD_10,717.14,2,Asia,Mobile
ORD_451,2023-01-18,CUST_350,PROD_35,228.3,2,Asia,Mobile
ORD_452,2023-04-27,CUST_123,PROD_70,36.39,1,Asia,Mobile
ORD_453,2023-10-10,CUST_121,PROD_11,529.71,3,Europe,Web
ORD_454,2023-09-06,CUST_488,PROD_22,373.18,1,Europe,Web
ORD_455,2023-02-17,CUST_152,PROD_59,270.38,1,Europe,Mobile
ORD_456,2023-10-28,CUST_103,PROD_33,811.48,2,Europe,Mobile
ORD_457,2023-06-05,CUST_296,PROD_83,581.13,3,Europe,Web
ORD_458,2023-04-12,CUST_269,PROD_17,1854.72,4,Asia,Web
ORD_459,2023-08-25,CUST_461,PROD_87,1443.84,3,Europe,Web
ORD_460,2023-04-13,CUST_316,PROD_90,978.16,2,North America,Mobile
ORD_461,2023-02-19,CUST_304,PROD_4,1412.34,3,Europe,Mobile
ORD_462,2023-04-20,CUST_390,PROD_52,215.71,1,Asia,Mobile
ORD_463,2023-02-15,CUST_282,PROD_13,886.77,3,North America,Web
ORD_464,2023-12-30,CUST_208,PROD_81,452.7,1,Europe,Mobile
ORD_465,2023-09-30,CUST_154,PROD_12,50.49,1,Asia,Mobile
ORD_466,2023-07-11,CUST_245,PROD_89,10.66,1,Europe,Web
ORD_467,2023-02-20,CUST_362,PROD_35,342.45,3,Europe,Web
ORD_468,2023-05-02,CUST_499,PROD_54,384.91,2,Europe,Web
ORD_469,2023-04-11,CUST_265,PROD_32,485.89,1,North America,Web
ORD_470,2023-02-06,CUST_483,PROD_30,91.06,3,Europe,Web
ORD_471,2023-09-12,CUST_209,PROD_75,626.38,3,Europe,Mobile
ORD_472,2023-05-02,CUST_179,PROD_56,524.28,4,Europe,Mobile
ORD_473,2023-08-18,CUST_263,PROD_70,145.56,4,Asia,Mobile
ORD_474,2023-02-01,CUST_385,PROD_41,926.91,3,North America,Mobile
ORD_475,2023-06-25,CUST_274,PROD_16,873.16,2,Asia,Web
ORD_476,2023-07-31,CUST_303,PROD_40,262.94,1,Asia,Mobile
ORD_477,2023-03-28,CUST_297,PROD_12,100.98,2,North America,Web
ORD_478,2023-09-12,CUST_67,PROD_58,93.44,1,Asia,Web
ORD_479,2023-05-30,CUST_328,PROD_86,473.54,1,Asia,Mobile
ORD_480,2023-09-03,CUST_141,PROD_87,481.28,1,North America,Mobile
ORD_481,2023-04-30,CUST_100,PROD_86,473.54,1,Asia,Web
ORD_482,2023-08-21,CUST_253,PROD_75,347.99,1,North America,Web
ORD_483,2023-02-20,CUST_179,PROD_44,1975.12,4,Europe,Web
ORD_484,2023-08-28,CUST_317,PROD_3,453.37,1,Asia,Web
ORD_485,2023-02-04,CUST_141,PROD_52,647.13,3,North America,Mobile
ORD_486,2023-05-20,CUST_215,PROD_80,826.74,2,Europe,Mobile
ORD_487,2023-08-22,CUST_99,PROD_81,1358.1,3,Europe,Web
ORD_488,2023-02-23,CUST_364,PROD_62,136.19,1,North America,Web
ORD_489,2023-02-05,CUST_221,PROD_91,1926.08,4,North America,Web
ORD_490,2023-03-25,CUST_327,PROD_79,228.4,4,Asia,Mobile
ORD_491,2023-05-30,CUST_229,PROD_15,1273.53,3,North America,Web
ORD_492,2023-01-12,CUST_238,PROD_76,500.48,4,North America,Web
ORD_493,2023-05-18,CUST_197,PROD_48,1169.48,4,Europe,Mobile
ORD_494,2023-12-08,CUST_274,PROD_30,202.36,4,Asia,Mobile
ORD_495,2023-06-15,CUST_347,PROD_44,1975.12,4,Europe,Mobile
ORD_496,2023-05-26,CUST_215,PROD_95,925.24,4,Europe,Web
ORD_497,2023-06-09,CUST_73,PROD_28,369.04,1,Asia,Web
ORD_498,2023-09-28,CUST_86,PROD_42,268.46,2,Europe,Mobile
ORD_499,2023-03-11,CUST_490,PROD_61,36.97,1,North America,Mobile
ORD_500,2023-03-21,CUST_227,PROD_35,114.15,1,Asia,Web
ORD_501,2023-10-02,CUST_118,PROD_13,886.77,3,Europe,Mobile
ORD_502,2023-10-27,CUST_286,PROD_53,69.54,1,Asia,Mobile
ORD_503,2023-10-18,CUST_187,PROD_48,1169.48,4,North America,Mobile
ORD_504,2024-01-01,CUST_427,PROD_50,1051.02,3,North America,Web
ORD_505,2023-12-23,CUST_284,PROD_17,1854.72,4,Europe,Web
ORD_506,2023-06-23,CUST_377,PROD_68,214.06,3,Europe,Web
ORD_507,2023-09-13,CUST_493,PROD_69,112.5,1,North America,Mobile
ORD_508,2023-06-30,CUST_29,PROD_64,312.16,1,Asia,Mobile
ORD_509,2023-02-18,CUST_298,PROD_19,1459.08,4,North America,Web
ORD_510,2023-10-20,CUST_191,PROD_6,133.1,1,Asia,Web
ORD_511,2023-01-30,CUST_413,PROD_23,127.5,3,Asia,Mobile
ORD_512,2023-06-10,CUST_457,PROD_4,282.47,1,Europe,Mobile
ORD_513,2023-08-01,CUST_153,PROD_49,70.65,3,North America,Web
ORD_514,2023-03-24,CUST_165,PROD_43,956.82,2,Europe,Web
ORD_515,2023-09-17,CUST_13,PROD_46,1890.24,4,North America,Mobile
ORD_516,2023-03-10,CUST_383,PROD_26,1049.92,4,Asia,Web
ORD_517,2023-12-29,CUST_331,PROD_52,431.42,2,Asia,Mobile
ORD_518,2023-08-06,CUST_470,PROD_75,695.98,2,Europe,Mobile
ORD_519,2023-07-01,CUST_310,PROD_36,972.63,3,Europe,Web
ORD_520,2023-10-14,CUST_48,PROD_97,157.01,1,North America,Mobile
ORD_521,2023-06-25,CUST_427,PROD_41,1235.88,4,North America,Mobile
ORD_522,2023-07-01,CUST_173,PROD_15,1698.04,4,Asia,Mobile
ORD_523,2023-07-09,CUST_184,PROD_13,1182.36,4,Asia,Web
ORD_524,2023-06-02,CUST_319,PROD_42,894.88,4,Europe,Web
ORD_525,2023-11-27,CUST_89,PROD_48,584.74,2,Europe,Web
ORD_526,2023-08-02,CUST_484,PROD_32,1457.67,3,North America,Web
ORD_527,2023-03-12,CUST_118,PROD_66,208.64,1,Europe,Mobile
ORD_528,2023-11-28,CUST_124,PROD_3,906.74,2,Asia,Mobile
ORD_529,2023-02-08,CUST_350,PROD_79,171.3,3,Asia,Mobile
ORD_530,2023-02-27,CUST_137,PROD_39,788.4,4,Asia,Web
ORD_531,2023-05-27,CUST_277,PROD_72,670.8,2,North America,Web
ORD_532,2023-11-30,CUST_357,PROD_70,72.78,2,Asia,Web
ORD_533,2023-04-06,CUST_448,PROD_36,1296.84,4,Europe,Web
ORD_534,2023-07-23,CUST_480,PROD_59,1802.52,4,Europe,Mobile
ORD_535,2023-01-23,CUST_396,PROD_53,139.08,2,North America,Web
ORD_536,2023-09-07,CUST_391,PROD_94,111.46,3,Europe,Web
ORD_537,2023-08-11,CUST_388,PROD_92,307.82,1,Asia,Mobile
ORD_538,2023-01-04,CUST_176,PROD_87,577.54,2,Europe,Mobile
ORD_539,2023-09-06,CUST_2,PROD_55,456.92,2,North America,Web
ORD_540,2023-10-29,CUST_451,PROD_49,70.65,3,Europe,Mobile
ORD_541,2023-07-15,CUST_77,PROD_46,1417.68,3,Europe,Web
ORD_542,2023-12-12,CUST_448,PROD_76,500.48,4,Europe,Web
ORD_543,2023-02-10,CUST_347,PROD_30,202.36,4,Europe,Mobile
ORD_544,2023-09-26,CUST_392,PROD_30,101.18,2,Europe,Web
ORD_545,2023-02-24,CUST_461,PROD_29,381.78,3,Europe,Web
ORD_546,2023-04-18,CUST_217,PROD_23,170.0,4,North America,Web
ORD_547,2023-11-20,CUST_94,PROD_19,1094.31,3,Europe,Mobile
ORD_548,2023-10-13,CUST_457,PROD_92,923.46,3,Europe,Web
ORD_549,2023-06-21,CUST_295,PROD_39,591.3,3,Asia,Mobile
ORD_550,2023-05-09,CUST_269,PROD_39,788.4,4,Asia,Web
ORD_551,2023-01-06,CUST_401,PROD_70,36.39,1,Europe,Web
ORD_552,2023-07-04,CUST_500,PROD_61,44.36,2,Europe,Web
ORD_553,2023-01-07,CUST_400,PROD_82,218.06,1,North America,Mobile
ORD_554,2023-07-15,CUST_421,PROD_17,1854.72,4,North America,Mobile
ORD_555,2023-10-13,CUST_493,PROD_14,365.91,3,North America,Mobile
ORD_556,2023-02-21,CUST_46,PROD_65,213.47,1,Asia,Web
ORD_557,2023-10-02,CUST_420,PROD_43,1913.64,4,Asia,Mobile
ORD_558,2023-11-13,CUST_408,PROD_12,201.96,4,Asia,Mobile
ORD_559,2023-10-30,CUST_442,PROD_11,706.28,4,Europe,Mobile
ORD_560,2024-01-01,CUST_383,PROD_5,485.04,4,Asia,Web
ORD_561,2023-05-06,CUST_45,PROD_85,1467.63,3,Asia,Web
ORD_562,2023-08-17,CUST_221,PROD_1,203.49,1,North America,Mobile
ORD_563,2023-02-04,CUST_137,PROD_44,1481.34,3,Asia,Web
ORD_564,2023-05-16,CUST_220,PROD_56,218.45,1,Europe,Mobile
ORD_565,2023-08-31,CUST_158,PROD_67,101.52,2,Europe,Web
ORD_566,2023-01-19,CUST_257,PROD_23,42.5,1,Europe,Web
ORD_567,2023-01-08,CUST_225,PROD_23,42.5,1,Europe,Mobile
ORD_568,2023-07-06,CUST_434,PROD_44,1481.34,3,Europe,Web
ORD_569,2023-06-14,CUST_395,PROD_96,816.32,4,Asia,Web
ORD_570,2023-12-17,CUST_356,PROD_18,464.28,2,Europe,Mobile
ORD_571,2023-12-22,CUST_463,PROD_100,308.16,1,Europe,Web
ORD_572,2023-05-26,CUST_421,PROD_18,232.14,1,North America,Web
ORD_573,2023-05-21,CUST_131,PROD_33,1622.96,4,North America,Mobile
ORD_574,2023-12-01,CUST_212,PROD_60,1044.48,3,Asia,Mobile
ORD_575,2023-06-15,CUST_63,PROD_74,237.57,3,Europe,Mobile
ORD_576,2023-10-16,CUST_136,PROD_93,341.51,1,North America,Mobile
ORD_577,2023-02-14,CUST_116,PROD_37,1996.12,4,Asia,Web
ORD_578,2023-05-05,CUST_330,PROD_80,826.74,2,Europe,Web
ORD_579,2023-03-27,CUST_341,PROD_40,525.88,2,North America,Mobile
ORD_580,2023-07-23,CUST_136,PROD_17,1854.72,4,North America,Web
ORD_581,2023-06-01,CUST_394,PROD_79,228.4,4,Europe,Web
ORD_582,2023-10-23,CUST_303,PROD_6,133.1,1,Asia,Web
ORD_583,2023-08-30,CUST_395,PROD_47,717.12,3,Asia,Web
ORD_584,2023-11-12,CUST_53,PROD_74,158.38,2,Europe,Mobile
ORD_585,2023-10-23,CUST_464,PROD_43,1435.23,3,Asia,Mobile
ORD_586,2023-10-11,CUST_33,PROD_24,671.18,2,Europe,Web
ORD_587,2023-06-21,CUST_174,PROD_52,647.13,3,North America,Web
ORD_588,2023-07-14,CUST_227,PROD_44,1481.34,3,Asia,Web
ORD_589,2023-03-11,CUST_17,PROD_31,754.38,2,Europe,Web
ORD_590,2023-12-06,CUST_47,PROD_86,473.54,1,Europe,Web
ORD_591,2023-07-20,CUST_25,PROD_23,85.0,2,North America,Web
ORD_592,2023-03-09,CUST_223,PROD_50,1051.02,3,Asia,Web
ORD_593,2023-08-02,CUST_58,PROD_92,923.46,3,Asia,Mobile
ORD_594,2023-09-08,CUST_88,PROD_92,184.69,1,Europe,Web
ORD_595,2023-05-01,CUST_349,PROD_18,557.14,4,Europe,Mobile
ORD_596,2023-09-02,CUST_236,PROD_76,375.36,3,North America,Web
ORD_597,2023-02-14,CUST_19,PROD_52,647.13,3,Europe,Mobile
ORD_598,2023-05-01,CUST_206,PROD_22,373.18,1,Europe,Web
ORD_599,2023-07-15,CUST_90,PROD_62,408.57,3,Europe,Web
ORD_600,2023-05-12,CUST_435,PROD_4,470.78,1,North America,Mobile
ORD_601,2023-03-26,CUST_163,PROD_41,617.94,2,North America,Web
ORD_602,2023-05-17,CUST_25,PROD_2,143.76,1,North America,Web
ORD_603,2023-12-09,CUST_183,PROD_43,1435.23,3,North America,Mobile
ORD_604,2023-11-30,CUST_159,PROD_72,1006.2,3,Europe,Web
ORD_605,2023-04-27,CUST_59,PROD_11,529.71,3,Asia,Mobile
ORD_606,2023-05-15,CUST_69,PROD_13,591.18,2,Europe,Mobile
ORD_607,2023-12-25,CUST_11,PROD_63,52.98,1,Asia,Mobile
ORD_608,2023-05-08,CUST_214,PROD_18,464.28,2,North America,Mobile
ORD_609,2023-05-30,CUST_404,PROD_18,417.85,3,Europe,Web
ORD_610,2023-06-29,CUST_208,PROD_64,936.48,3,Europe,Mobile
ORD_611,2023-01-05,CUST_110,PROD_58,186.88,2,North America,Web
ORD_612,2023-05-13,CUST_250,PROD_70,109.17,3,North America,Web
ORD_613,2023-08-25,CUST_247,PROD_20,323.97,3,North America,Web
ORD_614,2023-02-22,CUST_492,PROD_99,940.26,2,North America,Web
ORD_615,2023-09-11,CUST_185,PROD_25,180.39,3,Asia,Mobile
ORD_616,2023-05-03,CUST_119,PROD_8,562.29,3,Asia,Mobile
ORD_617,2023-03-16,CUST_24,PROD_15,1273.53,3,Europe,Web
ORD_618,2023-01-04,CUST_251,PROD_62,136.19,1,Asia,Mobile
ORD_619,2023-09-14,CUST_198,PROD_66,695.46,2,Europe,Web
ORD_620,2023-08-28,CUST_411,PROD_96,408.16,2,North America,Web
ORD_621,2023-03-10,CUST_300,PROD_79,102.78,3,Europe,Mobile
ORD_622,2023-04-26,CUST_75,PROD_16,436.58,1,North America,Mobile
ORD_623,2023-10-02,CUST_247,PROD_98,1163.04,4,North America,Web
ORD_624,2023-10-20,CUST_160,PROD_99,1880.52,4,North America,Mobile
ORD_625,2023-01-29,CUST_196,PROD_26,1049.92,4,Europe,Mobile
ORD_626,2023-12-13,CUST_31,PROD_64,749.18,4,Europe,Mobile
ORD_627,2023-03-16,CUST_245,PROD_31,377.19,1,Europe,Web
ORD_628,2023-11-08,CUST_490,PROD_40,1051.76,4,North America,Mobile
ORD_629,2023-03-12,CUST_127,PROD_66,1390.92,4,North America,Mobile
ORD_630,2023-07-28,CUST_498,PROD_65,853.88,4,North America,Mobile
ORD_631,2023-08-14,CUST_59,PROD_61,147.88,4,Asia,Mobile
ORD_632,2023-04-18,CUST_5,PROD_75,347.99,1,Europe,Web
ORD_633,2023-09-27,CUST_332,PROD_63,158.94,3,North America,Mobile
ORD_634,2023-11-13,CUST_116,PROD_81,1358.1,3,Asia,Mobile
ORD_635,2023-11-07,CUST_411,PROD_12,100.98,2,North America,Mobile
ORD_636,2023-08-17,CUST_78,PROD_82,436.12,2,Europe,Mobile
ORD_637,2023-10-20,CUST_155,PROD_38,1277.55,3,North America,Mobile
ORD_638,2023-11-17,CUST_271,PROD_5,363.78,3,Asia,Mobile
ORD_639,2023-05-15,CUST_294,PROD_68,356.76,3,North America,Web
ORD_640,2023-10-10,CUST_475,PROD_62,81.71,1,Europe,Mobile
ORD_641,2023-12-20,CUST_480,PROD_54,320.76,1,Europe,Mobile
ORD_642,2023-04-14,CUST_386,PROD_88,60.96,1,North America,Mobile
ORD_643,2023-10-29,CUST_460,PROD_41,1235.88,4,Europe,Mobile
ORD_644,2023-04-11,CUST_454,PROD_27,1441.11,3,North America,Web
ORD_645,2023-05-05,CUST_105,PROD_17,463.68,1,Europe,Mobile
ORD_646,2023-08-11,CUST_32,PROD_98,290.76,1,Asia,Web
ORD_647,2023-07-09,CUST_302,PROD_41,617.94,2,Asia,Web
ORD_648,2023-03-23,CUST_269,PROD_46,1890.24,4,Asia,Mobile
ORD_649,2023-08-10,CUST_93,PROD_67,50.76,1,Europe,Mobile
ORD_650,2023-02-06,CUST_444,PROD_7,291.94,2,Europe,Mobile
ORD_651,2023-01-06,CUST_122,PROD_51,192.84,2,Europe,Mobile
ORD_652,2023-09-25,CUST_321,PROD_50,700.68,2,North America,Mobile
ORD_653,2023-07-03,CUST_374,PROD_84,716.18,3,Europe,Web
ORD_654,2023-04-10,CUST_261,PROD_28,221.42,1,Europe,Mobile
ORD_655,2023-12-22,CUST_62,PROD_35,456.6,4,Asia,Web
ORD_656,2023-07-25,CUST_298,PROD_55,456.92,2,North America,Mobile
ORD_657,2023-05-01,CUST_170,PROD_75,347.99,1,North America,Web
ORD_658,2023-10-24,CUST_465,PROD_99,1880.52,4,Asia,Web
ORD_659,2023-10-28,CUST_484,PROD_77,433.16,1,North America,Mobile
ORD_660,2023-12-18,CUST_287,PROD_46,1417.68,3,Europe,Mobile
ORD_661,2023-05-06,CUST_68,PROD_36,972.63,3,Asia,Web
ORD_662,2023-12-03,CUST_391,PROD_96,408.16,2,Europe,Web
ORD_663,2023-02-02,CUST_12,PROD_69,337.5,3,Europe,Mobile
ORD_664,2023-01-20,CUST_375,PROD_17,463.68,1,Asia,Mobile
ORD_665,2023-04-30,CUST_90,PROD_51,385.68,4,Europe,Web
ORD_666,2023-04-16,CUST_176,PROD_69,225.0,2,Europe,Mobile
ORD_667,2023-08-27,CUST_327,PROD_6,266.2,2,Asia,Web
ORD_668,2023-06-03,CUST_84,PROD_21,142.72,4,Europe,Web
ORD_669,2023-01-25,CUST_14,PROD_55,913.84,4,Europe,Web
ORD_670,2023-09-01,CUST_70,PROD_38,1022.04,4,Europe,Web
ORD_671,2023-07-10,CUST_326,PROD_87,962.56,2,Asia,Web
ORD_672,2023-11-29,CUST_17,PROD_16,1309.74,3,Europe,Mobile
ORD_673,2023-05-01,CUST_19,PROD_86,473.54,1,Europe,Web
ORD_674,2023-02-05,CUST_306,PROD_22,1492.72,4,Europe,Web
ORD_675,2023-10-19,CUST_302,PROD_43,1913.64,4,Asia,Web
ORD_676,2023-03-12,CUST_208,PROD_35,228.3,2,Europe,Web
ORD_677,2023-09-18,CUST_112,PROD_2,431.28,3,Europe,Web
ORD_678,2023-07-23,CUST_50,PROD_77,433.16,1,Europe,Web
ORD_679,2023-07-13,CUST_473,PROD_82,654.18,3,Europe,Mobile
ORD_680,2023-08-01,CUST_37,PROD_86,1894.16,4,Asia,Mobile
ORD_681,2023-08-22,CUST_7,PROD_67,152.28,3,North America,Mobile
ORD_682,2023-08-26,CUST_56,PROD_90,1956.32,4,Europe,Mobile
ORD_683,2023-09-13,CUST_466,PROD_73,374.76,3,North America,Web
ORD_684,2023-05-20,CUST_222,PROD_82,218.06,1,Europe,Web
ORD_685,2023-09-16,CUST_79,PROD_8,374.86,2,Europe,Web
ORD_686,2023-09-24,CUST_411,PROD_25,120.26,2,North America,Mobile
ORD_687,2023-09-11,CUST_164,PROD_52,647.13,3,North America,Web
ORD_688,2023-04-02,CUST_285,PROD_91,481.52,1,North America,Mobile
ORD_689,2023-02-19,CUST_411,PROD_97,157.01,1,North America,Web
ORD_690,2023-06-20,CUST_120,PROD_13,709.42,4,Europe,Mobile
ORD_691,2023-02-03,CUST_219,PROD_27,480.37,1,North America,Web
ORD_692,2023-12-08,CUST_423,PROD_39,788.4,4,Europe,Web
ORD_693,2023-12-12,CUST_198,PROD_84,795.76,2,Europe,Mobile
ORD_694,2023-04-26,CUST_153,PROD_75,1391.96,4,North America,Mobile
ORD_695,2023-08-13,CUST_391,PROD_68,118.92,1,Europe,Web
ORD_696,2023-04-16,CUST_500,PROD_89,10.66,1,Europe,Mobile
ORD_697,2023-04-12,CUST_62,PROD_71,130.82,2,Asia,Mobile
ORD_698,2023-09-07,CUST_160,PROD_52,215.71,1,North America,Web
ORD_699,2023-07-12,CUST_426,PROD_82,392.51,3,Europe,Mobile
ORD_700,2023-10-01,CUST_250,PROD_50,1401.36,4,North America,Web
ORD_701,2023-07-20,CUST_492,PROD_35,456.6,4,North America,Web
ORD_702,2023-07-27,CUST_193,PROD_61,36.97,1,Europe,Mobile
ORD_703,2023-11-13,CUST_148,PROD_90,1956.32,4,Europe,Web
ORD_704,2023-12-21,CUST_157,PROD_74,316.76,4,Asia,Mobile
ORD_705,2023-06-28,CUST_89,PROD_94,123.84,2,Europe,Web
ORD_706,2023-08-30,CUST_432,PROD_40,788.82,3,Europe,Web
ORD_707,2023-07-19,CUST_365,PROD_6,239.58,3,Europe,Web
ORD_708,2023-12-12,CUST_344,PROD_60,1392.64,4,Europe,Mobile
ORD_709,2023-05-07,CUST_12,PROD_94,111.46,3,Europe,Mobile
ORD_710,2023-01-17,CUST_249,PROD_65,640.41,3,Asia,Mobile
ORD_711,2023-01-09,CUST_491,PROD_74,237.57,3,Europe,Web
ORD_712,2023-01-28,CUST_344,PROD_78,1945.44,4,Europe,Mobile
ORD_713,2023-06-10,CUST_251,PROD_11,706.28,4,Asia,Mobile
ORD_714,2023-04-17,CUST_362,PROD_64,624.32,2,Europe,Mobile
ORD_715,2023-08-25,CUST_253,PROD_35,342.45,3,North America,Web
ORD_716,2023-03-11,CUST_380,PROD_90,1956.32,4,Europe,Web
ORD_717,2023-09-13,CUST_366,PROD_23,170.0,4,North America,Web
ORD_718,2023-05-04,CUST_337,PROD_41,1235.88,4,North America,Web
ORD_719,2023-01-15,CUST_347,PROD_45,657.45,3,Europe,Web
ORD_720,2023-03-03,CUST_128,PROD_41,926.91,3,North America,Web
ORD_721,2023-07-01,CUST_59,PROD_14,487.88,4,Asia,Web
ORD_722,2023-12-31,CUST_351,PROD_87,1925.12,4,Europe,Web
ORD_723,2023-10-12,CUST_18,PROD_62,544.76,4,Europe,Mobile
ORD_724,2023-05-04,CUST_195,PROD_51,192.84,2,Europe,Web
ORD_725,2023-11-09,CUST_233,PROD_34,199.53,3,Asia,Mobile
ORD_726,2023-11-07,CUST_95,PROD_94,247.68,4,North America,Mobile
ORD_727,2023-09-08,CUST_165,PROD_54,1283.04,4,Europe,Web
ORD_728,2023-05-30,CUST_95,PROD_90,489.08,1,North America,Mobile
ORD_729,2023-05-22,CUST_441,PROD_68,475.68,4,North America,Mobile
ORD_730,2023-05-02,CUST_274,PROD_86,1894.16,4,Asia,Mobile
ORD_731,2023-01-29,CUST_214,PROD_15,1698.04,4,North America,Web
ORD_732,2023-11-08,CUST_149,PROD_75,695.98,2,Europe,Mobile
ORD_733,2023-06-01,CUST_158,PROD_96,408.16,2,Europe,Web
ORD_734,2023-09-04,CUST_292,PROD_99,1880.52,4,Europe,Web
ORD_735,2023-02-03,CUST_78,PROD_58,373.76,4,Europe,Web
ORD_736,2023-11-04,CUST_243,PROD_24,1006.77,3,Europe,Web
ORD_737,2023-08-28,CUST_321,PROD_47,956.16,4,North America,Web
ORD_738,2023-07-21,CUST_153,PROD_54,1283.04,4,North America,Web
ORD_739,2023-03-13,CUST_71,PROD_39,788.4,4,Asia,Mobile
ORD_740,2023-04-10,CUST_451,PROD_94,123.84,2,Europe,Web
ORD_741,2023-05-02,CUST_498,PROD_70,109.17,3,North America,Web
ORD_742,2023-09-10,CUST_386,PROD_62,544.76,4,North America,Web
ORD_743,2023-04-09,CUST_483,PROD_12,201.96,4,Europe,Web
ORD_744,2023-01-02,CUST_262,PROD_82,218.06,1,Europe,Mobile
ORD_745,2023-05-11,CUST_92,PROD_47,239.04,1,Asia,Mobile
ORD_746,2023-04-18,CUST_234,PROD_24,1342.36,4,North America,Mobile
ORD_747,2023-06-13,CUST_166,PROD_92,307.82,1,Asia,Mobile
ORD_748,2023-03-11,CUST_278,PROD_64,936.48,3,North America,Web
ORD_749,2023-09-23,CUST_417,PROD_91,1926.08,4,Asia,Web
ORD_750,2023-11-10,CUST_196,PROD_81,1810.8,4,Europe,Web
ORD_751,2023-03-05,CUST_355,PROD_8,112.46,1,Europe,Web
ORD_752,2023-08-11,CUST_245,PROD_73,374.76,3,Europe,Mobile
ORD_753,2023-04-17,CUST_430,PROD_30,50.59,1,Asia,Mobile
ORD_754,2023-03-24,CUST_41,PROD_57,1083.06,3,Europe,Web
ORD_755,2023-11-12,CUST_303,PROD_48,584.74,2,Asia,Mobile
ORD_756,2023-08-20,CUST_88,PROD_47,573.7,4,Europe,Mobile
ORD_757,2023-05-06,CUST_221,PROD_36,324.21,1,North America,Web
ORD_758,2023-10-31,CUST_305,PROD_53,69.54,1,Europe,Mobile
ORD_759,2023-10-18,CUST_142,PROD_60,696.32,2,North America,Mobile
ORD_760,2023-01-09,CUST_182,PROD_73,124.92,1,Asia,Mobile
ORD_761,2023-05-16,CUST_331,PROD_71,261.64,4,Asia,Web
ORD_762,2023-11-14,CUST_233,PROD_77,1732.64,4,Asia,Mobile
ORD_763,2023-06-17,CUST_35,PROD_92,615.64,2,North America,Web
ORD_764,2023-07-17,CUST_54,PROD_2,143.76,1,North America,Mobile
ORD_765,2023-04-21,CUST_131,PROD_9,17.22,1,North America,Web
ORD_766,2023-07-27,CUST_87,PROD_71,130.82,2,Asia,Web
ORD_767,2023-12-05,CUST_293,PROD_29,229.07,3,Europe,Web
ORD_768,2023-09-23,CUST_437,PROD_11,423.77,4,Europe,Web
ORD_769,2023-07-31,CUST_313,PROD_28,1107.12,3,North America,Mobile
ORD_770,2023-04-02,CUST_456,PROD_69,450.0,4,Europe,Web
ORD_771,2023-12-25,CUST_169,PROD_40,262.94,1,Asia,Web
ORD_772,2023-03-18,CUST_292,PROD_31,1131.57,3,Europe,Web
ORD_773,2023-12-29,CUST_133,PROD_84,397.88,1,Europe,Mobile
ORD_774,2023-02-28,CUST_257,PROD_51,192.84,2,Europe,Mobile
ORD_775,2023-09-20,CUST_340,PROD_32,971.78,2,Europe,Mobile
ORD_776,2023-07-26,CUST_15,PROD_66,347.73,1,Europe,Web
ORD_777,2023-09-15,CUST_390,PROD_85,1956.84,4,Asia,Mobile
ORD_778,2023-12-25,CUST_143,PROD_54,769.82,4,Europe,Mobile
ORD_779,2023-05-01,CUST_409,PROD_81,905.4,2,Europe,Web
ORD_780,2023-10-21,CUST_392,PROD_66,834.55,4,Europe,Mobile
ORD_781,2023-09-13,CUST_24,PROD_4,941.56,2,Europe,Mobile
ORD_782,2023-10-03,CUST_47,PROD_15,424.51,1,Europe,Web
ORD_783,2023-03-06,CUST_333,PROD_39,788.4,4,Europe,Web
ORD_784,2023-01-16,CUST_348,PROD_13,886.77,3,Europe,Mobile
ORD_785,2023-10-28,CUST_415,PROD_41,617.94,2,Asia,Mobile
ORD_786,2023-11-10,CUST_407,PROD_94,61.92,1,Asia,Web
ORD_787,2023-05-08,CUST_459,PROD_26,262.48,1,Asia,Mobile
ORD_788,2023-10-26,CUST_171,PROD_11,353.14,2,Asia,Web
ORD_789,2023-06-18,CUST_31,PROD_46,472.56,1,Europe,Web
ORD_790,2023-11-06,CUST_261,PROD_99,1410.39,3,Europe,Mobile
ORD_791,2023-05-23,CUST_332,PROD_58,93.44,1,North America,Web
ORD_792,2023-04-12,CUST_472,PROD_58,93.44,1,North America,Web
ORD_793,2023-05-29,CUST_326,PROD_52,431.42,2,Asia,Mobile
ORD_794,2023-09-01,CUST_173,PROD_98,1163.04,4,Asia,Web
ORD_795,2023-07-24,CUST_13,PROD_17,1854.72,4,North America,Mobile
ORD_796,2023-04-10,CUST_269,PROD_27,1441.11,3,Asia,Mobile
ORD_797,2023-10-11,CUST_302,PROD_19,1094.31,3,Asia,Mobile
ORD_798,2023-10-02,CUST_498,PROD_77,1299.48,3,North America,Web
ORD_799,2023-05-23,CUST_238,PROD_8,749.72,4,North America,Mobile
ORD_800,2023-12-29,CUST_285,PROD_7,243.28,1,North America,Mobile
ORD_801,2023-01-15,CUST_407,PROD_94,61.92,1,Asia,Mobile
ORD_802,2023-08-13,CUST_280,PROD_11,706.28,4,Europe,Web
ORD_803,2023-01-22,CUST_116,PROD_77,1299.48,3,Asia,Mobile
ORD_804,2023-03-27,CUST_301,PROD_14,121.97,1,Asia,Web
ORD_805,2023-12-11,CUST_318,PROD_71,65.41,1,Europe,Web
ORD_806,2023-12-20,CUST_352,PROD_20,215.98,2,Europe,Web
ORD_807,2023-08-16,CUST_132,PROD_90,1956.32,4,Asia,Mobile
ORD_808,2023-10-02,CUST_104,PROD_67,203.04,4,Europe,Mobile
ORD_809,2023-10-21,CUST_140,PROD_97,157.01,1,Europe,Mobile
ORD_810,2023-08-31,CUST_302,PROD_74,158.38,2,Asia,Mobile
ORD_811,2023-07-07,CUST_207,PROD_51,385.68,4,Europe,Web
ORD_812,2023-06-03,CUST_253,PROD_36,648.42,2,North America,Mobile
ORD_813,2023-07-21,CUST_339,PROD_28,1476.16,4,Asia,Mobile
ORD_814,2023-07-24,CUST_109,PROD_45,876.6,4,Asia,Mobile
ORD_815,2023-03-22,CUST_421,PROD_93,1366.04,4,North America,Mobile
ORD_816,2023-06-20,CUST_311,PROD_90,978.16,2,Europe,Web
ORD_817,2023-05-07,CUST_489,PROD_99,1880.52,4,North America,Mobile
ORD_818,2023-08-11,CUST_112,PROD_45,876.6,4,Europe,Web
ORD_819,2023-06-29,CUST_486,PROD_69,225.0,2,Europe,Mobile
ORD_820,2023-10-09,CUST_309,PROD_57,361.02,1,North America,Web
ORD_821,2023-01-28,CUST_437,PROD_6,399.3,3,Europe,Web
ORD_822,2023-01-24,CUST_12,PROD_74,237.57,3,Europe,Web
ORD_823,2023-05-07,CUST_74,PROD_17,463.68,1,Europe,Web
ORD_824,2023-03-31,CUST_441,PROD_100,616.32,2,North America,Web
ORD_825,2023-07-15,CUST_175,PROD_60,696.32,2,Europe,Web
ORD_826,2023-11-02,CUST_154,PROD_60,1392.64,4,Asia,Web
ORD_827,2023-03-25,CUST_252,PROD_88,60.96,1,North America,Mobile
ORD_828,2023-11-24,CUST_341,PROD_83,968.55,3,North America,Web
ORD_829,2023-01-09,CUST_61,PROD_27,1441.11,3,Europe,Mobile
ORD_830,2023-06-13,CUST_43,PROD_14,243.94,2,North America,Mobile
ORD_831,2023-01-26,CUST_472,PROD_36,972.63,3,North America,Web
ORD_832,2023-03-20,CUST_497,PROD_57,1083.06,3,Asia,Web
ORD_833,2023-06-29,CUST_355,PROD_58,93.44,1,Europe,Web
ORD_834,2023-06-23,CUST_418,PROD_68,237.84,2,Europe,Mobile
ORD_835,2023-07-16,CUST_348,PROD_88,121.92,2,Europe,Web
ORD_836,2023-12-25,CUST_198,PROD_14,243.94,2,Europe,Mobile
ORD_837,2023-06-12,CUST_412,PROD_31,1508.76,4,Asia,Web
ORD_838,2023-10-30,CUST_478,PROD_7,729.84,3,Asia,Web
ORD_839,2023-04-25,CUST_387,PROD_29,381.78,3,Europe,Mobile
ORD_840,2023-10-05,CUST_256,PROD_24,335.59,1,Europe,Web
ORD_841,2023-12-07,CUST_193,PROD_78,1945.44,4,Europe,Web
ORD_842,2023-09-06,CUST_292,PROD_100,924.48,3,Europe,Mobile
ORD_843,2023-07-11,CUST_356,PROD_35,114.15,1,Europe,Web
ORD_844,2023-07-21,CUST_196,PROD_46,850.61,3,Europe,Web
ORD_845,2023-07-22,CUST_336,PROD_4,470.78,1,Europe,Web
ORD_846,2023-08-17,CUST_402,PROD_94,123.84,2,Europe,Web
ORD_847,2023-02-27,CUST_399,PROD_14,292.73,4,Europe,Mobile
ORD_848,2023-07-04,CUST_111,PROD_92,923.46,3,Europe,Web
ORD_849,2023-06-26,CUST_56,PROD_22,1119.54,3,Europe,Mobile
ORD_850,2023-07-31,CUST_106,PROD_4,1883.12,4,North America,Web
ORD_851,2023-03-28,CUST_330,PROD_76,125.12,1,Europe,Web
ORD_852,2023-01-14,CUST_379,PROD_43,1435.23,3,Europe,Web
ORD_853,2023-11-07,CUST_40,PROD_70,36.39,1,Europe,Web
ORD_854,2023-08-11,CUST_483,PROD_97,157.01,1,Europe,Mobile
ORD_855,2023-02-08,CUST_198,PROD_3,906.74,2,Europe,Web
ORD_856,2023-02-18,CUST_110,PROD_70,145.56,4,North America,Mobile
ORD_857,2023-06-17,CUST_483,PROD_44,888.8,3,Europe,Web
ORD_858,2023-05-13,CUST_359,PROD_34,133.02,2,North America,Web
ORD_859,2023-09-29,CUST_168,PROD_16,436.58,1,North America,Mobile
ORD_860,2023-12-28,CUST_416,PROD_35,342.45,3,Europe,Web
ORD_861,2023-08-01,CUST_100,PROD_14,243.94,2,Asia,Web
ORD_862,2023-11-26,CUST_78,PROD_64,624.32,2,Europe,Web
ORD_863,2023-12-26,CUST_203,PROD_65,640.41,3,Europe,Web
ORD_864,2023-08-08,CUST_176,PROD_85,489.21,1,Europe,Web
ORD_865,2023-12-08,CUST_462,PROD_66,695.46,2,Europe,Web
ORD_866,2023-12-21,CUST_328,PROD_92,615.64,2,Asia,Mobile
ORD_867,2023-11-16,CUST_353,PROD_56,655.35,3,Asia,Mobile
ORD_868,2023-06-17,CUST_241,PROD_72,402.48,2,Europe,Mobile
ORD_869,2023-11-20,CUST_249,PROD_88,182.88,3,Asia,Mobile
ORD_870,2023-06-09,CUST_198,PROD_86,947.08,2,Europe,Mobile
ORD_871,2023-07-11,CUST_147,PROD_12,151.47,3,North America,Mobile
ORD_872,2023-02-23,CUST_433,PROD_91,1444.56,3,Europe,Mobile
ORD_873,2023-12-28,CUST_238,PROD_96,816.32,4,North America,Web
ORD_874,2023-10-27,CUST_279,PROD_65,256.16,2,Europe,Web
ORD_875,2023-08-11,CUST_333,PROD_86,568.25,2,Europe,Mobile
ORD_876,2023-12-23,CUST_428,PROD_62,408.57,3,North America,Web
ORD_877,2023-11-02,CUST_295,PROD_93,341.51,1,Asia,Web
ORD_878,2023-06-05,CUST_174,PROD_43,1913.64,4,North America,Mobile
ORD_879,2023-05-25,CUST_231,PROD_27,480.37,1,Asia,Mobile
ORD_880,2023-10-13,CUST_438,PROD_7,243.28,1,Asia,Mobile
ORD_881,2023-02-13,CUST_2,PROD_44,987.56,2,North America,Mobile
ORD_882,2023-12-15,CUST_493,PROD_43,956.82,2,North America,Mobile
ORD_883,2023-07-19,CUST_173,PROD_52,215.71,1,Asia,Mobile
ORD_884,2023-05-07,CUST_429,PROD_35,273.96,4,Europe,Mobile
ORD_885,2023-06-08,CUST_440,PROD_89,17.77,1,Asia,Mobile
ORD_886,2023-09-29,CUST_237,PROD_45,876.6,4,Europe,Web
ORD_887,2023-05-13,CUST_490,PROD_59,1802.52,4,North America,Mobile
ORD_888,2023-06-22,CUST_482,PROD_21,142.72,4,Europe,Web
ORD_889,2023-12-13,CUST_119,PROD_93,341.51,1,Asia,Mobile
ORD_890,2023-11-28,CUST_18,PROD_2,287.52,2,Europe,Mobile
ORD_891,2023-08-27,CUST_254,PROD_30,101.18,2,Europe,Mobile
ORD_892,2023-07-09,CUST_39,PROD_3,1813.48,4,North America,Web
ORD_893,2023-06-14,CUST_139,PROD_48,292.37,1,Asia,Mobile
ORD_894,2023-02-28,CUST_351,PROD_86,1894.16,4,Europe,Web
ORD_895,2023-10-04,CUST_418,PROD_45,219.15,1,Europe,Mobile
ORD_896,2023-08-08,CUST_149,PROD_39,394.2,2,Europe,Web
ORD_897,2023-07-14,CUST_388,PROD_30,151.77,3,Asia,Mobile
ORD_898,2023-08-16,CUST_69,PROD_98,581.52,2,Europe,Web
ORD_899,2023-12-21,CUST_132,PROD_39,394.2,2,Asia,Mobile
ORD_900,2023-03-03,CUST_296,PROD_94,185.76,3,Europe,Mobile
ORD_901,2023-01-31,CUST_406,PROD_47,956.16,4,North America,Web
ORD_902,2023-05-05,CUST_13,PROD_42,223.72,1,North America,Web
ORD_903,2023-07-15,CUST_423,PROD_79,57.1,1,Europe,Web
ORD_904,2023-12-11,CUST_281,PROD_71,130.82,2,Europe,Mobile
ORD_905,2023-12-23,CUST_490,PROD_97,471.03,3,North America,Web
ORD_906,2023-05-10,CUST_11,PROD_86,1420.62,3,Asia,Mobile
ORD_907,2023-01-08,CUST_54,PROD_30,101.18,2,North America,Web
ORD_908,2023-10-05,CUST_63,PROD_79,171.3,3,Europe,Web
ORD_909,2023-07-10,CUST_442,PROD_65,213.47,1,Europe,Web
ORD_910,2023-11-21,CUST_106,PROD_39,394.2,2,North America,Web
ORD_911,2023-12-20,CUST_64,PROD_21,142.72,4,Europe,Mobile
ORD_912,2023-02-11,CUST_378,PROD_7,729.84,3,North America,Web
ORD_913,2023-11-16,CUST_171,PROD_4,470.78,1,Asia,Mobile
ORD_914,2023-01-06,CUST_261,PROD_68,237.84,2,Europe,Mobile
ORD_915,2023-11-24,CUST_177,PROD_74,237.57,3,Europe,Mobile
ORD_916,2023-11-22,CUST_404,PROD_19,656.59,3,Europe,Web
ORD_917,2023-04-23,CUST_186,PROD_71,156.98,4,Europe,Mobile
ORD_918,2023-08-21,CUST_63,PROD_50,1401.36,4,Europe,Web
ORD_919,2023-07-03,CUST_6,PROD_38,1277.55,3,Europe,Web
ORD_920,2023-02-13,CUST_420,PROD_93,683.02,2,Asia,Web
ORD_921,2023-08-24,CUST_389,PROD_64,936.48,3,Asia,Web
ORD_922,2023-12-24,CUST_116,PROD_62,136.19,1,Asia,Web
ORD_923,2023-11-28,CUST_454,PROD_38,425.85,1,North America,Mobile
ORD_924,2023-09-24,CUST_275,PROD_52,862.84,4,Europe,Web
ORD_925,2023-06-15,CUST_474,PROD_96,612.24,3,Europe,Mobile
ORD_926,2023-06-26,CUST_199,PROD_22,1492.72,4,Asia,Web
ORD_927,2023-04-16,CUST_316,PROD_29,127.26,1,North America,Web
ORD_928,2023-09-29,CUST_191,PROD_26,787.44,3,Asia,Mobile
ORD_929,2023-08-08,CUST_72,PROD_78,486.36,1,North America,Mobile
ORD_930,2023-03-27,CUST_198,PROD_88,109.73,3,Europe,Mobile
ORD_931,2023-08-20,CUST_88,PROD_93,1024.53,3,Europe,Mobile
ORD_932,2023-05-23,CUST_302,PROD_53,278.16,4,Asia,Mobile
ORD_933,2023-06-21,CUST_12,PROD_65,426.94,2,Europe,Mobile
ORD_934,2023-08-27,CUST_384,PROD_32,1943.56,4,North America,Web
ORD_935,2023-04-06,CUST_218,PROD_89,10.66,1,Europe,Mobile
ORD_936,2023-06-03,CUST_455,PROD_66,695.46,2,Europe,Web
ORD_937,2023-08-28,CUST_396,PROD_29,127.26,1,North America,Mobile
ORD_938,2023-07-24,CUST_409,PROD_35,114.15,1,Europe,Web
ORD_939,2023-08-31,CUST_372,PROD_84,795.76,2,North America,Mobile
ORD_940,2023-08-30,CUST_182,PROD_9,51.66,3,Asia,Web
ORD_941,2023-09-24,CUST_147,PROD_46,472.56,1,North America,Web
ORD_942,2023-05-31,CUST_394,PROD_78,1459.08,3,Europe,Mobile
ORD_943,2023-06-30,CUST_4,PROD_75,1043.97,3,North America,Mobile
ORD_944,2023-07-05,CUST_93,PROD_33,405.74,1,Europe,Web
ORD_945,2023-11-10,CUST_54,PROD_23,85.0,2,North America,Web
ORD_946,2023-10-30,CUST_317,PROD_3,453.37,1,Asia,Mobile
ORD_947,2023-04-15,CUST_167,PROD_100,616.32,2,Asia,Mobile
ORD_948,2023-07-30,CUST_391,PROD_76,250.24,2,Europe,Web
ORD_949,2023-08-29,CUST_373,PROD_2,143.76,1,North America,Mobile
ORD_950,2023-02-21,CUST_254,PROD_98,1163.04,4,Europe,Web
ORD_951,2023-04-15,CUST_22,PROD_31,1508.76,4,Asia,Mobile
ORD_952,2023-04-19,CUST_348,PROD_36,389.05,2,Europe,Mobile
ORD_953,2023-05-07,CUST_431,PROD_89,35.54,2,North America,Web
ORD_954,2023-08-10,CUST_485,PROD_27,960.74,2,Asia,Mobile
ORD_955,2023-05-31,CUST_458,PROD_95,462.62,2,North America,Web
ORD_956,2023-06-09,CUST_65,PROD_74,316.76,4,Asia,Mobile
ORD_957,2023-07-19,CUST_209,PROD_81,905.4,2,Europe,Web
ORD_958,2023-12-28,CUST_229,PROD_78,1945.44,4,North America,Mobile
ORD_959,2023-06-16,CUST_103,PROD_58,186.88,2,Europe,Web
ORD_960,2023-08-27,CUST_159,PROD_61,147.88,4,Europe,Web
ORD_961,2023-10-12,CUST_107,PROD_85,587.05,2,Europe,Web
ORD_962,2023-08-22,CUST_419,PROD_28,738.08,2,Asia,Web
ORD_963,2023-04-20,CUST_11,PROD_3,1360.11,3,Asia,Web
ORD_964,2023-09-30,CUST_418,PROD_72,1341.6,4,Europe,Web
ORD_965,2023-06-18,CUST_363,PROD_68,237.84,2,Europe,Mobile
ORD_966,2023-09-23,CUST_137,PROD_28,369.04,1,Asia,Web
ORD_967,2023-12-02,CUST_292,PROD_77,1732.64,4,Europe,Web
ORD_968,2023-04-22,CUST_175,PROD_52,862.84,4,Europe,Web
ORD_969,2023-09-26,CUST_57,PROD_83,645.7,2,Europe,Mobile
ORD_970,2023-01-30,CUST_71,PROD_21,35.68,1,Asia,Mobile
ORD_971,2023-03-02,CUST_319,PROD_72,1006.2,3,Europe,Mobile
ORD_972,2023-11-16,CUST_474,PROD_33,1217.22,3,Europe,Mobile
ORD_973,2023-11-13,CUST_225,PROD_76,500.48,4,Europe,Web
ORD_974,2023-07-02,CUST_86,PROD_79,102.78,3,Europe,Mobile
ORD_975,2023-10-14,CUST_58,PROD_82,872.24,4,Asia,Web
ORD_976,2023-06-11,CUST_412,PROD_33,1622.96,4,Asia,Web
ORD_977,2023-12-20,CUST_290,PROD_42,894.88,4,North America,Web
ORD_978,2023-11-16,CUST_298,PROD_99,1880.52,4,North America,Mobile
ORD_979,2023-02-21,CUST_324,PROD_75,1391.96,4,Europe,Web
ORD_980,2023-12-03,CUST_145,PROD_81,905.4,2,Europe,Web
ORD_981,2023-07-20,CUST_284,PROD_35,456.6,4,Europe,Web
ORD_982,2023-03-25,CUST_413,PROD_60,1392.64,4,Asia,Mobile
ORD_983,2023-11-08,CUST_419,PROD_20,431.96,4,Asia,Web
ORD_984,2023-07-21,CUST_35,PROD_33,811.48,2,North America,Mobile
ORD_985,2023-04-04,CUST_270,PROD_47,717.12,3,Asia,Web
ORD_986,2023-08-25,CUST_351,PROD_21,71.36,2,Europe,Mobile
ORD_987,2023-09-24,CUST_237,PROD_75,1391.96,4,Europe,Web
ORD_988,2023-06-17,CUST_261,PROD_57,216.61,1,Europe,Mobile
ORD_989,2023-02-05,CUST_260,PROD_66,1390.92,4,Asia,Web
ORD_990,2023-01-23,CUST_231,PROD_88,60.96,1,Asia,Web
ORD_991,2023-10-18,CUST_19,PROD_84,1193.64,3,Europe,Web
ORD_992,2023-09-02,CUST_274,PROD_93,1024.53,3,Asia,Mobile
ORD_993,2023-09-29,CUST_26,PROD_34,266.04,4,Asia,Mobile
ORD_994,2023-10-18,CUST_188,PROD_17,1391.04,3,North America,Web
ORD_995,2023-10-17,CUST_161,PROD_52,215.71,1,Asia,Web
ORD_996,2023-10-31,CUST_52,PROD_92,923.46,3,Europe,Mobile
ORD_997,2023-05-29,CUST_92,PROD_54,962.28,3,Asia,Mobile
ORD_998,2023-02-03,CUST_29,PROD_24,671.18,2,Asia,Mobile
ORD_999,2023-11-28,CUST_286,PROD_64,1248.64,4,Asia,Web
ORD_1000,2023-01-27,CUST_330,PROD_29,509.04,4,Europe,Mobile
ORD_1001,2023-09-02,CUST_191,PROD_7,486.56,2,Asia,Web
ORD_1002,2023-08-28,CUST_65,PROD_64,312.16,1,Asia,Mobile
ORD_1003,2023-12-21,CUST_344,PROD_28,738.08,2,Europe,Web
ORD_1004,2023-11-24,CUST_383,PROD_60,1044.48,3,Asia,Mobile
ORD_1005,2023-03-11,CUST_323,PROD_25,240.52,4,Asia,Mobile
ORD_1006,2023-06-29,CUST_234,PROD_18,928.56,4,North America,Mobile
ORD_1007,2023-11-01,CUST_101,PROD_77,1732.64,4,Europe,Web
ORD_1008,2023-03-29,CUST_262,PROD_40,525.88,2,Europe,Mobile
ORD_1009,2023-08-27,CUST_23,PROD_49,23.55,1,North America,Mobile
ORD_1010,2023-03-23,CUST_232,PROD_35,456.6,4,Europe,Mobile
ORD_1011,2023-02-08,CUST_411,PROD_81,1810.8,4,North America,Web
ORD_1012,2023-04-07,CUST_257,PROD_13,591.18,2,Europe,Web
ORD_1013,2023-08-15,CUST_305,PROD_67,91.37,3,Europe,Mobile
ORD_1014,2023-08-10,CUST_482,PROD_87,481.28,1,Europe,Mobile
ORD_1015,2023-12-06,CUST_294,PROD_55,913.84,4,North America,Mobile
ORD_1016,2023-02-05,CUST_101,PROD_91,1444.56,3,Europe,Web
ORD_1017,2023-08-27,CUST_145,PROD_24,402.71,2,Europe,Mobile
ORD_1018,2023-01-27,CUST_339,PROD_71,261.64,4,Asia,Web
ORD_1019,2023-01-03,CUST_230,PROD_58,373.76,4,Europe,Web
ORD_1020,2023-11-12,CUST_281,PROD_88,60.96,1,Europe,Web
ORD_1021,2023-12-21,CUST_188,PROD_91,481.52,1,North America,Web
ORD_1022,2023-02-15,CUST_459,PROD_38,1703.4,4,Asia,Web
ORD_1023,2023-03-30,CUST_87,PROD_47,478.08,2,Asia,Web
ORD_1024,2023-04-11,CUST_23,PROD_55,456.92,2,North America,Web
ORD_1025,2023-12-14,CUST_219,PROD_54,962.28,3,North America,Mobile
ORD_1026,2023-12-17,CUST_383,PROD_22,373.18,1,Asia,Mobile
ORD_1027,2023-01-21,CUST_262,PROD_84,238.73,1,Europe,Mobile
ORD_1028,2023-03-15,CUST_227,PROD_33,405.74,1,Asia,Web
ORD_1029,2023-07-19,CUST_184,PROD_57,1444.08,4,Asia,Web
ORD_1030,2023-11-12,CUST_81,PROD_47,239.04,1,North America,Mobile
ORD_1031,2023-10-27,CUST_84,PROD_18,464.28,2,Europe,Mobile
ORD_1032,2023-09-12,CUST_162,PROD_40,262.94,1,Europe,Web
ORD_1033,2023-10-24,CUST_4,PROD_68,118.92,1,North America,Mobile
ORD_1034,2023-11-18,CUST_273,PROD_25,240.52,4,North America,Web
ORD_1035,2023-12-03,CUST_301,PROD_86,947.08,2,Asia,Mobile
ORD_1036,2023-12-22,CUST_256,PROD_7,729.84,3,Europe,Mobile
ORD_1037,2023-05-29,CUST_244,PROD_77,866.32,2,North America,Mobile
ORD_1038,2023-01-13,CUST_4,PROD_2,431.28,3,North America,Mobile
ORD_1039,2023-04-12,CUST_89,PROD_87,1925.12,4,Europe,Web
ORD_1040,2023-05-09,CUST_268,PROD_14,243.94,2,Asia,Mobile
ORD_1041,2023-06-26,CUST_499,PROD_63,158.94,3,Europe,Mobile
ORD_1042,2023-10-11,CUST_97,PROD_5,363.78,3,North America,Mobile
ORD_1043,2023-09-29,CUST_102,PROD_92,615.64,2,Asia,Web
ORD_1044,2023-10-23,CUST_66,PROD_9,17.22,1,Asia,Web
ORD_1045,2023-03-28,CUST_186,PROD_32,1457.67,3,Europe,Mobile
ORD_1046,2023-01-14,CUST_247,PROD_74,316.76,4,North America,Web
ORD_1047,2023-07-02,CUST_218,PROD_98,290.76,1,Europe,Mobile
ORD_1048,2023-01-16,CUST_344,PROD_96,408.16,2,Europe,Web
ORD_1049,2023-12-10,CUST_38,PROD_60,696.32,2,North America,Mobile
ORD_1050,2023-08-30,CUST_285,PROD_17,1854.72,4,North America,Web
ORD_1051,2023-10-04,CUST_191,PROD_26,262.48,1,Asia,Mobile
ORD_1052,2023-12-12,CUST_294,PROD_16,436.58,1,North America,Mobile
ORD_1053,2023-11-03,CUST_309,PROD_4,941.56,2,North America,Web
ORD_1054,2023-11-16,CUST_441,PROD_95,693.93,3,North America,Web
ORD_1055,2023-05-13,CUST_249,PROD_86,1420.62,3,Asia,Mobile
ORD_1056,2023-07-18,CUST_341,PROD_33,811.48,2,North America,Web
ORD_1057,2023-08-09,CUST_341,PROD_4,1412.34,3,North America,Mobile
ORD_1058,2023-06-23,CUST_310,PROD_37,499.03,1,Europe,Mobile
ORD_1059,2023-11-13,CUST_488,PROD_46,1417.68,3,Europe,Mobile
ORD_1060,2023-04-15,CUST_252,PROD_93,1024.53,3,North America,Mobile
ORD_1061,2023-06-13,CUST_102,PROD_57,1444.08,4,Asia,Web
ORD_1062,2023-11-01,CUST_364,PROD_12,50.49,1,North America,Mobile
ORD_1063,2023-01-30,CUST_394,PROD_32,874.6,3,Europe,Web
ORD_1064,2023-07-12,CUST_290,PROD_7,729.84,3,North America,Web
ORD_1065,2023-01-14,CUST_353,PROD_19,729.54,2,Asia,Mobile
ORD_1066,2023-03-22,CUST_477,PROD_72,603.72,3,Europe,Mobile
ORD_1067,2023-12-07,CUST_47,PROD_41,308.97,1,Europe,Mobile
ORD_1068,2023-10-02,CUST_81,PROD_70,72.78,2,North America,Web
ORD_1069,2023-12-19,CUST_454,PROD_14,243.94,2,North America,Web
ORD_1070,2023-04-13,CUST_96,PROD_33,405.74,1,Asia,Web
ORD_1071,2023-11-05,CUST_443,PROD_23,85.0,2,North America,Mobile
ORD_1072,2023-12-22,CUST_412,PROD_68,356.76,3,Asia,Web
ORD_1073,2023-05-23,CUST_413,PROD_53,208.62,3,Asia,Web
ORD_1074,2023-04-14,CUST_208,PROD_80,1653.48,4,Europe,Mobile
ORD_1075,2023-01-06,CUST_133,PROD_60,696.32,2,Europe,Mobile
ORD_1076,2023-10-19,CUST_119,PROD_89,17.77,1,Asia,Web
ORD_1077,2023-09-25,CUST_148,PROD_71,117.74,3,Europe,Web
ORD_1078,2023-09-25,CUST_280,PROD_58,280.32,3,Europe,Web
ORD_1079,2023-02-26,CUST_397,PROD_50,1401.36,4,North America,Mobile
ORD_1080,2023-04-05,CUST_142,PROD_30,202.36,4,North America,Mobile
ORD_1081,2023-12-28,CUST_448,PROD_31,377.19,1,Europe,Mobile
ORD_1082,2023-05-17,CUST_226,PROD_96,612.24,3,Asia,Mobile
ORD_1083,2023-11-27,CUST_296,PROD_83,322.85,1,Europe,Mobile
ORD_1084,2023-01-18,CUST_263,PROD_67,152.28,3,Asia,Mobile
ORD_1085,2023-06-15,CUST_95,PROD_48,584.74,2,North America,Mobile
ORD_1086,2023-02-10,CUST_55,PROD_20,431.96,4,Asia,Web
ORD_1087,2023-02-28,CUST_341,PROD_87,1443.84,3,North America,Mobile
ORD_1088,2023-10-10,CUST_364,PROD_11,176.57,1,North America,Mobile
ORD_1089,2023-01-14,CUST_349,PROD_41,1235.88,4,Europe,Mobile
ORD_1090,2023-01-28,CUST_431,PROD_55,913.84,4,North America,Web
ORD_1091,2023-04-02,CUST_112,PROD_59,1351.89,3,Europe,Web
ORD_1092,2023-05-11,CUST_89,PROD_36,972.63,3,Europe,Mobile
ORD_1093,2023-09-03,CUST_23,PROD_60,696.32,2,North America,Mobile
ORD_1094,2023-01-22,CUST_259,PROD_30,202.36,4,Asia,Mobile
ORD_1095,2023-05-14,CUST_490,PROD_18,232.14,1,North America,Mobile
ORD_1096,2023-10-04,CUST_1,PROD_41,926.91,3,Europe,Web
ORD_1097,2023-07-03,CUST_184,PROD_58,186.88,2,Asia,Mobile
ORD_1098,2023-02-02,CUST_343,PROD_23,42.5,1,Europe,Mobile
ORD_1099,2023-06-25,CUST_424,PROD_1,122.09,1,Europe,Mobile
ORD_1100,2023-03-19,CUST_295,PROD_59,1351.89,3,Asia,Web
ORD_1101,2023-09-07,CUST_155,PROD_80,1653.48,4,North America,Mobile
ORD_1102,2023-09-28,CUST_244,PROD_12,201.96,4,North America,Mobile
ORD_1103,2023-04-17,CUST_148,PROD_86,947.08,2,Europe,Mobile
ORD_1104,2023-05-02,CUST_308,PROD_62,163.43,2,Europe,Web
ORD_1105,2023-06-21,CUST_386,PROD_81,452.7,1,North America,Web
ORD_1106,2023-03-22,CUST_395,PROD_87,962.56,2,Asia,Mobile
ORD_1107,2023-03-21,CUST_97,PROD_24,335.59,1,North America,Web
ORD_1108,2023-12-06,CUST_316,PROD_79,228.4,4,North America,Mobile
ORD_1109,2023-12-11,CUST_197,PROD_67,50.76,1,Europe,Web
ORD_1110,2023-01-22,CUST_258,PROD_88,121.92,2,Europe,Mobile
ORD_1111,2023-11-29,CUST_491,PROD_19,1459.08,4,Europe,Mobile
ORD_1112,2023-08-20,CUST_302,PROD_98,290.76,1,Asia,Web
ORD_1113,2023-08-27,CUST_209,PROD_79,228.4,4,Europe,Mobile
ORD_1114,2023-08-03,CUST_195,PROD_7,973.12,4,Europe,Mobile
ORD_1115,2023-06-16,CUST_475,PROD_83,1291.4,4,Europe,Web
ORD_1116,2023-08-20,CUST_463,PROD_90,489.08,1,Europe,Mobile
ORD_1117,2023-12-31,CUST_92,PROD_60,348.16,1,Asia,Mobile
ORD_1118,2023-07-13,CUST_440,PROD_96,816.32,4,Asia,Web
ORD_1119,2023-05-17,CUST_78,PROD_98,1163.04,4,Europe,Mobile
ORD_1120,2023-02-23,CUST_270,PROD_84,397.88,1,Asia,Mobile
ORD_1121,2023-05-13,CUST_22,PROD_5,242.52,2,Asia,Mobile
ORD_1122,2023-05-16,CUST_244,PROD_6,266.2,2,North America,Mobile
ORD_1123,2023-02-06,CUST_442,PROD_73,499.68,4,Europe,Web
ORD_1124,2023-07-13,CUST_153,PROD_47,717.12,3,North America,Mobile
ORD_1125,2023-12-05,CUST_84,PROD_67,30.46,1,Europe,Mobile
ORD_1126,2023-08-14,CUST_59,PROD_23,85.0,2,Asia,Mobile
ORD_1127,2023-10-09,CUST_414,PROD_82,654.18,3,North America,Web
ORD_1128,2023-04-25,CUST_91,PROD_54,962.28,3,North America,Web
ORD_1129,2023-09-28,CUST_58,PROD_12,151.47,3,Asia,Mobile
ORD_1130,2023-04-10,CUST_105,PROD_20,215.98,2,Europe,Mobile
ORD_1131,2023-08-23,CUST_319,PROD_17,927.36,2,Europe,Mobile
ORD_1132,2023-10-05,CUST_144,PROD_56,218.45,1,Europe,Web
ORD_1133,2023-10-21,CUST_348,PROD_94,123.84,2,Europe,Web
ORD_1134,2023-04-16,CUST_377,PROD_31,1508.76,4,Europe,Web
ORD_1135,2023-02-03,CUST_243,PROD_56,218.45,1,Europe,Mobile
ORD_1136,2023-05-11,CUST_8,PROD_91,577.82,2,Europe,Web
ORD_1137,2023-11-30,CUST_365,PROD_22,223.91,1,Europe,Web
ORD_1138,2023-03-07,CUST_43,PROD_47,239.04,1,North America,Web
ORD_1139,2023-10-07,CUST_370,PROD_29,509.04,4,North America,Web
ORD_1140,2023-11-23,CUST_67,PROD_59,1351.89,3,Asia,Web
ORD_1141,2023-05-14,CUST_399,PROD_45,131.49,1,Europe,Web
ORD_1142,2023-11-09,CUST_229,PROD_83,322.85,1,North America,Web
ORD_1143,2023-11-01,CUST_241,PROD_96,204.08,1,Europe,Mobile
ORD_1144,2023-11-08,CUST_194,PROD_24,1006.77,3,Europe,Web
ORD_1145,2023-08-31,CUST_484,PROD_52,647.13,3,North America,Mobile
ORD_1146,2023-01-13,CUST_213,PROD_72,335.4,1,Asia,Web
ORD_1147,2023-12-22,CUST_124,PROD_78,972.72,2,Asia,Web
ORD_1148,2023-10-25,CUST_412,PROD_91,963.04,2,Asia,Web
ORD_1149,2023-06-27,CUST_437,PROD_10,717.14,2,Europe,Web
ORD_1150,2023-05-16,CUST_179,PROD_5,121.26,1,Europe,Mobile
ORD_1151,2023-11-17,CUST_1,PROD_16,436.58,1,Europe,Mobile
ORD_1152,2023-08-16,CUST_270,PROD_87,1925.12,4,Asia,Web
ORD_1153,2023-05-11,CUST_165,PROD_81,452.7,1,Europe,Web
ORD_1154,2023-03-31,CUST_57,PROD_25,120.26,2,Europe,Mobile
ORD_1155,2023-10-11,CUST_176,PROD_96,612.24,3,Europe,Mobile
ORD_1156,2023-08-10,CUST_358,PROD_86,1420.62,3,Asia,Mobile
ORD_1157,2023-03-16,CUST_455,PROD_76,300.29,4,Europe,Mobile
ORD_1158,2023-05-16,CUST_199,PROD_78,972.72,2,Asia,Mobile
ORD_1159,2023-04-14,CUST_19,PROD_27,1152.89,4,Europe,Web
ORD_1160,2023-06-20,CUST_413,PROD_75,1391.96,4,Asia,Mobile
ORD_1161,2023-01-17,CUST_416,PROD_62,408.57,3,Europe,Web
ORD_1162,2023-02-13,CUST_76,PROD_61,110.91,3,Europe,Web
ORD_1163,2023-10-07,CUST_363,PROD_6,79.86,1,Europe,Mobile
ORD_1164,2023-02-25,CUST_270,PROD_18,696.42,3,Asia,Mobile
ORD_1165,2023-12-13,CUST_138,PROD_20,215.98,2,Asia,Web
ORD_1166,2023-08-12,CUST_60,PROD_38,851.7,2,Europe,Mobile
ORD_1167,2023-03-06,CUST_299,PROD_14,121.97,1,Europe,Web
ORD_1168,2023-07-14,CUST_50,PROD_88,243.84,4,Europe,Web
ORD_1169,2023-03-26,CUST_130,PROD_20,64.79,1,Europe,Mobile
ORD_1170,2023-08-21,CUST_203,PROD_22,746.36,2,Europe,Mobile
ORD_1171,2023-12-11,CUST_4,PROD_10,358.57,1,North America,Mobile
ORD_1172,2023-10-03,CUST_53,PROD_78,972.72,2,Europe,Mobile
ORD_1173,2023-08-08,CUST_281,PROD_29,381.78,3,Europe,Mobile
ORD_1174,2023-10-17,CUST_146,PROD_61,22.18,1,Europe,Mobile
ORD_1175,2023-10-17,CUST_498,PROD_40,525.88,2,North America,Mobile
ORD_1176,2023-05-18,CUST_147,PROD_2,431.28,3,North America,Mobile
ORD_1177,2023-02-10,CUST_165,PROD_74,79.19,1,Europe,Web
ORD_1178,2023-02-21,CUST_372,PROD_24,1006.77,3,North America,Web
ORD_1179,2023-09-29,CUST_264,PROD_66,347.73,1,Asia,Web
ORD_1180,2023-11-24,CUST_344,PROD_83,1291.4,4,Europe,Web
ORD_1181,2023-11-13,CUST_62,PROD_2,431.28,3,Asia,Mobile
ORD_1182,2023-01-11,CUST_339,PROD_98,872.28,3,Asia,Web
ORD_1183,2023-07-04,CUST_79,PROD_9,68.88,4,Europe,Mobile
ORD_1184,2023-07-28,CUST_388,PROD_44,987.56,2,Asia,Mobile
ORD_1185,2023-07-19,CUST_453,PROD_13,591.18,2,Asia,Mobile
ORD_1186,2023-10-03,CUST_255,PROD_82,872.24,4,Europe,Web
ORD_1187,2023-04-20,CUST_496,PROD_58,186.88,2,Asia,Web
ORD_1188,2023-05-21,CUST_68,PROD_71,130.82,2,Asia,Web
ORD_1189,2023-07-05,CUST_417,PROD_84,1591.52,4,Asia,Web
ORD_1190,2023-12-17,CUST_148,PROD_22,1492.72,4,Europe,Web
ORD_1191,2023-02-21,CUST_202,PROD_64,312.16,1,North America,Mobile
ORD_1192,2023-06-29,CUST_277,PROD_89,17.77,1,North America,Mobile
ORD_1193,2023-05-23,CUST_20,PROD_67,152.28,3,Europe,Mobile
ORD_1194,2023-02-26,CUST_6,PROD_71,261.64,4,Europe,Web
ORD_1195,2023-02-12,CUST_110,PROD_55,685.38,3,North America,Mobile
ORD_1196,2023-02-03,CUST_78,PROD_4,470.78,1,Europe,Web
ORD_1197,2023-02-01,CUST_351,PROD_37,1497.09,3,Europe,Mobile
ORD_1198,2023-01-27,CUST_121,PROD_82,654.18,3,Europe,Mobile
ORD_1199,2023-02-09,CUST_196,PROD_3,453.37,1,Europe,Web
ORD_1200,2023-01-24,CUST_282,PROD_70,145.56,4,North America,Web
ORD_1201,2023-11-29,CUST_225,PROD_40,525.88,2,Europe,Web
ORD_1202,2023-09-24,CUST_127,PROD_34,133.02,2,North America,Mobile
ORD_1203,2023-04-16,CUST_246,PROD_34,133.02,2,North America,Mobile
ORD_1204,2023-02-08,CUST_99,PROD_4,1883.12,4,Europe,Mobile
ORD_1205,2023-04-30,CUST_468,PROD_99,1880.52,4,North America,Mobile
ORD_1206,2023-03-26,CUST_352,PROD_27,1441.11,3,Europe,Web
ORD_1207,2023-11-05,CUST_89,PROD_65,426.94,2,Europe,Web
ORD_1208,2023-05-12,CUST_425,PROD_91,963.04,2,Asia,Mobile
ORD_1209,2023-07-11,CUST_463,PROD_6,159.72,2,Europe,Web
ORD_1210,2023-12-05,CUST_99,PROD_55,228.46,1,Europe,Mobile
ORD_1211,2023-08-19,CUST_283,PROD_81,1358.1,3,Europe,Mobile
ORD_1212,2023-12-14,CUST_7,PROD_10,358.57,1,North America,Web
ORD_1213,2023-08-18,CUST_19,PROD_99,1410.39,3,Europe,Mobile
ORD_1214,2023-11-15,CUST_238,PROD_19,729.54,2,North America,Web
ORD_1215,2023-07-26,CUST_153,PROD_86,1420.62,3,North America,Web
ORD_1216,2023-01-09,CUST_189,PROD_12,50.49,1,Asia,Web
ORD_1217,2023-12-28,CUST_362,PROD_59,1081.51,4,Europe,Web
ORD_1218,2023-11-24,CUST_489,PROD_73,374.76,3,North America,Web
ORD_1219,2023-04-28,CUST_239,PROD_39,788.4,4,Asia,Mobile
ORD_1220,2023-11-16,CUST_88,PROD_94,123.84,2,Europe,Mobile
ORD_1221,2023-11-29,CUST_356,PROD_77,1299.48,3,Europe,Mobile
ORD_1222,2023-10-01,CUST_225,PROD_41,308.97,1,Europe,Web
ORD_1223,2023-07-17,CUST_373,PROD_35,114.15,1,North America,Web
ORD_1224,2023-01-30,CUST_127,PROD_78,972.72,2,North America,Mobile
ORD_1225,2023-01-16,CUST_484,PROD_23,85.0,2,North America,Mobile
ORD_1226,2023-11-28,CUST_483,PROD_57,361.02,1,Europe,Mobile
ORD_1227,2023-10-19,CUST_474,PROD_48,701.69,4,Europe,Mobile
ORD_1228,2023-08-10,CUST_124,PROD_95,462.62,2,Asia,Mobile
ORD_1229,2023-09-26,CUST_1,PROD_45,657.45,3,Europe,Web
ORD_1230,2023-07-15,CUST_340,PROD_13,591.18,2,Europe,Mobile
ORD_1231,2023-07-21,CUST_221,PROD_32,1943.56,4,North America,Web
ORD_1232,2023-08-11,CUST_430,PROD_19,1459.08,4,Asia,Web
ORD_1233,2023-08-05,CUST_30,PROD_38,1703.4,4,Europe,Web
ORD_1234,2023-11-26,CUST_437,PROD_11,529.71,3,Europe,Web
ORD_1235,2023-04-08,CUST_5,PROD_27,480.37,1,Europe,Mobile
ORD_1236,2023-06-29,CUST_136,PROD_26,787.44,3,North America,Mobile
ORD_1237,2023-08-17,CUST_234,PROD_26,262.48,1,North America,Mobile
ORD_1238,2023-01-23,CUST_194,PROD_23,170.0,4,Europe,Mobile
ORD_1239,2023-04-14,CUST_438,PROD_9,68.88,4,Asia,Web
ORD_1240,2023-03-26,CUST_455,PROD_10,430.28,2,Europe,Mobile
ORD_1241,2023-04-13,CUST_321,PROD_19,364.77,1,North America,Mobile
ORD_1242,2023-01-01,CUST_210,PROD_93,683.02,2,Europe,Mobile
ORD_1243,2023-11-10,CUST_196,PROD_58,373.76,4,Europe,Mobile
ORD_1244,2023-09-25,CUST_244,PROD_79,114.2,2,North America,Web
ORD_1245,2023-12-30,CUST_50,PROD_71,196.23,3,Europe,Web
ORD_1246,2023-06-21,CUST_216,PROD_8,562.29,3,Europe,Mobile
ORD_1247,2023-06-29,CUST_312,PROD_43,956.82,2,Europe,Mobile
ORD_1248,2023-09-20,CUST_259,PROD_68,356.76,3,Asia,Web
ORD_1249,2023-02-05,CUST_175,PROD_80,826.74,2,Europe,Mobile
ORD_1250,2023-03-26,CUST_277,PROD_54,320.76,1,North America,Mobile
ORD_1251,2023-03-25,CUST_355,PROD_39,236.52,2,Europe,Web
ORD_1252,2023-09-03,CUST_133,PROD_26,314.98,2,Europe,Web
ORD_1253,2023-02-19,CUST_423,PROD_28,1107.12,3,Europe,Web
ORD_1254,2023-04-23,CUST_197,PROD_83,193.71,1,Europe,Mobile
ORD_1255,2023-06-03,CUST_327,PROD_92,615.64,2,Asia,Web
ORD_1256,2023-02-06,CUST_278,PROD_58,186.88,2,North America,Web
ORD_1257,2023-10-18,CUST_349,PROD_9,51.66,3,Europe,Web
ORD_1258,2023-08-17,CUST_176,PROD_10,1075.71,3,Europe,Mobile
ORD_1259,2023-12-19,CUST_402,PROD_58,280.32,3,Europe,Web
ORD_1260,2023-03-31,CUST_345,PROD_2,431.28,3,Europe,Web
ORD_1261,2023-11-23,CUST_491,PROD_60,696.32,2,Europe,Mobile
ORD_1262,2023-03-28,CUST_28,PROD_59,1351.89,3,Asia,Mobile
ORD_1263,2023-01-08,CUST_410,PROD_36,389.05,2,Europe,Mobile
ORD_1264,2023-05-08,CUST_410,PROD_86,947.08,2,Europe,Mobile
ORD_1265,2023-09-13,CUST_322,PROD_17,463.68,1,North America,Web
ORD_1266,2023-06-06,CUST_296,PROD_74,79.19,1,Europe,Mobile
ORD_1267,2023-01-28,CUST_50,PROD_47,573.7,4,Europe,Mobile
ORD_1268,2023-05-03,CUST_136,PROD_65,213.47,1,North America,Mobile
ORD_1269,2023-02-19,CUST_44,PROD_1,203.49,1,Europe,Mobile
ORD_1270,2023-08-22,CUST_423,PROD_68,285.41,4,Europe,Mobile
ORD_1271,2023-12-11,CUST_80,PROD_80,1240.11,3,Europe,Web
ORD_1272,2023-08-26,CUST_111,PROD_30,60.71,2,Europe,Mobile
ORD_1273,2023-06-10,CUST_444,PROD_9,34.44,2,Europe,Web
ORD_1274,2023-08-21,CUST_228,PROD_91,963.04,2,North America,Mobile
ORD_1275,2023-11-12,CUST_358,PROD_38,1277.55,3,Asia,Mobile
ORD_1276,2023-01-21,CUST_129,PROD_97,314.02,2,Asia,Mobile
ORD_1277,2023-05-08,CUST_183,PROD_74,237.57,3,North America,Mobile
ORD_1278,2023-09-12,CUST_139,PROD_7,486.56,2,Asia,Web
ORD_1279,2023-03-06,CUST_369,PROD_79,171.3,3,Europe,Web
ORD_1280,2023-04-28,CUST_235,PROD_49,23.55,1,Europe,Mobile
ORD_1281,2023-04-23,CUST_1,PROD_96,408.16,2,Europe,Web
ORD_1282,2023-10-27,CUST_57,PROD_8,337.37,3,Europe,Web
ORD_1283,2023-07-27,CUST_160,PROD_9,34.44,2,North America,Web
ORD_1284,2023-05-01,CUST_178,PROD_31,377.19,1,Europe,Web
ORD_1285,2023-06-23,CUST_322,PROD_25,180.39,3,North America,Web
ORD_1286,2023-08-02,CUST_157,PROD_39,591.3,3,Asia,Mobile
ORD_1287,2023-11-28,CUST_173,PROD_20,215.98,2,Asia,Web
ORD_1288,2023-06-06,CUST_429,PROD_3,906.74,2,Europe,Mobile
ORD_1289,2023-04-12,CUST_367,PROD_67,101.52,2,Asia,Web
ORD_1290,2023-12-10,CUST_327,PROD_3,1813.48,4,Asia,Mobile
ORD_1291,2023-10-19,CUST_484,PROD_71,65.41,1,North America,Mobile
ORD_1292,2023-01-22,CUST_489,PROD_13,591.18,2,North America,Mobile
ORD_1293,2023-07-02,CUST_200,PROD_39,788.4,4,Asia,Mobile
ORD_1294,2023-02-19,CUST_22,PROD_54,1283.04,4,Asia,Web
ORD_1295,2023-05-09,CUST_102,PROD_90,1956.32,4,Asia,Mobile
ORD_1296,2023-11-16,CUST_86,PROD_83,774.84,4,Europe,Mobile
ORD_1297,2023-07-17,CUST_108,PROD_20,323.97,3,Asia,Mobile
ORD_1298,2023-05-04,CUST_420,PROD_30,101.18,2,Asia,Mobile
ORD_1299,2023-04-26,CUST_463,PROD_40,262.94,1,Europe,Web
ORD_1300,2023-11-05,CUST_45,PROD_74,158.38,2,Asia,Web
ORD_1301,2023-02-14,CUST_174,PROD_21,71.36,2,North America,Mobile
ORD_1302,2023-10-05,CUST_63,PROD_47,717.12,3,Europe,Mobile
ORD_1303,2023-01-05,CUST_142,PROD_18,696.42,3,North America,Mobile
ORD_1304,2023-10-12,CUST_160,PROD_73,374.76,3,North America,Mobile
ORD_1305,2023-01-31,CUST_430,PROD_43,478.41,1,Asia,Mobile
ORD_1306,2023-11-10,CUST_79,PROD_25,120.26,2,Europe,Mobile
ORD_1307,2023-12-06,CUST_225,PROD_1,203.49,1,Europe,Web
ORD_1308,2023-10-30,CUST_297,PROD_30,101.18,2,North America,Web
ORD_1309,2023-07-04,CUST_109,PROD_99,470.13,1,Asia,Mobile
ORD_1310,2023-05-18,CUST_115,PROD_20,107.99,1,North America,Web
ORD_1311,2023-01-04,CUST_399,PROD_28,1476.16,4,Europe,Web
ORD_1312,2023-10-15,CUST_123,PROD_18,464.28,2,Asia,Web
ORD_1313,2023-10-15,CUST_252,PROD_39,197.1,1,North America,Web
ORD_1314,2023-07-16,CUST_52,PROD_33,405.74,1,Europe,Web
ORD_1315,2023-06-06,CUST_461,PROD_49,28.26,2,Europe,Mobile
ORD_1316,2023-12-07,CUST_333,PROD_87,1925.12,4,Europe,Web
ORD_1317,2023-12-22,CUST_394,PROD_3,1360.11,3,Europe,Web
ORD_1318,2023-04-24,CUST_36,PROD_23,85.0,2,North America,Web
ORD_1319,2023-03-26,CUST_245,PROD_5,242.52,2,Europe,Web
ORD_1320,2023-04-05,CUST_321,PROD_76,500.48,4,North America,Web
ORD_1321,2023-06-19,CUST_302,PROD_54,962.28,3,Asia,Mobile
ORD_1322,2023-09-30,CUST_372,PROD_21,142.72,4,North America,Mobile
ORD_1323,2023-12-13,CUST_125,PROD_97,314.02,2,North America,Web
ORD_1324,2023-09-22,CUST_349,PROD_59,901.26,2,Europe,Web
ORD_1325,2023-05-21,CUST_220,PROD_7,145.97,1,Europe,Mobile
ORD_1326,2023-01-09,CUST_266,PROD_15,1018.82,4,Europe,Mobile
ORD_1327,2023-10-24,CUST_235,PROD_55,913.84,4,Europe,Mobile
ORD_1328,2023-06-15,CUST_377,PROD_80,413.37,1,Europe,Mobile
ORD_1329,2023-09-12,CUST_195,PROD_7,243.28,1,Europe,Web
ORD_1330,2023-03-01,CUST_81,PROD_77,433.16,1,North America,Web
ORD_1331,2023-01-31,CUST_1,PROD_46,945.12,2,Europe,Web
ORD_1332,2023-11-09,CUST_172,PROD_27,1921.48,4,North America,Web
ORD_1333,2023-08-26,CUST_201,PROD_57,361.02,1,Europe,Web
ORD_1334,2023-02-03,CUST_117,PROD_15,1273.53,3,Europe,Mobile
ORD_1335,2023-10-26,CUST_177,PROD_34,66.51,1,Europe,Web
ORD_1336,2023-05-26,CUST_356,PROD_23,85.0,2,Europe,Web
ORD_1337,2023-06-15,CUST_88,PROD_10,860.57,4,Europe,Web
ORD_1338,2023-07-06,CUST_283,PROD_93,683.02,2,Europe,Web
ORD_1339,2023-07-04,CUST_442,PROD_57,361.02,1,Europe,Web
ORD_1340,2023-08-27,CUST_265,PROD_6,532.4,4,North America,Web
ORD_1341,2023-11-01,CUST_42,PROD_76,500.48,4,Europe,Mobile
ORD_1342,2023-10-13,CUST_367,PROD_11,706.28,4,Asia,Web
ORD_1343,2023-09-29,CUST_230,PROD_75,1043.97,3,Europe,Mobile
ORD_1344,2023-02-28,CUST_362,PROD_31,377.19,1,Europe,Mobile
ORD_1345,2023-05-09,CUST_277,PROD_8,187.43,1,North America,Web
ORD_1346,2023-07-12,CUST_52,PROD_28,1476.16,4,Europe,Web
ORD_1347,2023-09-25,CUST_395,PROD_26,262.48,1,Asia,Mobile
ORD_1348,2023-10-23,CUST_308,PROD_37,1996.12,4,Europe,Mobile
ORD_1349,2023-06-09,CUST_431,PROD_75,1043.97,3,North America,Web
ORD_1350,2023-01-29,CUST_96,PROD_81,1358.1,3,Asia,Web
ORD_1351,2023-03-22,CUST_216,PROD_51,192.84,2,Europe,Web
ORD_1352,2023-04-05,CUST_14,PROD_80,826.74,2,Europe,Web
ORD_1353,2023-01-15,CUST_219,PROD_14,365.91,3,North America,Mobile
ORD_1354,2023-08-27,CUST_344,PROD_87,1443.84,3,Europe,Mobile
ORD_1355,2023-10-29,CUST_308,PROD_18,232.14,1,Europe,Web
ORD_1356,2023-11-26,CUST_190,PROD_85,978.42,2,Europe,Web
ORD_1357,2023-08-13,CUST_84,PROD_66,625.91,3,Europe,Web
ORD_1358,2023-02-22,CUST_158,PROD_64,1248.64,4,Europe,Mobile
ORD_1359,2023-12-12,CUST_282,PROD_31,1131.57,3,North America,Web
ORD_1360,2023-12-12,CUST_251,PROD_71,65.41,1,Asia,Web
ORD_1361,2023-05-17,CUST_500,PROD_27,1921.48,4,Europe,Mobile
ORD_1362,2023-08-27,CUST_319,PROD_8,749.72,4,Europe,Mobile
ORD_1363,2023-04-08,CUST_429,PROD_6,239.58,3,Europe,Mobile
ORD_1364,2023-02-12,CUST_407,PROD_71,196.23,3,Asia,Mobile
ORD_1365,2023-06-10,CUST_249,PROD_40,262.94,1,Asia,Mobile
ORD_1366,2023-09-28,CUST_434,PROD_19,437.72,2,Europe,Mobile
ORD_1367,2023-09-16,CUST_213,PROD_12,100.98,2,Asia,Mobile
ORD_1368,2023-12-06,CUST_166,PROD_2,287.52,2,Asia,Mobile
ORD_1369,2023-01-25,CUST_379,PROD_71,130.82,2,Europe,Mobile
ORD_1370,2023-11-25,CUST_499,PROD_10,358.57,1,Europe,Mobile
ORD_1371,2023-12-15,CUST_290,PROD_60,1044.48,3,North America,Web
ORD_1372,2023-12-25,CUST_453,PROD_56,436.9,2,Asia,Web
ORD_1373,2023-09-19,CUST_218,PROD_1,488.38,4,Europe,Web
ORD_1374,2023-08-18,CUST_446,PROD_39,591.3,3,Europe,Mobile
ORD_1375,2023-04-13,CUST_306,PROD_14,219.55,3,Europe,Web
ORD_1376,2023-07-19,CUST_339,PROD_29,254.52,2,Asia,Mobile
ORD_1377,2023-01-11,CUST_309,PROD_29,254.52,2,North America,Mobile
ORD_1378,2023-08-06,CUST_465,PROD_8,187.43,1,Asia,Web
ORD_1379,2023-06-01,CUST_92,PROD_92,307.82,1,Asia,Web
ORD_1380,2023-12-03,CUST_129,PROD_33,405.74,1,Asia,Mobile
ORD_1381,2023-04-30,CUST_308,PROD_32,291.53,1,Europe,Web
ORD_1382,2023-12-09,CUST_83,PROD_86,1420.62,3,Asia,Mobile
ORD_1383,2023-09-15,CUST_217,PROD_8,374.86,2,North America,Mobile
ORD_1384,2023-12-06,CUST_157,PROD_65,640.41,3,Asia,Web
ORD_1385,2023-07-16,CUST_374,PROD_62,544.76,4,Europe,Web
ORD_1386,2023-07-09,CUST_135,PROD_48,292.37,1,Europe,Mobile
ORD_1387,2023-08-10,CUST_40,PROD_94,247.68,4,Europe,Mobile
ORD_1388,2023-07-29,CUST_346,PROD_15,424.51,1,Asia,Web
ORD_1389,2023-07-18,CUST_489,PROD_90,1467.24,3,North America,Web
ORD_1390,2023-07-20,CUST_459,PROD_55,913.84,4,Asia,Web
ORD_1391,2023-01-11,CUST_331,PROD_17,463.68,1,Asia,Web
ORD_1392,2023-04-07,CUST_407,PROD_42,894.88,4,Asia,Mobile
ORD_1393,2023-03-16,CUST_269,PROD_62,544.76,4,Asia,Mobile
ORD_1394,2023-01-06,CUST_151,PROD_78,1945.44,4,Europe,Web
ORD_1395,2023-06-26,CUST_362,PROD_96,816.32,4,Europe,Mobile
ORD_1396,2023-06-22,CUST_238,PROD_1,406.98,2,North America,Web
ORD_1397,2023-12-16,CUST_213,PROD_17,463.68,1,Asia,Web
ORD_1398,2023-11-19,CUST_402,PROD_45,438.3,2,Europe,Web
ORD_1399,2023-12-24,CUST_424,PROD_86,1420.62,3,Europe,Mobile
ORD_1400,2023-07-03,CUST_491,PROD_1,610.47,3,Europe,Web
ORD_1401,2023-06-25,CUST_272,PROD_16,1309.74,3,Europe,Mobile
ORD_1402,2023-03-30,CUST_364,PROD_25,60.13,1,North America,Web
ORD_1403,2023-08-06,CUST_218,PROD_11,706.28,4,Europe,Web
ORD_1404,2023-08-18,CUST_477,PROD_32,1166.14,4,Europe,Mobile
ORD_1405,2023-03-17,CUST_182,PROD_3,453.37,1,Asia,Mobile
ORD_1406,2023-05-22,CUST_181,PROD_69,337.5,3,North America,Mobile
ORD_1407,2023-02-26,CUST_101,PROD_32,583.07,2,Europe,Web
ORD_1408,2023-11-29,CUST_154,PROD_83,968.55,3,Asia,Web
ORD_1409,2023-11-20,CUST_212,PROD_74,316.76,4,Asia,Mobile
ORD_1410,2023-06-29,CUST_382,PROD_32,485.89,1,North America,Web
ORD_1411,2023-11-21,CUST_165,PROD_55,913.84,4,Europe,Web
ORD_1412,2023-06-04,CUST_68,PROD_87,962.56,2,Asia,Web
ORD_1413,2023-08-09,CUST_144,PROD_8,749.72,4,Europe,Mobile
ORD_1414,2023-09-20,CUST_264,PROD_12,100.98,2,Asia,Web
ORD_1415,2023-02-22,CUST_271,PROD_43,956.82,2,Asia,Web
ORD_1416,2023-06-08,CUST_468,PROD_81,452.7,1,North America,Web
ORD_1417,2023-06-06,CUST_434,PROD_94,185.76,3,Europe,Mobile
ORD_1418,2023-12-20,CUST_352,PROD_83,774.84,4,Europe,Web
ORD_1419,2023-03-14,CUST_122,PROD_31,754.38,2,Europe,Mobile
ORD_1420,2023-07-02,CUST_486,PROD_81,271.62,1,Europe,Mobile
ORD_1421,2023-02-05,CUST_33,PROD_6,399.3,3,Europe,Mobile
ORD_1422,2023-04-19,CUST_244,PROD_89,71.08,4,North America,Mobile
ORD_1423,2023-03-21,CUST_25,PROD_14,487.88,4,North America,Mobile
ORD_1424,2023-03-06,CUST_358,PROD_68,118.92,1,Asia,Mobile
ORD_1425,2023-05-31,CUST_277,PROD_58,280.32,3,North America,Mobile
ORD_1426,2023-05-20,CUST_161,PROD_92,1231.28,4,Asia,Web
ORD_1427,2023-08-02,CUST_84,PROD_99,1410.39,3,Europe,Web
ORD_1428,2023-11-26,CUST_355,PROD_63,158.94,3,Europe,Web
ORD_1429,2023-08-17,CUST_164,PROD_40,788.82,3,North America,Mobile
ORD_1430,2023-08-10,CUST_201,PROD_82,654.18,3,Europe,Mobile
ORD_1431,2023-07-06,CUST_300,PROD_20,323.97,3,Europe,Mobile
ORD_1432,2023-04-25,CUST_53,PROD_66,347.73,1,Europe,Web
ORD_1433,2023-08-09,CUST_419,PROD_51,289.26,3,Asia,Web
ORD_1434,2023-07-17,CUST_117,PROD_89,35.54,2,Europe,Mobile
ORD_1435,2023-07-18,CUST_287,PROD_74,158.38,2,Europe,Mobile
ORD_1436,2023-02-23,CUST_108,PROD_22,746.36,2,Asia,Web
ORD_1437,2023-12-29,CUST_477,PROD_21,107.04,3,Europe,Mobile
ORD_1438,2023-12-31,CUST_216,PROD_20,431.96,4,Europe,Web
ORD_1439,2023-12-20,CUST_187,PROD_6,399.3,3,North America,Web
ORD_1440,2023-05-24,CUST_473,PROD_78,486.36,1,Europe,Mobile
ORD_1441,2023-08-19,CUST_280,PROD_14,365.91,3,Europe,Mobile
ORD_1442,2023-06-15,CUST_334,PROD_21,71.36,2,Europe,Mobile
ORD_1443,2023-05-25,CUST_260,PROD_82,654.18,3,Asia,Mobile
ORD_1444,2023-12-20,CUST_184,PROD_4,1412.34,3,Asia,Web
ORD_1445,2023-11-18,CUST_372,PROD_46,945.12,2,North America,Web
ORD_1446,2023-09-19,CUST_228,PROD_62,544.76,4,North America,Mobile
ORD_1447,2023-02-10,CUST_14,PROD_2,345.02,4,Europe,Mobile
ORD_1448,2023-06-09,CUST_265,PROD_27,1921.48,4,North America,Web
ORD_1449,2023-02-13,CUST_235,PROD_8,562.29,3,Europe,Web
ORD_1450,2023-05-14,CUST_344,PROD_91,866.74,3,Europe,Web
ORD_1451,2023-02-03,CUST_41,PROD_70,72.78,2,Europe,Web
ORD_1452,2023-11-08,CUST_460,PROD_17,1854.72,4,Europe,Mobile
ORD_1453,2023-08-09,CUST_353,PROD_84,1591.52,4,Asia,Web
ORD_1454,2023-04-02,CUST_375,PROD_83,968.55,3,Asia,Mobile
ORD_1455,2023-07-03,CUST_111,PROD_97,94.21,1,Europe,Mobile
ORD_1456,2023-11-13,CUST_186,PROD_83,645.7,2,Europe,Web
ORD_1457,2023-03-01,CUST_106,PROD_10,1434.28,4,North America,Mobile
ORD_1458,2023-11-08,CUST_154,PROD_79,228.4,4,Asia,Web
ORD_1459,2023-04-29,CUST_225,PROD_60,1044.48,3,Europe,Web
ORD_1460,2023-07-05,CUST_316,PROD_53,208.62,3,North America,Web
ORD_1461,2023-10-14,CUST_352,PROD_88,243.84,4,Europe,Mobile
ORD_1462,2023-01-25,CUST_96,PROD_27,480.37,1,Asia,Web
ORD_1463,2023-09-12,CUST_152,PROD_13,591.18,2,Europe,Mobile
ORD_1464,2023-10-13,CUST_211,PROD_4,1883.12,4,Europe,Web
ORD_1465,2023-11-19,CUST_115,PROD_71,261.64,4,North America,Web
ORD_1466,2023-07-31,CUST_485,PROD_70,109.17,3,Asia,Mobile
ORD_1467,2023-10-30,CUST_417,PROD_70,145.56,4,Asia,Web
ORD_1468,2023-12-04,CUST_419,PROD_3,906.74,2,Asia,Web
ORD_1469,2023-08-13,CUST_328,PROD_21,71.36,2,Asia,Web
ORD_1470,2023-01-19,CUST_318,PROD_7,243.28,1,Europe,Web
ORD_1471,2023-05-17,CUST_389,PROD_23,85.0,2,Asia,Mobile
ORD_1472,2023-06-15,CUST_30,PROD_80,1653.48,4,Europe,Mobile
ORD_1473,2023-08-08,CUST_314,PROD_82,392.51,3,Europe,Web
ORD_1474,2023-02-23,CUST_27,PROD_65,384.25,3,Europe,Mobile
ORD_1475,2023-06-04,CUST_306,PROD_77,1039.58,4,Europe,Web
ORD_1476,2023-03-26,CUST_430,PROD_37,499.03,1,Asia,Mobile
ORD_1477,2023-04-02,CUST_96,PROD_88,243.84,4,Asia,Mobile
ORD_1478,2023-04-17,CUST_21,PROD_66,347.73,1,Europe,Web
ORD_1479,2023-02-06,CUST_335,PROD_18,232.14,1,Europe,Mobile
ORD_1480,2023-07-04,CUST_112,PROD_62,544.76,4,Europe,Mobile
ORD_1481,2023-09-13,CUST_473,PROD_11,211.88,2,Europe,Web
ORD_1482,2023-05-01,CUST_43,PROD_39,197.1,1,North America,Mobile
ORD_1483,2023-03-19,CUST_237,PROD_80,413.37,1,Europe,Mobile
ORD_1484,2023-04-07,CUST_460,PROD_11,353.14,2,Europe,Mobile
ORD_1485,2023-10-26,CUST_284,PROD_43,861.14,3,Europe,Mobile
ORD_1486,2023-09-29,CUST_275,PROD_12,60.59,2,Europe,Mobile
ORD_1487,2023-09-23,CUST_24,PROD_41,308.97,1,Europe,Web
ORD_1488,2023-09-02,CUST_425,PROD_3,1813.48,4,Asia,Web
ORD_1489,2023-03-29,CUST_394,PROD_6,133.1,1,Europe,Web
ORD_1490,2023-05-10,CUST_134,PROD_96,612.24,3,Europe,Mobile
ORD_1491,2023-12-29,CUST_127,PROD_37,499.03,1,North America,Web
ORD_1492,2023-12-28,CUST_231,PROD_26,787.44,3,Asia,Web
ORD_1493,2023-04-10,CUST_20,PROD_51,96.42,1,Europe,Web
ORD_1494,2023-11-12,CUST_18,PROD_86,284.12,1,Europe,Mobile
ORD_1495,2023-06-12,CUST_151,PROD_6,133.1,1,Europe,Web
ORD_1496,2023-12-10,CUST_30,PROD_59,450.63,1,Europe,Web
ORD_1497,2023-07-03,CUST_282,PROD_7,243.28,1,North America,Web
ORD_1498,2023-07-03,CUST_123,PROD_100,1232.64,4,Asia,Mobile
ORD_1499,2023-02-02,CUST_449,PROD_39,197.1,1,Asia,Mobile
ORD_1500,2023-10-27,CUST_238,PROD_74,237.57,3,North America,Web
ORD_1501,2023-11-03,CUST_139,PROD_53,278.16,4,Asia,Mobile
ORD_1502,2023-02-26,CUST_337,PROD_11,176.57,1,North America,Mobile
ORD_1503,2023-11-08,CUST_94,PROD_67,101.52,2,Europe,Web
ORD_1504,2023-05-21,CUST_32,PROD_35,114.15,1,Asia,Web
ORD_1505,2023-03-31,CUST_68,PROD_75,1043.97,3,Asia,Mobile
ORD_1506,2023-09-28,CUST_400,PROD_49,94.2,4,North America,Mobile
ORD_1507,2023-05-23,CUST_339,PROD_80,826.74,2,Asia,Mobile
ORD_1508,2023-02-05,CUST_473,PROD_58,224.26,4,Europe,Web
ORD_1509,2023-09-02,CUST_376,PROD_14,365.91,3,Europe,Mobile
ORD_1510,2023-06-20,CUST_469,PROD_20,107.99,1,North America,Web
ORD_1511,2023-10-25,CUST_42,PROD_65,853.88,4,Europe,Web
ORD_1512,2023-09-21,CUST_175,PROD_7,243.28,1,Europe,Web
ORD_1513,2023-04-09,CUST_256,PROD_23,170.0,4,Europe,Web
ORD_1514,2023-03-07,CUST_346,PROD_81,1358.1,3,Asia,Web
ORD_1515,2023-06-09,CUST_437,PROD_86,1420.62,3,Europe,Mobile
ORD_1516,2023-11-08,CUST_100,PROD_43,1913.64,4,Asia,Mobile
ORD_1517,2023-01-24,CUST_130,PROD_29,509.04,4,Europe,Mobile
ORD_1518,2023-10-28,CUST_366,PROD_72,1341.6,4,North America,Mobile
ORD_1519,2023-12-15,CUST_119,PROD_47,239.04,1,Asia,Mobile
ORD_1520,2023-05-19,CUST_298,PROD_71,261.64,4,North America,Mobile
ORD_1521,2023-01-04,CUST_63,PROD_86,1894.16,4,Europe,Web
ORD_1522,2023-01-11,CUST_392,PROD_14,487.88,4,Europe,Mobile
ORD_1523,2023-01-21,CUST_77,PROD_45,876.6,4,Europe,Web
ORD_1524,2023-06-25,CUST_317,PROD_13,886.77,3,Asia,Web
ORD_1525,2023-08-06,CUST_23,PROD_50,700.68,2,North America,Web
ORD_1526,2023-01-19,CUST_64,PROD_79,114.2,2,Europe,Web
ORD_1527,2023-12-23,CUST_301,PROD_27,1441.11,3,Asia,Mobile
ORD_1528,2023-02-22,CUST_78,PROD_91,963.04,2,Europe,Web
ORD_1529,2023-11-01,CUST_371,PROD_93,341.51,1,North America,Mobile
ORD_1530,2023-05-29,CUST_112,PROD_25,240.52,4,Europe,Mobile
ORD_1531,2023-03-03,CUST_54,PROD_78,1945.44,4,North America,Mobile
ORD_1532,2023-01-06,CUST_136,PROD_66,695.46,2,North America,Web
ORD_1533,2023-04-08,CUST_303,PROD_53,278.16,4,Asia,Mobile
ORD_1534,2023-04-11,CUST_405,PROD_23,127.5,3,North America,Web
ORD_1535,2023-05-20,CUST_396,PROD_22,1119.54,3,North America,Web
ORD_1536,2023-11-15,CUST_311,PROD_93,204.91,1,Europe,Mobile
ORD_1537,2023-12-19,CUST_466,PROD_88,121.92,2,North America,Mobile
ORD_1538,2023-06-25,CUST_365,PROD_83,322.85,1,Europe,Mobile
ORD_1539,2023-03-05,CUST_447,PROD_59,450.63,1,North America,Web
ORD_1540,2023-02-17,CUST_435,PROD_49,23.55,1,North America,Web
ORD_1541,2023-11-17,CUST_346,PROD_4,1412.34,3,Asia,Mobile
ORD_1542,2023-05-08,CUST_361,PROD_3,1813.48,4,Europe,Web
ORD_1543,2023-01-19,CUST_113,PROD_86,947.08,2,Europe,Web
ORD_1544,2023-10-29,CUST_469,PROD_98,1163.04,4,North America,Mobile
ORD_1545,2023-11-20,CUST_294,PROD_8,374.86,2,North America,Mobile
ORD_1546,2023-08-16,CUST_499,PROD_4,470.78,1,Europe,Web
ORD_1547,2023-11-05,CUST_2,PROD_84,795.76,2,North America,Web
ORD_1548,2023-07-24,CUST_253,PROD_20,323.97,3,North America,Web
ORD_1549,2023-02-09,CUST_30,PROD_15,254.71,1,Europe,Web
ORD_1550,2023-07-22,CUST_320,PROD_48,1169.48,4,North America,Mobile
ORD_1551,2023-02-12,CUST_129,PROD_72,1341.6,4,Asia,Web
ORD_1552,2023-07-01,CUST_435,PROD_50,1051.02,3,North America,Web
ORD_1553,2023-05-27,CUST_10,PROD_72,1341.6,4,Europe,Mobile
ORD_1554,2023-05-29,CUST_72,PROD_81,1358.1,3,North America,Web
ORD_1555,2023-07-02,CUST_489,PROD_34,266.04,4,North America,Mobile
ORD_1556,2023-08-25,CUST_434,PROD_89,53.31,3,Europe,Mobile
ORD_1557,2023-08-29,CUST_247,PROD_25,120.26,2,North America,Mobile
ORD_1558,2023-08-30,CUST_413,PROD_82,218.06,1,Asia,Web
ORD_1559,2023-10-13,CUST_54,PROD_24,1342.36,4,North America,Mobile
ORD_1560,2023-08-05,CUST_408,PROD_75,1391.96,4,Asia,Web
ORD_1561,2023-09-26,CUST_492,PROD_70,145.56,4,North America,Mobile
ORD_1562,2023-05-20,CUST_489,PROD_41,926.91,3,North America,Web
ORD_1563,2023-12-23,CUST_73,PROD_16,873.16,2,Asia,Web
ORD_1564,2023-06-10,CUST_317,PROD_76,125.12,1,Asia,Mobile
ORD_1565,2023-02-25,CUST_30,PROD_14,243.94,2,Europe,Mobile
ORD_1566,2023-06-07,CUST_462,PROD_11,529.71,3,Europe,Mobile
ORD_1567,2023-06-07,CUST_423,PROD_24,1342.36,4,Europe,Web
ORD_1568,2023-07-17,CUST_63,PROD_74,316.76,4,Europe,Mobile
ORD_1569,2023-10-19,CUST_232,PROD_40,631.06,4,Europe,Mobile
ORD_1570,2023-04-30,CUST_133,PROD_76,75.07,1,Europe,Mobile
ORD_1571,2023-08-19,CUST_274,PROD_79,171.3,3,Asia,Mobile
ORD_1572,2023-08-30,CUST_290,PROD_28,369.04,1,North America,Web
ORD_1573,2023-10-14,CUST_102,PROD_28,1476.16,4,Asia,Web
ORD_1574,2023-04-29,CUST_490,PROD_62,272.38,2,North America,Web
ORD_1575,2023-10-13,CUST_23,PROD_86,1420.62,3,North America,Mobile
ORD_1576,2023-03-07,CUST_148,PROD_29,229.07,3,Europe,Mobile
ORD_1577,2023-09-27,CUST_274,PROD_100,924.48,3,Asia,Web
ORD_1578,2023-04-12,CUST_24,PROD_58,93.44,1,Europe,Mobile
ORD_1579,2023-12-27,CUST_220,PROD_60,696.32,2,Europe,Web
ORD_1580,2023-12-30,CUST_319,PROD_10,1434.28,4,Europe,Web
ORD_1581,2023-09-14,CUST_386,PROD_20,323.97,3,North America,Web
ORD_1582,2023-11-16,CUST_415,PROD_6,532.4,4,Asia,Web
ORD_1583,2023-08-24,CUST_42,PROD_68,237.84,2,Europe,Web
ORD_1584,2023-03-13,CUST_381,PROD_72,804.96,4,Europe,Web
ORD_1585,2023-09-16,CUST_454,PROD_3,1813.48,4,North America,Mobile
ORD_1586,2023-11-23,CUST_66,PROD_31,377.19,1,Asia,Mobile
ORD_1587,2023-01-08,CUST_18,PROD_96,816.32,4,Europe,Mobile
ORD_1588,2023-05-01,CUST_294,PROD_8,749.72,4,North America,Mobile
ORD_1589,2023-10-10,CUST_23,PROD_78,972.72,2,North America,Mobile
ORD_1590,2023-06-10,CUST_61,PROD_55,228.46,1,Europe,Mobile
ORD_1591,2023-05-18,CUST_43,PROD_28,1107.12,3,North America,Web
ORD_1592,2023-10-23,CUST_491,PROD_76,500.48,4,Europe,Web
ORD_1593,2023-05-03,CUST_132,PROD_55,913.84,4,Asia,Web
ORD_1594,2023-02-04,CUST_430,PROD_16,873.16,2,Asia,Web
ORD_1595,2023-04-22,CUST_269,PROD_13,591.18,2,Asia,Web
ORD_1596,2023-12-04,CUST_285,PROD_55,456.92,2,North America,Web
ORD_1597,2023-07-02,CUST_157,PROD_51,385.68,4,Asia,Web
ORD_1598,2023-06-05,CUST_497,PROD_74,237.57,3,Asia,Mobile
ORD_1599,2023-04-19,CUST_266,PROD_56,218.45,1,Europe,Web
ORD_1600,2023-02-27,CUST_76,PROD_73,224.86,3,Europe,Web
ORD_1601,2023-08-05,CUST_279,PROD_87,1443.84,3,Europe,Mobile
ORD_1602,2023-06-15,CUST_288,PROD_62,136.19,1,Asia,Mobile
ORD_1603,2023-05-10,CUST_4,PROD_25,180.39,3,North America,Mobile
ORD_1604,2023-03-06,CUST_457,PROD_70,109.17,3,Europe,Web
ORD_1605,2023-04-05,CUST_30,PROD_14,121.97,1,Europe,Mobile
ORD_1606,2023-09-30,CUST_252,PROD_45,657.45,3,North America,Mobile
ORD_1607,2023-08-05,CUST_97,PROD_1,813.96,4,North America,Web
ORD_1608,2023-02-15,CUST_137,PROD_93,341.51,1,Asia,Mobile
ORD_1609,2023-03-25,CUST_388,PROD_68,237.84,2,Asia,Web
ORD_1610,2023-08-19,CUST_350,PROD_60,1044.48,3,Asia,Web
ORD_1611,2023-11-05,CUST_412,PROD_95,693.93,3,Asia,Web
ORD_1612,2023-08-12,CUST_50,PROD_49,23.55,1,Europe,Web
ORD_1613,2023-02-20,CUST_106,PROD_50,1051.02,3,North America,Mobile
ORD_1614,2023-07-13,CUST_408,PROD_53,69.54,1,Asia,Mobile
ORD_1615,2023-04-14,CUST_1,PROD_18,232.14,1,Europe,Mobile
ORD_1616,2023-03-31,CUST_82,PROD_10,358.57,1,Europe,Mobile
ORD_1617,2023-02-15,CUST_61,PROD_95,693.93,3,Europe,Mobile
ORD_1618,2023-10-19,CUST_29,PROD_51,96.42,1,Asia,Mobile
ORD_1619,2023-11-05,CUST_31,PROD_22,1119.54,3,Europe,Mobile
ORD_1620,2023-08-13,CUST_359,PROD_94,123.84,2,North America,Mobile
ORD_1621,2023-08-12,CUST_482,PROD_52,647.13,3,Europe,Mobile
ORD_1622,2023-06-22,CUST_229,PROD_72,1006.2,3,North America,Web
ORD_1623,2023-06-18,CUST_75,PROD_11,353.14,2,North America,Mobile
ORD_1624,2023-08-03,CUST_383,PROD_14,487.88,4,Asia,Mobile
ORD_1625,2023-06-26,CUST_303,PROD_17,927.36,2,Asia,Mobile
ORD_1626,2023-05-31,CUST_348,PROD_1,610.47,3,Europe,Mobile
ORD_1627,2023-05-15,CUST_4,PROD_44,987.56,2,North America,Web
ORD_1628,2023-03-24,CUST_4,PROD_52,431.42,2,North America,Mobile
ORD_1629,2023-12-31,CUST_284,PROD_46,945.12,2,Europe,Web
ORD_1630,2023-06-21,CUST_351,PROD_38,1703.4,4,Europe,Mobile
ORD_1631,2023-01-21,CUST_425,PROD_91,1444.56,3,Asia,Mobile
ORD_1632,2023-07-07,CUST_59,PROD_39,591.3,3,Asia,Web
ORD_1633,2023-09-23,CUST_145,PROD_46,283.54,1,Europe,Mobile
ORD_1634,2023-02-23,CUST_250,PROD_100,924.48,3,North America,Mobile
ORD_1635,2023-02-14,CUST_52,PROD_32,1457.67,3,Europe,Web
ORD_1636,2023-09-19,CUST_36,PROD_98,290.76,1,North America,Mobile
ORD_1637,2023-09-06,CUST_141,PROD_49,94.2,4,North America,Mobile
ORD_1638,2023-04-15,CUST_305,PROD_71,261.64,4,Europe,Web
ORD_1639,2023-05-24,CUST_155,PROD_12,201.96,4,North America,Mobile
ORD_1640,2023-08-01,CUST_476,PROD_43,1435.23,3,Europe,Mobile
ORD_1641,2023-01-22,CUST_359,PROD_12,50.49,1,North America,Web
ORD_1642,2023-09-30,CUST_485,PROD_42,223.72,1,Asia,Mobile
ORD_1643,2023-11-13,CUST_336,PROD_80,992.09,4,Europe,Web
ORD_1644,2023-04-28,CUST_6,PROD_45,876.6,4,Europe,Mobile
ORD_1645,2023-02-01,CUST_84,PROD_75,835.18,4,Europe,Web
ORD_1646,2023-12-02,CUST_57,PROD_58,112.13,2,Europe,Web
ORD_1647,2023-04-05,CUST_8,PROD_22,746.36,2,Europe,Mobile
ORD_1648,2023-12-19,CUST_20,PROD_95,462.62,2,Europe,Mobile
ORD_1649,2023-01-16,CUST_280,PROD_76,150.14,2,Europe,Mobile
ORD_1650,2023-05-26,CUST_44,PROD_90,978.16,2,Europe,Web
ORD_1651,2023-05-01,CUST_217,PROD_21,142.72,4,North America,Web
ORD_1652,2023-05-25,CUST_80,PROD_56,655.35,3,Europe,Web
ORD_1653,2023-04-09,CUST_166,PROD_6,266.2,2,Asia,Web
ORD_1654,2023-02-05,CUST_171,PROD_21,35.68,1,Asia,Web
ORD_1655,2023-08-15,CUST_391,PROD_60,348.16,1,Europe,Web
ORD_1656,2023-06-30,CUST_485,PROD_44,987.56,2,Asia,Mobile
ORD_1657,2023-05-29,CUST_90,PROD_57,1444.08,4,Europe,Mobile
ORD_1658,2023-01-20,CUST_183,PROD_85,1956.84,4,North America,Mobile
ORD_1659,2023-10-19,CUST_66,PROD_55,456.92,2,Asia,Web
ORD_1660,2023-07-30,CUST_313,PROD_85,1467.63,3,North America,Mobile
ORD_1661,2023-04-27,CUST_81,PROD_64,1248.64,4,North America,Mobile
ORD_1662,2023-04-19,CUST_370,PROD_54,962.28,3,North America,Web
ORD_1663,2023-11-09,CUST_266,PROD_87,1925.12,4,Europe,Mobile
ORD_1664,2023-09-18,CUST_438,PROD_8,374.86,2,Asia,Mobile
ORD_1665,2023-10-19,CUST_420,PROD_31,754.38,2,Asia,Mobile
ORD_1666,2023-08-19,CUST_382,PROD_58,280.32,3,North America,Mobile
ORD_1667,2023-02-22,CUST_382,PROD_83,645.7,2,North America,Web
ORD_1668,2023-05-13,CUST_156,PROD_91,866.74,3,Europe,Mobile
ORD_1669,2023-06-22,CUST_261,PROD_66,1390.92,4,Europe,Mobile
ORD_1670,2023-05-10,CUST_214,PROD_82,654.18,3,North America,Web
ORD_1671,2023-04-18,CUST_89,PROD_55,913.84,4,Europe,Mobile
ORD_1672,2023-12-21,CUST_353,PROD_77,433.16,1,Asia,Mobile
ORD_1673,2023-04-12,CUST_25,PROD_51,289.26,3,North America,Web
ORD_1674,2023-05-21,CUST_244,PROD_59,1802.52,4,North America,Mobile
ORD_1675,2023-12-23,CUST_123,PROD_18,232.14,1,Asia,Web
ORD_1676,2023-10-09,CUST_185,PROD_79,228.4,4,Asia,Mobile
ORD_1677,2023-05-30,CUST_211,PROD_18,232.14,1,Europe,Web
ORD_1678,2023-09-07,CUST_321,PROD_96,816.32,4,North America,Mobile
ORD_1679,2023-06-14,CUST_461,PROD_26,787.44,3,Europe,Web
ORD_1680,2023-03-19,CUST_480,PROD_7,973.12,4,Europe,Web
ORD_1681,2023-09-28,CUST_9,PROD_70,145.56,4,North America,Web
ORD_1682,2023-02-09,CUST_130,PROD_81,1086.48,4,Europe,Mobile
ORD_1683,2023-07-25,CUST_60,PROD_90,1956.32,4,Europe,Web
ORD_1684,2023-09-19,CUST_472,PROD_35,456.6,4,North America,Web
ORD_1685,2023-06-30,CUST_491,PROD_84,397.88,1,Europe,Web
ORD_1686,2023-03-21,CUST_213,PROD_4,941.56,2,Asia,Mobile
ORD_1687,2023-07-26,CUST_276,PROD_77,433.16,1,North America,Web
ORD_1688,2023-12-28,CUST_7,PROD_77,1299.48,3,North America,Web
ORD_1689,2023-05-24,CUST_494,PROD_56,436.9,2,Asia,Web
ORD_1690,2023-06-13,CUST_408,PROD_27,1441.11,3,Asia,Mobile
ORD_1691,2023-01-12,CUST_84,PROD_76,125.12,1,Europe,Mobile
ORD_1692,2023-03-07,CUST_188,PROD_72,335.4,1,North America,Web
ORD_1693,2023-07-24,CUST_299,PROD_25,240.52,4,Europe,Mobile
ORD_1694,2023-05-13,CUST_22,PROD_55,685.38,3,Asia,Web
ORD_1695,2023-03-10,CUST_23,PROD_31,1131.57,3,North America,Mobile
ORD_1696,2023-04-03,CUST_270,PROD_86,1894.16,4,Asia,Web
ORD_1697,2023-10-27,CUST_246,PROD_72,335.4,1,North America,Web
ORD_1698,2023-11-06,CUST_337,PROD_71,261.64,4,North America,Web
ORD_1699,2023-07-05,CUST_173,PROD_18,232.14,1,Asia,Web
ORD_1700,2023-03-25,CUST_103,PROD_31,678.94,3,Europe,Web
ORD_1701,2023-07-04,CUST_154,PROD_40,1051.76,4,Asia,Web
ORD_1702,2023-08-05,CUST_438,PROD_48,1169.48,4,Asia,Mobile
ORD_1703,2023-05-01,CUST_145,PROD_6,133.1,1,Europe,Web
ORD_1704,2023-10-16,CUST_210,PROD_39,197.1,1,Europe,Web
ORD_1705,2023-07-25,CUST_274,PROD_38,425.85,1,Asia,Mobile
ORD_1706,2023-11-02,CUST_165,PROD_22,746.36,2,Europe,Mobile
ORD_1707,2023-03-19,CUST_214,PROD_85,978.42,2,North America,Web
ORD_1708,2023-10-31,CUST_42,PROD_87,481.28,1,Europe,Mobile
ORD_1709,2023-02-07,CUST_452,PROD_87,1443.84,3,Europe,Web
ORD_1710,2023-05-08,CUST_219,PROD_32,1457.67,3,North America,Web
ORD_1711,2023-12-23,CUST_453,PROD_47,478.08,2,Asia,Mobile
ORD_1712,2023-04-19,CUST_300,PROD_95,462.62,2,Europe,Mobile
ORD_1713,2023-10-06,CUST_292,PROD_21,142.72,4,Europe,Web
ORD_1714,2023-07-15,CUST_106,PROD_27,960.74,2,North America,Web
ORD_1715,2023-05-03,CUST_35,PROD_72,1006.2,3,North America,Web
ORD_1716,2023-09-03,CUST_117,PROD_70,72.78,2,Europe,Web
ORD_1717,2023-10-28,CUST_422,PROD_86,947.08,2,Europe,Mobile
ORD_1718,2023-10-15,CUST_332,PROD_22,1119.54,3,North America,Mobile
ORD_1719,2023-05-03,CUST_426,PROD_14,487.88,4,Europe,Mobile
ORD_1720,2023-03-10,CUST_370,PROD_96,612.24,3,North America,Web
ORD_1721,2023-03-02,CUST_65,PROD_56,655.35,3,Asia,Web
ORD_1722,2023-01-10,CUST_413,PROD_97,628.04,4,Asia,Web
ORD_1723,2023-10-20,CUST_451,PROD_63,52.98,1,Europe,Mobile
ORD_1724,2023-12-06,CUST_389,PROD_33,1622.96,4,Asia,Web
ORD_1725,2023-09-09,CUST_124,PROD_81,1358.1,3,Asia,Mobile
ORD_1726,2023-06-13,CUST_255,PROD_86,568.25,2,Europe,Mobile
ORD_1727,2023-04-27,CUST_113,PROD_41,308.97,1,Europe,Web
ORD_1728,2024-01-01,CUST_39,PROD_89,17.77,1,North America,Web
ORD_1729,2023-04-25,CUST_436,PROD_3,1360.11,3,Europe,Mobile
ORD_1730,2023-12-06,CUST_435,PROD_22,373.18,1,North America,Web
ORD_1731,2023-07-21,CUST_294,PROD_36,324.21,1,North America,Mobile
ORD_1732,2023-09-05,CUST_104,PROD_47,956.16,4,Europe,Web
ORD_1733,2023-09-24,CUST_355,PROD_65,640.41,3,Europe,Mobile
ORD_1734,2023-03-14,CUST_150,PROD_93,1024.53,3,Europe,Mobile
ORD_1735,2023-06-22,CUST_487,PROD_1,122.09,1,Europe,Mobile
ORD_1736,2023-07-21,CUST_72,PROD_5,242.52,2,North America,Mobile
ORD_1737,2023-07-29,CUST_270,PROD_26,524.96,2,Asia,Web
ORD_1738,2023-07-10,CUST_130,PROD_73,374.76,3,Europe,Web
ORD_1739,2023-09-09,CUST_498,PROD_89,71.08,4,North America,Mobile
ORD_1740,2023-02-21,CUST_487,PROD_69,225.0,2,Europe,Mobile
ORD_1741,2023-08-20,CUST_282,PROD_44,493.78,1,North America,Web
ORD_1742,2023-03-23,CUST_84,PROD_84,1193.64,3,Europe,Web
ORD_1743,2023-01-29,CUST_317,PROD_64,624.32,2,Asia,Web
ORD_1744,2023-11-21,CUST_149,PROD_37,998.06,2,Europe,Web
ORD_1745,2023-09-10,CUST_168,PROD_73,499.68,4,North America,Web
ORD_1746,2023-03-26,CUST_77,PROD_55,685.38,3,Europe,Mobile
ORD_1747,2023-08-25,CUST_346,PROD_81,1810.8,4,Asia,Web
ORD_1748,2023-06-22,CUST_208,PROD_33,405.74,1,Europe,Mobile
ORD_1749,2023-06-18,CUST_310,PROD_78,1459.08,3,Europe,Web
ORD_1750,2023-07-27,CUST_247,PROD_73,124.92,1,North America,Web
ORD_1751,2023-09-28,CUST_246,PROD_40,788.82,3,North America,Web
ORD_1752,2023-08-30,CUST_315,PROD_73,249.84,2,Europe,Web
ORD_1753,2023-05-25,CUST_134,PROD_23,85.0,2,Europe,Web
ORD_1754,2023-12-02,CUST_357,PROD_62,272.38,2,Asia,Web
ORD_1755,2023-03-13,CUST_249,PROD_88,60.96,1,Asia,Mobile
ORD_1756,2023-08-15,CUST_413,PROD_66,347.73,1,Asia,Web
ORD_1757,2023-04-24,CUST_95,PROD_55,685.38,3,North America,Mobile
ORD_1758,2023-09-09,CUST_187,PROD_46,945.12,2,North America,Mobile
ORD_1759,2023-06-08,CUST_99,PROD_7,145.97,1,Europe,Mobile
ORD_1760,2023-04-29,CUST_270,PROD_56,218.45,1,Asia,Mobile
ORD_1761,2023-01-01,CUST_451,PROD_35,456.6,4,Europe,Mobile
ORD_1762,2023-07-18,CUST_447,PROD_49,23.55,1,North America,Web
ORD_1763,2023-10-15,CUST_442,PROD_42,268.46,2,Europe,Mobile
ORD_1764,2023-07-25,CUST_465,PROD_55,228.46,1,Asia,Web
ORD_1765,2023-10-08,CUST_16,PROD_42,447.44,2,Europe,Mobile
ORD_1766,2023-02-11,CUST_83,PROD_21,71.36,2,Asia,Mobile
ORD_1767,2023-07-07,CUST_304,PROD_13,591.18,2,Europe,Web
ORD_1768,2023-09-01,CUST_341,PROD_12,50.49,1,North America,Mobile
ORD_1769,2023-05-17,CUST_130,PROD_20,323.97,3,Europe,Web
ORD_1770,2023-02-13,CUST_156,PROD_43,478.41,1,Europe,Web
ORD_1771,2023-02-23,CUST_3,PROD_8,187.43,1,Europe,Mobile
ORD_1772,2023-04-14,CUST_483,PROD_47,717.12,3,Europe,Mobile
ORD_1773,2023-09-03,CUST_72,PROD_67,50.76,1,North America,Web
ORD_1774,2023-12-25,CUST_310,PROD_33,973.78,4,Europe,Web
ORD_1775,2023-10-20,CUST_79,PROD_43,478.41,1,Europe,Mobile
ORD_1776,2023-05-08,CUST_374,PROD_100,924.48,3,Europe,Mobile
ORD_1777,2023-09-07,CUST_444,PROD_47,956.16,4,Europe,Web
ORD_1778,2023-07-30,CUST_490,PROD_36,972.63,3,North America,Mobile
ORD_1779,2023-05-02,CUST_67,PROD_23,127.5,3,Asia,Mobile
ORD_1780,2023-06-27,CUST_25,PROD_76,125.12,1,North America,Web
ORD_1781,2023-01-11,CUST_228,PROD_88,60.96,1,North America,Mobile
ORD_1782,2023-12-10,CUST_12,PROD_36,324.21,1,Europe,Mobile
ORD_1783,2023-12-29,CUST_106,PROD_65,640.41,3,North America,Mobile
ORD_1784,2023-01-16,CUST_389,PROD_16,436.58,1,Asia,Web
ORD_1785,2023-10-31,CUST_357,PROD_23,170.0,4,Asia,Mobile
ORD_1786,2023-04-03,CUST_51,PROD_99,1410.39,3,North America,Web
ORD_1787,2023-02-02,CUST_201,PROD_75,835.18,4,Europe,Mobile
ORD_1788,2023-01-23,CUST_247,PROD_89,53.31,3,North America,Web
ORD_1789,2023-10-23,CUST_329,PROD_4,941.56,2,North America,Web
ORD_1790,2023-08-10,CUST_327,PROD_36,324.21,1,Asia,Web
ORD_1791,2023-11-29,CUST_458,PROD_59,1802.52,4,North America,Web
ORD_1792,2023-07-15,CUST_223,PROD_13,295.59,1,Asia,Web
ORD_1793,2023-01-18,CUST_404,PROD_64,1248.64,4,Europe,Mobile
ORD_1794,2023-01-07,CUST_97,PROD_5,242.52,2,North America,Web
ORD_1795,2023-12-05,CUST_132,PROD_87,1443.84,3,Asia,Mobile
ORD_1796,2023-07-31,CUST_332,PROD_82,436.12,2,North America,Web
ORD_1797,2023-07-03,CUST_376,PROD_46,1417.68,3,Europe,Mobile
ORD_1798,2023-03-26,CUST_478,PROD_96,408.16,2,Asia,Mobile
ORD_1799,2023-10-12,CUST_66,PROD_20,107.99,1,Asia,Web
ORD_1800,2023-02-16,CUST_29,PROD_52,431.42,2,Asia,Web
ORD_1801,2023-02-20,CUST_195,PROD_88,60.96,1,Europe,Web
ORD_1802,2023-08-03,CUST_500,PROD_9,68.88,4,Europe,Web
ORD_1803,2023-04-18,CUST_378,PROD_59,1351.89,3,North America,Web
ORD_1804,2023-08-19,CUST_376,PROD_88,182.88,3,Europe,Mobile
ORD_1805,2023-08-16,CUST_186,PROD_98,697.82,4,Europe,Web
ORD_1806,2023-12-30,CUST_422,PROD_96,489.79,4,Europe,Web
ORD_1807,2023-03-21,CUST_304,PROD_49,47.1,2,Europe,Web
ORD_1808,2023-10-18,CUST_189,PROD_22,1119.54,3,Asia,Web
ORD_1809,2023-04-12,CUST_139,PROD_48,292.37,1,Asia,Web
ORD_1810,2023-09-01,CUST_435,PROD_92,615.64,2,North America,Mobile
ORD_1811,2023-03-23,CUST_256,PROD_77,1299.48,3,Europe,Web
ORD_1812,2023-11-04,CUST_313,PROD_67,101.52,2,North America,Web
ORD_1813,2023-01-16,CUST_57,PROD_98,581.52,2,Europe,Web
ORD_1814,2023-09-27,CUST_423,PROD_80,826.74,2,Europe,Web
ORD_1815,2023-04-03,CUST_208,PROD_78,1459.08,3,Europe,Web
ORD_1816,2023-06-08,CUST_482,PROD_66,1043.19,3,Europe,Mobile
ORD_1817,2023-12-03,CUST_61,PROD_96,612.24,3,Europe,Web
ORD_1818,2023-08-13,CUST_334,PROD_22,223.91,1,Europe,Web
ORD_1819,2023-02-12,CUST_271,PROD_83,1291.4,4,Asia,Web
ORD_1820,2023-03-05,CUST_390,PROD_36,648.42,2,Asia,Mobile
ORD_1821,2023-05-23,CUST_361,PROD_32,1457.67,3,Europe,Mobile
ORD_1822,2023-07-05,CUST_187,PROD_71,261.64,4,North America,Mobile
ORD_1823,2023-10-08,CUST_30,PROD_46,1417.68,3,Europe,Mobile
ORD_1824,2023-02-04,CUST_284,PROD_27,480.37,1,Europe,Mobile
ORD_1825,2023-05-18,CUST_251,PROD_97,471.03,3,Asia,Mobile
ORD_1826,2023-08-07,CUST_201,PROD_17,1854.72,4,Europe,Mobile
ORD_1827,2023-06-22,CUST_100,PROD_12,100.98,2,Asia,Mobile
ORD_1828,2023-10-18,CUST_70,PROD_96,408.16,2,Europe,Mobile
ORD_1829,2023-03-11,CUST_31,PROD_23,85.0,2,Europe,Web
ORD_1830,2023-11-29,CUST_61,PROD_80,496.04,2,Europe,Web
ORD_1831,2023-09-12,CUST_32,PROD_45,657.45,3,Asia,Web
ORD_1832,2023-06-08,CUST_231,PROD_8,562.29,3,Asia,Mobile
ORD_1833,2023-09-09,CUST_377,PROD_86,1420.62,3,Europe,Mobile
ORD_1834,2023-11-11,CUST_15,PROD_27,480.37,1,Europe,Web
ORD_1835,2023-05-27,CUST_39,PROD_62,272.38,2,North America,Web
ORD_1836,2023-04-09,CUST_479,PROD_66,695.46,2,Europe,Web
ORD_1837,2023-05-18,CUST_431,PROD_75,347.99,1,North America,Mobile
ORD_1838,2023-11-23,CUST_279,PROD_28,442.85,2,Europe,Web
ORD_1839,2023-01-10,CUST_266,PROD_88,121.92,2,Europe,Mobile
ORD_1840,2023-08-29,CUST_20,PROD_63,52.98,1,Europe,Mobile
ORD_1841,2023-12-10,CUST_16,PROD_59,1351.89,3,Europe,Mobile
ORD_1842,2023-09-28,CUST_364,PROD_59,1802.52,4,North America,Mobile
ORD_1843,2023-04-13,CUST_489,PROD_31,1508.76,4,North America,Mobile
ORD_1844,2023-12-31,CUST_102,PROD_9,51.66,3,Asia,Mobile
ORD_1845,2023-10-28,CUST_440,PROD_49,47.1,2,Asia,Web
ORD_1846,2023-01-23,CUST_399,PROD_59,1351.89,3,Europe,Web
ORD_1847,2023-09-02,CUST_305,PROD_10,717.14,2,Europe,Web
ORD_1848,2023-03-25,CUST_475,PROD_97,157.01,1,Europe,Mobile
ORD_1849,2023-01-17,CUST_130,PROD_57,866.45,4,Europe,Web
ORD_1850,2023-10-10,CUST_248,PROD_46,472.56,1,North America,Web
ORD_1851,2023-08-19,CUST_131,PROD_10,1075.71,3,North America,Web
ORD_1852,2023-04-05,CUST_465,PROD_99,470.13,1,Asia,Mobile
ORD_1853,2023-10-23,CUST_416,PROD_53,278.16,4,Europe,Web
ORD_1854,2023-04-28,CUST_92,PROD_38,1703.4,4,Asia,Web
ORD_1855,2023-02-18,CUST_262,PROD_82,436.12,2,Europe,Web
ORD_1856,2023-06-10,CUST_60,PROD_91,1444.56,3,Europe,Web
ORD_1857,2023-10-23,CUST_420,PROD_87,1925.12,4,Asia,Mobile
ORD_1858,2023-12-06,CUST_302,PROD_82,436.12,2,Asia,Mobile
ORD_1859,2023-01-16,CUST_226,PROD_43,478.41,1,Asia,Mobile
ORD_1860,2023-11-28,CUST_34,PROD_46,1890.24,4,Europe,Mobile
ORD_1861,2023-09-26,CUST_293,PROD_88,121.92,2,Europe,Web
ORD_1862,2023-06-05,CUST_23,PROD_35,456.6,4,North America,Web
ORD_1863,2023-12-15,CUST_204,PROD_69,112.5,1,Europe,Mobile
ORD_1864,2023-06-09,CUST_176,PROD_89,42.65,4,Europe,Web
ORD_1865,2023-10-18,CUST_265,PROD_42,894.88,4,North America,Mobile
ORD_1866,2023-02-23,CUST_384,PROD_85,1956.84,4,North America,Mobile
ORD_1867,2023-06-30,CUST_473,PROD_81,1358.1,3,Europe,Web
ORD_1868,2023-08-09,CUST_376,PROD_37,499.03,1,Europe,Mobile
ORD_1869,2023-09-21,CUST_384,PROD_46,1890.24,4,North America,Mobile
ORD_1870,2023-11-08,CUST_413,PROD_41,926.91,3,Asia,Web
ORD_1871,2023-01-20,CUST_143,PROD_91,1444.56,3,Europe,Web
ORD_1872,2023-04-12,CUST_346,PROD_52,215.71,1,Asia,Web
ORD_1873,2023-06-20,CUST_36,PROD_10,1434.28,4,North America,Mobile
ORD_1874,2023-08-30,CUST_165,PROD_27,480.37,1,Europe,Web
ORD_1875,2023-06-20,CUST_456,PROD_25,108.23,3,Europe,Mobile
ORD_1876,2023-12-19,CUST_291,PROD_70,145.56,4,North America,Mobile
ORD_1877,2023-02-13,CUST_390,PROD_68,237.84,2,Asia,Web
ORD_1878,2023-11-10,CUST_325,PROD_32,485.89,1,Asia,Mobile
ORD_1879,2023-08-02,CUST_323,PROD_99,1410.39,3,Asia,Web
ORD_1880,2023-08-28,CUST_331,PROD_46,472.56,1,Asia,Mobile
ORD_1881,2023-09-13,CUST_159,PROD_60,1392.64,4,Europe,Mobile
ORD_1882,2023-01-22,CUST_33,PROD_36,648.42,2,Europe,Mobile
ORD_1883,2023-09-25,CUST_50,PROD_9,17.22,1,Europe,Web
ORD_1884,2023-04-06,CUST_413,PROD_33,1622.96,4,Asia,Web
ORD_1885,2023-03-06,CUST_353,PROD_61,36.97,1,Asia,Web
ORD_1886,2023-11-04,CUST_9,PROD_11,176.57,1,North America,Web
ORD_1887,2023-08-06,CUST_438,PROD_23,85.0,2,Asia,Mobile
ORD_1888,2023-03-24,CUST_93,PROD_34,133.02,2,Europe,Web
ORD_1889,2023-02-06,CUST_284,PROD_72,1006.2,3,Europe,Web
ORD_1890,2023-09-09,CUST_18,PROD_91,481.52,1,Europe,Mobile
ORD_1891,2023-09-26,CUST_370,PROD_40,1051.76,4,North America,Mobile
ORD_1892,2023-09-29,CUST_370,PROD_41,617.94,2,North America,Mobile
ORD_1893,2023-05-15,CUST_80,PROD_18,928.56,4,Europe,Web
ORD_1894,2023-06-20,CUST_409,PROD_2,143.76,1,Europe,Web
ORD_1895,2023-10-13,CUST_367,PROD_85,1956.84,4,Asia,Mobile
ORD_1896,2023-12-01,CUST_418,PROD_26,262.48,1,Europe,Mobile
ORD_1897,2023-01-12,CUST_232,PROD_55,548.3,4,Europe,Web
ORD_1898,2023-12-03,CUST_433,PROD_4,470.78,1,Europe,Mobile
ORD_1899,2023-02-18,CUST_464,PROD_84,1193.64,3,Asia,Web
ORD_1900,2023-05-08,CUST_444,PROD_27,480.37,1,Europe,Web
ORD_1901,2023-12-22,CUST_436,PROD_27,1441.11,3,Europe,Web
ORD_1902,2023-08-23,CUST_259,PROD_8,187.43,1,Asia,Mobile
ORD_1903,2024-01-01,CUST_250,PROD_35,228.3,2,North America,Mobile
ORD_1904,2023-12-18,CUST_357,PROD_22,746.36,2,Asia,Web
ORD_1905,2023-03-08,CUST_120,PROD_3,453.37,1,Europe,Mobile
ORD_1906,2023-08-31,CUST_292,PROD_54,641.52,2,Europe,Web
ORD_1907,2023-02-07,CUST_120,PROD_35,228.3,2,Europe,Web
ORD_1908,2023-12-07,CUST_115,PROD_47,239.04,1,North America,Mobile
ORD_1909,2023-12-26,CUST_80,PROD_15,849.02,2,Europe,Web
ORD_1910,2023-08-20,CUST_139,PROD_44,1975.12,4,Asia,Web
ORD_1911,2023-09-02,CUST_101,PROD_37,1197.67,4,Europe,Mobile
ORD_1912,2023-06-30,CUST_263,PROD_29,381.78,3,Asia,Mobile
ORD_1913,2023-05-04,CUST_89,PROD_44,592.54,2,Europe,Web
ORD_1914,2023-06-12,CUST_405,PROD_35,228.3,2,North America,Web
ORD_1915,2023-09-12,CUST_277,PROD_33,1622.96,4,North America,Web
ORD_1916,2023-01-23,CUST_47,PROD_50,1051.02,3,Europe,Web
ORD_1917,2023-09-20,CUST_351,PROD_37,998.06,2,Europe,Mobile
ORD_1918,2023-12-09,CUST_97,PROD_65,426.94,2,North America,Mobile
ORD_1919,2023-06-01,CUST_15,PROD_53,166.9,4,Europe,Mobile
ORD_1920,2023-11-16,CUST_447,PROD_95,925.24,4,North America,Web
ORD_1921,2023-03-04,CUST_294,PROD_19,364.77,1,North America,Web
ORD_1922,2023-10-24,CUST_310,PROD_68,237.84,2,Europe,Mobile
ORD_1923,2023-09-07,CUST_124,PROD_39,197.1,1,Asia,Mobile
ORD_1924,2023-05-21,CUST_43,PROD_14,121.97,1,North America,Mobile
ORD_1925,2023-05-09,CUST_444,PROD_10,645.43,3,Europe,Mobile
ORD_1926,2023-09-09,CUST_162,PROD_39,197.1,1,Europe,Mobile
ORD_1927,2023-02-04,CUST_411,PROD_96,612.24,3,North America,Web
ORD_1928,2023-11-07,CUST_261,PROD_77,433.16,1,Europe,Mobile
ORD_1929,2023-06-07,CUST_296,PROD_72,603.72,3,Europe,Mobile
ORD_1930,2023-02-26,CUST_434,PROD_80,248.02,1,Europe,Mobile
ORD_1931,2023-11-07,CUST_471,PROD_16,1746.32,4,Asia,Mobile
ORD_1932,2023-03-03,CUST_292,PROD_40,262.94,1,Europe,Web
ORD_1933,2023-06-25,CUST_302,PROD_58,373.76,4,Asia,Mobile
ORD_1934,2023-10-09,CUST_209,PROD_94,185.76,3,Europe,Mobile
ORD_1935,2023-01-04,CUST_260,PROD_53,139.08,2,Asia,Mobile
ORD_1936,2023-05-15,CUST_34,PROD_65,384.25,3,Europe,Mobile
ORD_1937,2023-09-09,CUST_31,PROD_61,36.97,1,Europe,Web
ORD_1938,2023-08-24,CUST_97,PROD_39,394.2,2,North America,Mobile
ORD_1939,2023-02-12,CUST_142,PROD_40,525.88,2,North America,Web
ORD_1940,2023-10-15,CUST_42,PROD_94,111.46,3,Europe,Web
ORD_1941,2023-06-23,CUST_437,PROD_96,367.34,3,Europe,Web
ORD_1942,2023-10-10,CUST_391,PROD_28,1476.16,4,Europe,Web
ORD_1943,2023-06-16,CUST_113,PROD_79,57.1,1,Europe,Mobile
ORD_1944,2023-09-10,CUST_243,PROD_12,151.47,3,Europe,Mobile
ORD_1945,2023-07-15,CUST_163,PROD_25,120.26,2,North America,Mobile
ORD_1946,2023-07-20,CUST_277,PROD_71,130.82,2,North America,Mobile
ORD_1947,2023-03-03,CUST_141,PROD_1,813.96,4,North America,Web
ORD_1948,2023-04-19,CUST_41,PROD_83,387.42,2,Europe,Web
ORD_1949,2023-04-22,CUST_61,PROD_6,532.4,4,Europe,Web
ORD_1950,2023-08-28,CUST_13,PROD_68,118.92,1,North America,Mobile
ORD_1951,2023-01-10,CUST_116,PROD_82,872.24,4,Asia,Mobile
ORD_1952,2023-05-09,CUST_333,PROD_96,122.45,1,Europe,Web
ORD_1953,2023-04-19,CUST_423,PROD_33,1622.96,4,Europe,Mobile
ORD_1954,2023-01-11,CUST_287,PROD_35,114.15,1,Europe,Web
ORD_1955,2023-05-22,CUST_182,PROD_97,471.03,3,Asia,Mobile
ORD_1956,2023-02-22,CUST_1,PROD_86,473.54,1,Europe,Web
ORD_1957,2023-02-09,CUST_293,PROD_71,78.49,2,Europe,Web
ORD_1958,2023-05-09,CUST_299,PROD_30,151.77,3,Europe,Mobile
ORD_1959,2023-06-27,CUST_240,PROD_8,374.86,2,North America,Mobile
ORD_1960,2023-04-04,CUST_89,PROD_41,617.94,2,Europe,Mobile
ORD_1961,2023-12-01,CUST_206,PROD_2,575.04,4,Europe,Web
ORD_1962,2023-12-24,CUST_450,PROD_11,176.57,1,Asia,Web
ORD_1963,2023-11-28,CUST_12,PROD_40,262.94,1,Europe,Mobile
ORD_1964,2023-09-17,CUST_174,PROD_68,237.84,2,North America,Web
ORD_1965,2023-02-24,CUST_5,PROD_14,487.88,4,Europe,Web
ORD_1966,2023-09-13,CUST_158,PROD_81,1810.8,4,Europe,Web
ORD_1967,2023-01-02,CUST_355,PROD_18,464.28,2,Europe,Web
ORD_1968,2023-04-01,CUST_81,PROD_86,1420.62,3,North America,Mobile
ORD_1969,2023-01-04,CUST_450,PROD_99,940.26,2,Asia,Mobile
ORD_1970,2023-11-20,CUST_43,PROD_35,114.15,1,North America,Web
ORD_1971,2023-06-26,CUST_490,PROD_30,101.18,2,North America,Mobile
ORD_1972,2023-02-12,CUST_417,PROD_18,464.28,2,Asia,Web
ORD_1973,2023-04-03,CUST_58,PROD_54,962.28,3,Asia,Mobile
ORD_1974,2023-08-23,CUST_472,PROD_93,1024.53,3,North America,Web
ORD_1975,2023-12-12,CUST_127,PROD_80,826.74,2,North America,Mobile
ORD_1976,2023-11-07,CUST_461,PROD_61,147.88,4,Europe,Mobile
ORD_1977,2023-02-23,CUST_93,PROD_3,906.74,2,Europe,Mobile
ORD_1978,2023-04-07,CUST_50,PROD_6,266.2,2,Europe,Mobile
ORD_1979,2023-03-28,CUST_358,PROD_72,335.4,1,Asia,Mobile
ORD_1980,2023-12-24,CUST_311,PROD_17,463.68,1,Europe,Mobile
ORD_1981,2023-04-01,CUST_8,PROD_47,717.12,3,Europe,Web
ORD_1982,2023-11-22,CUST_207,PROD_5,242.52,2,Europe,Mobile
ORD_1983,2023-10-22,CUST_146,PROD_2,287.52,2,Europe,Web
ORD_1984,2023-02-22,CUST_38,PROD_100,308.16,1,North America,Mobile
ORD_1985,2023-10-16,CUST_105,PROD_60,1392.64,4,Europe,Mobile
ORD_1986,2023-11-05,CUST_223,PROD_26,787.44,3,Asia,Mobile
ORD_1987,2023-04-27,CUST_215,PROD_94,123.84,2,Europe,Mobile
ORD_1988,2023-06-25,CUST_407,PROD_52,647.13,3,Asia,Web
ORD_1989,2023-07-01,CUST_405,PROD_79,57.1,1,North America,Mobile
ORD_1990,2023-08-23,CUST_410,PROD_63,63.58,2,Europe,Web
ORD_1991,2023-03-24,CUST_335,PROD_60,348.16,1,Europe,Mobile
ORD_1992,2023-02-07,CUST_21,PROD_56,436.9,2,Europe,Mobile
ORD_1993,2023-01-21,CUST_28,PROD_46,1417.68,3,Asia,Web
ORD_1994,2023-01-05,CUST_477,PROD_80,413.37,1,Europe,Mobile
ORD_1995,2023-07-31,CUST_26,PROD_38,425.85,1,Asia,Mobile
ORD_1996,2023-04-15,CUST_471,PROD_15,1273.53,3,Asia,Mobile
ORD_1997,2023-05-07,CUST_417,PROD_25,120.26,2,Asia,Mobile
ORD_1998,2023-05-12,CUST_191,PROD_43,1435.23,3,Asia,Web
ORD_1999,2023-04-30,CUST_103,PROD_34,133.02,2,Europe,Web
ORD_2000,2023-05-08,CUST_141,PROD_30,50.59,1,North America,Web
ORD_2001,2023-03-02,CUST_358,PROD_39,394.2,2,Asia,Mobile
ORD_2002,2023-08-14,CUST_432,PROD_78,486.36,1,Europe,Mobile
ORD_2003,2023-10-05,CUST_423,PROD_44,493.78,1,Europe,Web
ORD_2004,2023-01-11,CUST_375,PROD_22,1119.54,3,Asia,Web
ORD_2005,2023-05-31,CUST_477,PROD_8,749.72,4,Europe,Web
ORD_2006,2023-11-17,CUST_142,PROD_63,105.96,2,North America,Mobile
ORD_2007,2023-03-11,CUST_183,PROD_21,35.68,1,North America,Mobile
ORD_2008,2023-05-11,CUST_326,PROD_26,1049.92,4,Asia,Web
ORD_2009,2023-10-01,CUST_328,PROD_93,341.51,1,Asia,Web
ORD_2010,2023-01-31,CUST_300,PROD_84,1193.64,3,Europe,Mobile
ORD_2011,2023-05-04,CUST_206,PROD_74,79.19,1,Europe,Web
ORD_2012,2023-02-23,CUST_113,PROD_97,157.01,1,Europe,Mobile
ORD_2013,2023-10-16,CUST_360,PROD_40,525.88,2,Asia,Web
ORD_2014,2023-04-17,CUST_243,PROD_9,51.66,3,Europe,Mobile
ORD_2015,2023-09-17,CUST_10,PROD_85,1956.84,4,Europe,Web
ORD_2016,2023-05-31,CUST_272,PROD_88,36.58,1,Europe,Web
ORD_2017,2023-10-23,CUST_326,PROD_72,1006.2,3,Asia,Mobile
ORD_2018,2023-09-14,CUST_382,PROD_64,624.32,2,North America,Web
ORD_2019,2023-04-24,CUST_434,PROD_1,813.96,4,Europe,Mobile
ORD_2020,2023-07-11,CUST_235,PROD_3,1813.48,4,Europe,Mobile
ORD_2021,2023-02-11,CUST_318,PROD_41,556.15,3,Europe,Web
ORD_2022,2023-03-15,CUST_131,PROD_58,280.32,3,North America,Web
ORD_2023,2023-06-16,CUST_236,PROD_91,963.04,2,North America,Mobile
ORD_2024,2023-03-17,CUST_127,PROD_75,347.99,1,North America,Mobile
ORD_2025,2023-09-21,CUST_224,PROD_82,872.24,4,North America,Mobile
ORD_2026,2023-11-25,CUST_392,PROD_52,647.13,3,Europe,Mobile
ORD_2027,2023-09-29,CUST_375,PROD_86,473.54,1,Asia,Mobile
ORD_2028,2023-01-23,CUST_273,PROD_34,199.53,3,North America,Mobile
ORD_2029,2023-02-10,CUST_104,PROD_18,928.56,4,Europe,Web
ORD_2030,2023-07-17,CUST_4,PROD_90,489.08,1,North America,Web
ORD_2031,2023-02-06,CUST_207,PROD_15,424.51,1,Europe,Mobile
ORD_2032,2023-11-22,CUST_169,PROD_30,101.18,2,Asia,Mobile
ORD_2033,2023-07-06,CUST_181,PROD_80,1240.11,3,North America,Web
ORD_2034,2023-11-10,CUST_314,PROD_44,1975.12,4,Europe,Web
ORD_2035,2023-01-14,CUST_463,PROD_63,52.98,1,Europe,Web
ORD_2036,2023-12-02,CUST_352,PROD_14,487.88,4,Europe,Mobile
ORD_2037,2023-10-01,CUST_248,PROD_19,1094.31,3,North America,Mobile
ORD_2038,2023-05-20,CUST_272,PROD_37,499.03,1,Europe,Mobile
ORD_2039,2023-02-12,CUST_373,PROD_12,100.98,2,North America,Mobile
ORD_2040,2023-08-30,CUST_64,PROD_85,489.21,1,Europe,Web
ORD_2041,2023-06-06,CUST_179,PROD_5,485.04,4,Europe,Mobile
ORD_2042,2023-08-21,CUST_83,PROD_22,746.36,2,Asia,Mobile
ORD_2043,2023-09-30,CUST_367,PROD_87,962.56,2,Asia,Mobile
ORD_2044,2023-08-21,CUST_474,PROD_17,463.68,1,Europe,Web
ORD_2045,2023-04-17,CUST_426,PROD_81,1086.48,4,Europe,Web
ORD_2046,2023-03-17,CUST_55,PROD_88,243.84,4,Asia,Mobile
ORD_2047,2023-11-28,CUST_69,PROD_37,299.42,1,Europe,Mobile
ORD_2048,2023-06-22,CUST_192,PROD_7,729.84,3,Europe,Web
ORD_2049,2023-05-13,CUST_358,PROD_91,1926.08,4,Asia,Mobile
ORD_2050,2023-08-07,CUST_271,PROD_54,962.28,3,Asia,Web
ORD_2051,2023-10-26,CUST_314,PROD_88,36.58,1,Europe,Mobile
ORD_2052,2023-12-19,CUST_169,PROD_3,1360.11,3,Asia,Web
ORD_2053,2023-01-09,CUST_339,PROD_70,36.39,1,Asia,Web
ORD_2054,2023-12-27,CUST_84,PROD_33,1622.96,4,Europe,Web
ORD_2055,2023-01-07,CUST_230,PROD_51,96.42,1,Europe,Mobile
ORD_2056,2023-06-11,CUST_385,PROD_18,928.56,4,North America,Web
ORD_2057,2023-06-29,CUST_460,PROD_33,1217.22,3,Europe,Web
ORD_2058,2023-08-16,CUST_265,PROD_76,375.36,3,North America,Web
ORD_2059,2023-09-01,CUST_183,PROD_47,478.08,2,North America,Web
ORD_2060,2023-11-02,CUST_487,PROD_42,223.72,1,Europe,Mobile
ORD_2061,2023-01-16,CUST_495,PROD_48,350.84,2,Europe,Mobile
ORD_2062,2023-08-27,CUST_171,PROD_19,729.54,2,Asia,Mobile
ORD_2063,2023-05-31,CUST_209,PROD_86,947.08,2,Europe,Mobile
ORD_2064,2023-08-02,CUST_283,PROD_25,108.23,3,Europe,Mobile
ORD_2065,2023-06-21,CUST_240,PROD_39,197.1,1,North America,Web
ORD_2066,2023-06-06,CUST_191,PROD_8,374.86,2,Asia,Web
ORD_2067,2023-08-10,CUST_338,PROD_24,604.06,3,Europe,Web
ORD_2068,2023-03-14,CUST_29,PROD_11,529.71,3,Asia,Web
ORD_2069,2023-09-14,CUST_71,PROD_70,145.56,4,Asia,Web
ORD_2070,2023-01-05,CUST_310,PROD_60,1044.48,3,Europe,Mobile
ORD_2071,2023-07-06,CUST_198,PROD_21,42.82,2,Europe,Web
ORD_2072,2023-05-05,CUST_406,PROD_80,1240.11,3,North America,Mobile
ORD_2073,2023-02-28,CUST_249,PROD_41,617.94,2,Asia,Web
ORD_2074,2023-03-27,CUST_208,PROD_42,536.93,4,Europe,Web
ORD_2075,2023-11-17,CUST_190,PROD_83,322.85,1,Europe,Mobile
ORD_2076,2023-08-07,CUST_274,PROD_33,811.48,2,Asia,Mobile
ORD_2077,2023-08-08,CUST_401,PROD_50,420.41,2,Europe,Mobile
ORD_2078,2023-12-10,CUST_78,PROD_28,1476.16,4,Europe,Mobile
ORD_2079,2023-11-28,CUST_427,PROD_36,648.42,2,North America,Web
ORD_2080,2023-03-15,CUST_149,PROD_58,224.26,4,Europe,Mobile
ORD_2081,2023-03-28,CUST_289,PROD_71,261.64,4,Europe,Web
ORD_2082,2023-10-26,CUST_279,PROD_16,873.16,2,Europe,Web
ORD_2083,2023-12-14,CUST_344,PROD_56,218.45,1,Europe,Mobile
ORD_2084,2023-01-14,CUST_276,PROD_75,695.98,2,North America,Web
ORD_2085,2023-04-18,CUST_57,PROD_91,1444.56,3,Europe,Web
ORD_2086,2023-01-28,CUST_388,PROD_92,923.46,3,Asia,Web
ORD_2087,2023-02-19,CUST_110,PROD_33,405.74,1,North America,Mobile
ORD_2088,2023-09-10,CUST_267,PROD_52,388.28,3,Europe,Web
ORD_2089,2023-10-21,CUST_456,PROD_49,56.52,4,Europe,Web
ORD_2090,2023-08-27,CUST_311,PROD_100,369.79,2,Europe,Web
ORD_2091,2023-11-06,CUST_327,PROD_33,1622.96,4,Asia,Web
ORD_2092,2023-12-15,CUST_205,PROD_83,1291.4,4,Europe,Web
ORD_2093,2023-01-13,CUST_96,PROD_68,475.68,4,Asia,Web
ORD_2094,2023-07-28,CUST_202,PROD_89,35.54,2,North America,Mobile
ORD_2095,2023-07-14,CUST_279,PROD_100,616.32,2,Europe,Mobile
ORD_2096,2023-08-24,CUST_448,PROD_78,972.72,2,Europe,Web
ORD_2097,2023-02-11,CUST_238,PROD_37,499.03,1,North America,Web
ORD_2098,2023-11-15,CUST_474,PROD_38,425.85,1,Europe,Mobile
ORD_2099,2023-03-22,CUST_461,PROD_26,524.96,2,Europe,Web
ORD_2100,2023-08-23,CUST_113,PROD_48,877.11,3,Europe,Mobile
ORD_2101,2023-12-05,CUST_156,PROD_10,1075.71,3,Europe,Web
ORD_2102,2023-06-12,CUST_438,PROD_96,612.24,3,Asia,Web
ORD_2103,2023-03-29,CUST_467,PROD_52,862.84,4,Europe,Mobile
ORD_2104,2023-11-03,CUST_344,PROD_75,626.38,3,Europe,Web
ORD_2105,2023-01-20,CUST_166,PROD_66,347.73,1,Asia,Web
ORD_2106,2023-07-02,CUST_368,PROD_70,109.17,3,North America,Mobile
ORD_2107,2023-02-22,CUST_209,PROD_5,485.04,4,Europe,Web
ORD_2108,2023-07-31,CUST_382,PROD_22,373.18,1,North America,Mobile
ORD_2109,2023-03-03,CUST_164,PROD_99,1410.39,3,North America,Mobile
ORD_2110,2023-09-20,CUST_423,PROD_27,1441.11,3,Europe,Mobile
ORD_2111,2023-05-13,CUST_463,PROD_91,963.04,2,Europe,Web
ORD_2112,2023-01-17,CUST_72,PROD_2,431.28,3,North America,Mobile
ORD_2113,2023-06-26,CUST_153,PROD_3,1360.11,3,North America,Mobile
ORD_2114,2023-01-01,CUST_491,PROD_56,655.35,3,Europe,Mobile
ORD_2115,2023-05-06,CUST_32,PROD_39,591.3,3,Asia,Web
ORD_2116,2023-06-03,CUST_8,PROD_66,1043.19,3,Europe,Mobile
ORD_2117,2023-02-17,CUST_92,PROD_6,532.4,4,Asia,Web
ORD_2118,2023-12-30,CUST_348,PROD_62,136.19,1,Europe,Mobile
ORD_2119,2023-11-05,CUST_117,PROD_63,211.92,4,Europe,Web
ORD_2120,2023-10-23,CUST_223,PROD_68,356.76,3,Asia,Mobile
ORD_2121,2023-10-08,CUST_93,PROD_96,612.24,3,Europe,Web
ORD_2122,2023-12-12,CUST_364,PROD_56,436.9,2,North America,Web
ORD_2123,2023-05-19,CUST_312,PROD_42,671.16,3,Europe,Web
ORD_2124,2023-02-01,CUST_406,PROD_33,405.74,1,North America,Mobile
ORD_2125,2023-02-18,CUST_328,PROD_70,36.39,1,Asia,Web
ORD_2126,2023-05-06,CUST_79,PROD_90,1956.32,4,Europe,Web
ORD_2127,2023-02-06,CUST_114,PROD_76,250.24,2,Asia,Mobile
ORD_2128,2023-09-23,CUST_184,PROD_41,617.94,2,Asia,Mobile
ORD_2129,2023-02-10,CUST_463,PROD_44,1481.34,3,Europe,Web
ORD_2130,2023-05-01,CUST_60,PROD_46,1890.24,4,Europe,Web
ORD_2131,2023-09-05,CUST_352,PROD_9,68.88,4,Europe,Mobile
ORD_2132,2023-04-13,CUST_369,PROD_9,34.44,2,Europe,Web
ORD_2133,2023-01-03,CUST_148,PROD_9,68.88,4,Europe,Mobile
ORD_2134,2023-01-30,CUST_401,PROD_54,641.52,2,Europe,Mobile
ORD_2135,2023-06-19,CUST_209,PROD_68,237.84,2,Europe,Web
ORD_2136,2023-07-06,CUST_446,PROD_25,180.39,3,Europe,Web
ORD_2137,2023-11-15,CUST_485,PROD_4,941.56,2,Asia,Web
ORD_2138,2023-09-07,CUST_159,PROD_21,142.72,4,Europe,Mobile
ORD_2139,2023-07-15,CUST_448,PROD_41,741.53,4,Europe,Web
ORD_2140,2023-11-24,CUST_209,PROD_62,272.38,2,Europe,Web
ORD_2141,2023-03-31,CUST_490,PROD_49,23.55,1,North America,Mobile
ORD_2142,2023-12-27,CUST_285,PROD_88,243.84,4,North America,Web
ORD_2143,2023-10-29,CUST_488,PROD_22,1492.72,4,Europe,Web
ORD_2144,2023-05-24,CUST_149,PROD_99,846.23,3,Europe,Mobile
ORD_2145,2023-06-26,CUST_193,PROD_77,1732.64,4,Europe,Mobile
ORD_2146,2023-03-03,CUST_288,PROD_19,1459.08,4,Asia,Web
ORD_2147,2023-08-21,CUST_8,PROD_19,1094.31,3,Europe,Web
ORD_2148,2023-01-02,CUST_104,PROD_69,112.5,1,Europe,Mobile
ORD_2149,2023-11-23,CUST_288,PROD_34,199.53,3,Asia,Mobile
ORD_2150,2023-07-25,CUST_17,PROD_22,746.36,2,Europe,Web
ORD_2151,2023-09-23,CUST_9,PROD_54,320.76,1,North America,Mobile
ORD_2152,2023-12-09,CUST_39,PROD_32,1943.56,4,North America,Web
ORD_2153,2023-07-12,CUST_45,PROD_3,1813.48,4,Asia,Web
ORD_2154,2023-10-04,CUST_21,PROD_81,1358.1,3,Europe,Web
ORD_2155,2023-06-29,CUST_29,PROD_69,450.0,4,Asia,Web
ORD_2156,2023-09-23,CUST_127,PROD_60,696.32,2,North America,Mobile
ORD_2157,2023-12-27,CUST_447,PROD_70,145.56,4,North America,Mobile
ORD_2158,2023-02-05,CUST_220,PROD_80,992.09,4,Europe,Web
ORD_2159,2023-05-23,CUST_410,PROD_91,1926.08,4,Europe,Mobile
ORD_2160,2023-08-10,CUST_196,PROD_5,242.52,2,Europe,Mobile
ORD_2161,2023-06-02,CUST_470,PROD_4,1412.34,3,Europe,Web
ORD_2162,2023-06-26,CUST_382,PROD_83,645.7,2,North America,Mobile
ORD_2163,2023-06-18,CUST_121,PROD_5,121.26,1,Europe,Web
ORD_2164,2023-01-29,CUST_48,PROD_90,978.16,2,North America,Web
ORD_2165,2023-10-28,CUST_408,PROD_62,408.57,3,Asia,Mobile
ORD_2166,2023-02-09,CUST_206,PROD_94,247.68,4,Europe,Mobile
ORD_2167,2023-11-06,CUST_70,PROD_24,671.18,2,Europe,Web
ORD_2168,2023-10-25,CUST_268,PROD_70,109.17,3,Asia,Mobile
ORD_2169,2023-02-12,CUST_408,PROD_85,978.42,2,Asia,Mobile
ORD_2170,2023-11-24,CUST_478,PROD_82,872.24,4,Asia,Mobile
ORD_2171,2023-06-04,CUST_94,PROD_39,394.2,2,Europe,Web
ORD_2172,2023-09-18,CUST_99,PROD_12,201.96,4,Europe,Web
ORD_2173,2023-08-20,CUST_210,PROD_70,65.5,3,Europe,Mobile
ORD_2174,2023-10-26,CUST_237,PROD_14,121.97,1,Europe,Mobile
ORD_2175,2023-06-25,CUST_182,PROD_10,717.14,2,Asia,Mobile
ORD_2176,2023-09-16,CUST_424,PROD_80,1653.48,4,Europe,Web
ORD_2177,2023-04-04,CUST_343,PROD_82,654.18,3,Europe,Web
ORD_2178,2023-07-20,CUST_438,PROD_30,50.59,1,Asia,Mobile
ORD_2179,2023-11-02,CUST_326,PROD_66,1390.92,4,Asia,Mobile
ORD_2180,2023-02-04,CUST_228,PROD_30,151.77,3,North America,Web
ORD_2181,2023-08-14,CUST_476,PROD_100,924.48,3,Europe,Mobile
ORD_2182,2023-06-25,CUST_22,PROD_27,1921.48,4,Asia,Mobile
ORD_2183,2023-04-16,CUST_439,PROD_26,262.48,1,North America,Mobile
ORD_2184,2023-02-09,CUST_10,PROD_83,322.85,1,Europe,Mobile
ORD_2185,2023-09-11,CUST_101,PROD_49,42.39,3,Europe,Web
ORD_2186,2023-02-02,CUST_242,PROD_67,101.52,2,North America,Mobile
ORD_2187,2023-08-15,CUST_35,PROD_49,23.55,1,North America,Web
ORD_2188,2023-09-17,CUST_42,PROD_79,171.3,3,Europe,Web
ORD_2189,2023-06-15,CUST_219,PROD_6,399.3,3,North America,Mobile
ORD_2190,2023-11-04,CUST_383,PROD_56,873.8,4,Asia,Web
ORD_2191,2023-02-17,CUST_433,PROD_86,473.54,1,Europe,Web
ORD_2192,2023-04-30,CUST_85,PROD_92,923.46,3,North America,Web
ORD_2193,2023-05-22,CUST_423,PROD_60,626.69,3,Europe,Web
ORD_2194,2023-10-19,CUST_14,PROD_44,987.56,2,Europe,Mobile
ORD_2195,2023-06-07,CUST_161,PROD_41,308.97,1,Asia,Mobile
ORD_2196,2023-09-10,CUST_457,PROD_72,1341.6,4,Europe,Web
ORD_2197,2023-09-26,CUST_275,PROD_81,543.24,2,Europe,Web
ORD_2198,2023-08-26,CUST_147,PROD_27,480.37,1,North America,Mobile
ORD_2199,2023-06-02,CUST_362,PROD_74,237.57,3,Europe,Web
ORD_2200,2023-10-30,CUST_184,PROD_26,1049.92,4,Asia,Mobile
ORD_2201,2023-06-08,CUST_92,PROD_55,456.92,2,Asia,Mobile
ORD_2202,2023-09-14,CUST_356,PROD_57,1444.08,4,Europe,Web
ORD_2203,2023-07-03,CUST_185,PROD_25,240.52,4,Asia,Web
ORD_2204,2023-02-09,CUST_353,PROD_80,413.37,1,Asia,Mobile
ORD_2205,2023-02-10,CUST_68,PROD_1,610.47,3,Asia,Web
ORD_2206,2023-11-01,CUST_332,PROD_14,121.97,1,North America,Web
ORD_2207,2023-02-12,CUST_404,PROD_63,158.94,3,Europe,Web
ORD_2208,2023-01-23,CUST_183,PROD_17,1391.04,3,North America,Web
ORD_2209,2023-09-11,CUST_117,PROD_50,210.2,1,Europe,Web
ORD_2210,2023-03-15,CUST_288,PROD_51,289.26,3,Asia,Mobile
ORD_2211,2023-12-18,CUST_156,PROD_7,973.12,4,Europe,Web
ORD_2212,2023-11-08,CUST_479,PROD_100,1232.64,4,Europe,Web
ORD_2213,2023-11-20,CUST_384,PROD_67,50.76,1,North America,Web
ORD_2214,2023-01-21,CUST_214,PROD_35,114.15,1,North America,Mobile
ORD_2215,2023-01-04,CUST_251,PROD_24,671.18,2,Asia,Mobile
ORD_2216,2023-02-24,CUST_96,PROD_16,436.58,1,Asia,Web
ORD_2217,2023-08-12,CUST_367,PROD_71,130.82,2,Asia,Web
ORD_2218,2023-10-20,CUST_362,PROD_80,1240.11,3,Europe,Web
ORD_2219,2023-08-31,CUST_485,PROD_44,1481.34,3,Asia,Web
ORD_2220,2023-03-17,CUST_488,PROD_45,438.3,2,Europe,Web
ORD_2221,2023-03-26,CUST_58,PROD_23,170.0,4,Asia,Web
ORD_2222,2023-09-12,CUST_490,PROD_55,685.38,3,North America,Web
ORD_2223,2023-11-29,CUST_15,PROD_73,224.86,3,Europe,Mobile
ORD_2224,2023-09-09,CUST_313,PROD_6,532.4,4,North America,Mobile
ORD_2225,2023-05-09,CUST_474,PROD_37,299.42,1,Europe,Web
ORD_2226,2023-06-28,CUST_246,PROD_37,499.03,1,North America,Mobile
ORD_2227,2023-03-16,CUST_147,PROD_78,1945.44,4,North America,Web
ORD_2228,2023-04-30,CUST_133,PROD_4,1883.12,4,Europe,Mobile
ORD_2229,2023-09-22,CUST_122,PROD_60,696.32,2,Europe,Mobile
ORD_2230,2023-03-21,CUST_182,PROD_63,105.96,2,Asia,Web
ORD_2231,2023-11-27,CUST_176,PROD_18,928.56,4,Europe,Web
ORD_2232,2023-09-02,CUST_314,PROD_96,489.79,4,Europe,Mobile
ORD_2233,2023-07-03,CUST_58,PROD_89,53.31,3,Asia,Mobile
ORD_2234,2023-01-17,CUST_316,PROD_56,436.9,2,North America,Web
ORD_2235,2023-04-28,CUST_278,PROD_26,524.96,2,North America,Web
ORD_2236,2023-11-19,CUST_298,PROD_70,36.39,1,North America,Mobile
ORD_2237,2023-09-13,CUST_33,PROD_89,17.77,1,Europe,Mobile
ORD_2238,2023-09-29,CUST_120,PROD_39,788.4,4,Europe,Web
ORD_2239,2023-03-11,CUST_390,PROD_42,447.44,2,Asia,Mobile
ORD_2240,2023-06-06,CUST_6,PROD_26,262.48,1,Europe,Web
ORD_2241,2023-09-21,CUST_488,PROD_80,413.37,1,Europe,Web
ORD_2242,2023-04-22,CUST_52,PROD_64,624.32,2,Europe,Mobile
ORD_2243,2023-12-11,CUST_216,PROD_64,312.16,1,Europe,Mobile
ORD_2244,2023-10-11,CUST_383,PROD_56,655.35,3,Asia,Mobile
ORD_2245,2023-12-26,CUST_259,PROD_3,453.37,1,Asia,Web
ORD_2246,2023-10-04,CUST_168,PROD_66,1390.92,4,North America,Mobile
ORD_2247,2023-09-15,CUST_83,PROD_77,866.32,2,Asia,Mobile
ORD_2248,2023-06-11,CUST_182,PROD_49,23.55,1,Asia,Mobile
ORD_2249,2023-02-06,CUST_91,PROD_85,1956.84,4,North America,Mobile
ORD_2250,2023-09-03,CUST_177,PROD_85,1956.84,4,Europe,Mobile
ORD_2251,2023-03-29,CUST_454,PROD_16,436.58,1,North America,Mobile
ORD_2252,2023-05-05,CUST_259,PROD_43,956.82,2,Asia,Mobile
ORD_2253,2023-10-13,CUST_255,PROD_78,486.36,1,Europe,Web
ORD_2254,2023-07-01,CUST_326,PROD_61,147.88,4,Asia,Mobile
ORD_2255,2023-05-13,CUST_192,PROD_41,308.97,1,Europe,Web
ORD_2256,2023-03-26,CUST_326,PROD_17,1854.72,4,Asia,Mobile
ORD_2257,2023-11-03,CUST_422,PROD_70,109.17,3,Europe,Web
ORD_2258,2023-10-18,CUST_373,PROD_77,1732.64,4,North America,Web
ORD_2259,2023-01-05,CUST_299,PROD_61,110.91,3,Europe,Web
ORD_2260,2023-10-22,CUST_91,PROD_25,60.13,1,North America,Mobile
ORD_2261,2023-08-23,CUST_170,PROD_78,1459.08,3,North America,Web
ORD_2262,2023-03-17,CUST_117,PROD_89,71.08,4,Europe,Web
ORD_2263,2023-02-23,CUST_477,PROD_82,436.12,2,Europe,Web
ORD_2264,2023-07-07,CUST_17,PROD_88,182.88,3,Europe,Web
ORD_2265,2023-09-30,CUST_257,PROD_50,700.68,2,Europe,Mobile
ORD_2266,2023-12-21,CUST_100,PROD_57,361.02,1,Asia,Mobile
ORD_2267,2023-01-30,CUST_39,PROD_15,424.51,1,North America,Mobile
ORD_2268,2023-08-10,CUST_113,PROD_78,972.72,2,Europe,Web
ORD_2269,2023-01-06,CUST_93,PROD_91,963.04,2,Europe,Mobile
ORD_2270,2023-05-04,CUST_29,PROD_46,945.12,2,Asia,Web
ORD_2271,2023-02-12,CUST_331,PROD_40,262.94,1,Asia,Web
ORD_2272,2023-08-31,CUST_259,PROD_36,1296.84,4,Asia,Mobile
ORD_2273,2023-07-29,CUST_76,PROD_65,640.41,3,Europe,Mobile
ORD_2274,2023-04-22,CUST_76,PROD_99,1128.31,4,Europe,Mobile
ORD_2275,2023-12-25,CUST_17,PROD_91,963.04,2,Europe,Web
ORD_2276,2023-05-09,CUST_222,PROD_10,358.57,1,Europe,Mobile
ORD_2277,2023-10-27,CUST_263,PROD_27,1441.11,3,Asia,Mobile
ORD_2278,2023-08-13,CUST_481,PROD_56,655.35,3,North America,Web
ORD_2279,2023-10-26,CUST_304,PROD_95,231.31,1,Europe,Mobile
ORD_2280,2023-05-29,CUST_274,PROD_44,493.78,1,Asia,Mobile
ORD_2281,2023-09-07,CUST_150,PROD_19,656.59,3,Europe,Web
ORD_2282,2023-02-15,CUST_361,PROD_27,960.74,2,Europe,Mobile
ORD_2283,2023-02-24,CUST_18,PROD_11,529.71,3,Europe,Mobile
ORD_2284,2023-06-21,CUST_255,PROD_63,105.96,2,Europe,Mobile
ORD_2285,2023-04-19,CUST_268,PROD_38,1703.4,4,Asia,Web
ORD_2286,2023-01-13,CUST_143,PROD_61,36.97,1,Europe,Mobile
ORD_2287,2023-03-01,CUST_333,PROD_14,365.91,3,Europe,Mobile
ORD_2288,2023-08-03,CUST_369,PROD_72,201.24,1,Europe,Web
ORD_2289,2023-03-14,CUST_135,PROD_88,121.92,2,Europe,Web
ORD_2290,2023-07-19,CUST_92,PROD_45,219.15,1,Asia,Web
ORD_2291,2023-12-03,CUST_298,PROD_39,197.1,1,North America,Web
ORD_2292,2023-08-20,CUST_111,PROD_19,729.54,2,Europe,Web
ORD_2293,2023-09-25,CUST_356,PROD_30,50.59,1,Europe,Web
ORD_2294,2023-05-26,CUST_8,PROD_74,142.54,3,Europe,Mobile
ORD_2295,2023-04-05,CUST_14,PROD_37,499.03,1,Europe,Web
ORD_2296,2023-07-28,CUST_266,PROD_76,375.36,3,Europe,Web
ORD_2297,2023-12-24,CUST_105,PROD_28,885.7,4,Europe,Web
ORD_2298,2023-12-25,CUST_103,PROD_75,208.79,1,Europe,Web
ORD_2299,2023-04-20,CUST_207,PROD_15,1698.04,4,Europe,Web
ORD_2300,2023-10-22,CUST_220,PROD_11,317.83,3,Europe,Mobile
ORD_2301,2023-06-27,CUST_395,PROD_12,151.47,3,Asia,Web
ORD_2302,2023-12-21,CUST_272,PROD_24,671.18,2,Europe,Mobile
ORD_2303,2023-06-05,CUST_295,PROD_87,962.56,2,Asia,Web
ORD_2304,2023-08-01,CUST_180,PROD_72,670.8,2,Europe,Mobile
ORD_2305,2023-06-01,CUST_56,PROD_36,194.53,1,Europe,Mobile
ORD_2306,2023-12-14,CUST_334,PROD_72,670.8,2,Europe,Mobile
ORD_2307,2023-09-17,CUST_44,PROD_80,1653.48,4,Europe,Mobile
ORD_2308,2023-12-30,CUST_303,PROD_88,60.96,1,Asia,Mobile
ORD_2309,2023-06-06,CUST_99,PROD_1,366.28,3,Europe,Mobile
ORD_2310,2023-08-16,CUST_285,PROD_34,133.02,2,North America,Web
ORD_2311,2023-05-17,CUST_154,PROD_86,1420.62,3,Asia,Web
ORD_2312,2023-08-02,CUST_170,PROD_5,121.26,1,North America,Mobile
ORD_2313,2023-02-03,CUST_276,PROD_98,872.28,3,North America,Web
ORD_2314,2023-05-08,CUST_322,PROD_69,450.0,4,North America,Mobile
ORD_2315,2023-04-02,CUST_104,PROD_61,147.88,4,Europe,Web
ORD_2316,2023-03-08,CUST_201,PROD_97,628.04,4,Europe,Mobile
ORD_2317,2023-10-16,CUST_249,PROD_36,648.42,2,Asia,Web
ORD_2318,2023-07-06,CUST_406,PROD_29,381.78,3,North America,Web
ORD_2319,2023-11-24,CUST_171,PROD_93,1366.04,4,Asia,Web
ORD_2320,2023-07-02,CUST_161,PROD_9,68.88,4,Asia,Mobile
ORD_2321,2023-02-14,CUST_436,PROD_91,963.04,2,Europe,Web
ORD_2322,2023-03-15,CUST_44,PROD_10,717.14,2,Europe,Mobile
ORD_2323,2023-10-08,CUST_246,PROD_12,151.47,3,North America,Mobile
ORD_2324,2023-03-16,CUST_470,PROD_35,114.15,1,Europe,Web
ORD_2325,2023-06-24,CUST_279,PROD_52,647.13,3,Europe,Mobile
ORD_2326,2023-08-22,CUST_66,PROD_18,928.56,4,Asia,Web
ORD_2327,2023-07-25,CUST_247,PROD_72,670.8,2,North America,Web
ORD_2328,2023-12-06,CUST_457,PROD_29,229.07,3,Europe,Mobile
ORD_2329,2023-09-23,CUST_2,PROD_65,853.88,4,North America,Web
ORD_2330,2023-01-03,CUST_211,PROD_23,85.0,2,Europe,Web
ORD_2331,2023-11-19,CUST_6,PROD_23,51.0,2,Europe,Mobile
ORD_2332,2023-01-07,CUST_494,PROD_40,788.82,3,Asia,Mobile
ORD_2333,2023-04-28,CUST_439,PROD_9,17.22,1,North America,Mobile
ORD_2334,2023-07-04,CUST_250,PROD_56,655.35,3,North America,Web
ORD_2335,2023-01-30,CUST_238,PROD_74,237.57,3,North America,Mobile
ORD_2336,2023-10-27,CUST_78,PROD_28,1476.16,4,Europe,Mobile
ORD_2337,2023-01-02,CUST_459,PROD_26,262.48,1,Asia,Mobile
ORD_2338,2023-08-17,CUST_368,PROD_65,426.94,2,North America,Web
ORD_2339,2023-02-10,CUST_264,PROD_44,1975.12,4,Asia,Web
ORD_2340,2023-07-05,CUST_442,PROD_22,1492.72,4,Europe,Mobile
ORD_2341,2023-05-14,CUST_381,PROD_66,1390.92,4,Europe,Mobile
ORD_2342,2023-03-12,CUST_483,PROD_75,347.99,1,Europe,Web
ORD_2343,2023-10-11,CUST_13,PROD_53,139.08,2,North America,Mobile
ORD_2344,2023-09-07,CUST_475,PROD_67,60.91,2,Europe,Web
ORD_2345,2023-06-27,CUST_346,PROD_71,261.64,4,Asia,Mobile
ORD_2346,2023-12-26,CUST_51,PROD_46,472.56,1,North America,Mobile
ORD_2347,2023-01-24,CUST_151,PROD_3,544.04,2,Europe,Mobile
ORD_2348,2023-09-20,CUST_392,PROD_56,524.28,4,Europe,Mobile
ORD_2349,2023-04-30,CUST_87,PROD_21,71.36,2,Asia,Mobile
ORD_2350,2023-08-05,CUST_474,PROD_67,91.37,3,Europe,Web
ORD_2351,2023-10-04,CUST_46,PROD_30,202.36,4,Asia,Web
ORD_2352,2023-10-25,CUST_109,PROD_32,1457.67,3,Asia,Mobile
ORD_2353,2023-11-28,CUST_302,PROD_25,120.26,2,Asia,Web
ORD_2354,2023-04-19,CUST_415,PROD_36,648.42,2,Asia,Web
ORD_2355,2023-08-18,CUST_486,PROD_51,385.68,4,Europe,Web
ORD_2356,2023-08-30,CUST_308,PROD_46,1890.24,4,Europe,Web
ORD_2357,2023-11-09,CUST_247,PROD_35,456.6,4,North America,Web
ORD_2358,2023-12-08,CUST_173,PROD_28,1107.12,3,Asia,Mobile
ORD_2359,2023-12-25,CUST_147,PROD_48,584.74,2,North America,Web
ORD_2360,2023-01-18,CUST_172,PROD_28,738.08,2,North America,Web
ORD_2361,2023-03-29,CUST_199,PROD_60,348.16,1,Asia,Mobile
ORD_2362,2023-09-23,CUST_461,PROD_41,370.76,2,Europe,Web
ORD_2363,2023-09-17,CUST_75,PROD_67,152.28,3,North America,Web
ORD_2364,2023-05-06,CUST_435,PROD_49,70.65,3,North America,Web
ORD_2365,2023-09-02,CUST_306,PROD_42,223.72,1,Europe,Web
ORD_2366,2023-12-23,CUST_465,PROD_62,272.38,2,Asia,Web
ORD_2367,2023-08-01,CUST_456,PROD_19,729.54,2,Europe,Web
ORD_2368,2023-05-16,CUST_160,PROD_59,901.26,2,North America,Web
ORD_2369,2023-03-12,CUST_398,PROD_65,256.16,2,Europe,Mobile
ORD_2370,2023-03-13,CUST_399,PROD_79,102.78,3,Europe,Web
ORD_2371,2023-05-18,CUST_485,PROD_69,112.5,1,Asia,Mobile
ORD_2372,2023-08-29,CUST_244,PROD_51,289.26,3,North America,Web
ORD_2373,2023-10-06,CUST_60,PROD_61,36.97,1,Europe,Mobile
ORD_2374,2023-09-13,CUST_107,PROD_52,647.13,3,Europe,Mobile
ORD_2375,2023-12-06,CUST_466,PROD_89,17.77,1,North America,Web
ORD_2376,2023-03-29,CUST_280,PROD_32,291.53,1,Europe,Mobile
ORD_2377,2023-11-05,CUST_178,PROD_8,187.43,1,Europe,Mobile
ORD_2378,2023-06-26,CUST_415,PROD_52,647.13,3,Asia,Mobile
ORD_2379,2023-04-16,CUST_349,PROD_83,645.7,2,Europe,Mobile
ORD_2380,2023-02-16,CUST_289,PROD_25,180.39,3,Europe,Web
ORD_2381,2023-02-20,CUST_397,PROD_72,670.8,2,North America,Mobile
ORD_2382,2023-09-19,CUST_157,PROD_7,729.84,3,Asia,Web
ORD_2383,2023-04-02,CUST_414,PROD_24,335.59,1,North America,Web
ORD_2384,2023-09-04,CUST_41,PROD_56,873.8,4,Europe,Mobile
ORD_2385,2023-07-12,CUST_377,PROD_44,493.78,1,Europe,Web
ORD_2386,2023-10-12,CUST_37,PROD_78,1459.08,3,Asia,Mobile
ORD_2387,2023-06-06,CUST_434,PROD_11,176.57,1,Europe,Web
ORD_2388,2023-05-23,CUST_379,PROD_47,956.16,4,Europe,Mobile
ORD_2389,2023-08-07,CUST_202,PROD_76,125.12,1,North America,Web
ORD_2390,2023-07-20,CUST_203,PROD_92,1231.28,4,Europe,Mobile
ORD_2391,2023-05-10,CUST_189,PROD_80,1653.48,4,Asia,Mobile
ORD_2392,2023-01-06,CUST_254,PROD_50,1051.02,3,Europe,Web
ORD_2393,2023-01-10,CUST_55,PROD_97,314.02,2,Asia,Mobile
ORD_2394,2023-12-24,CUST_413,PROD_30,101.18,2,Asia,Mobile
ORD_2395,2023-10-17,CUST_214,PROD_18,464.28,2,North America,Web
ORD_2396,2023-01-06,CUST_400,PROD_62,408.57,3,North America,Web
ORD_2397,2023-03-28,CUST_385,PROD_61,110.91,3,North America,Mobile
ORD_2398,2023-11-03,CUST_96,PROD_9,51.66,3,Asia,Web
ORD_2399,2023-06-02,CUST_254,PROD_44,1185.07,4,Europe,Web
ORD_2400,2023-01-26,CUST_206,PROD_4,941.56,2,Europe,Web
ORD_2401,2023-09-05,CUST_322,PROD_30,151.77,3,North America,Mobile
ORD_2402,2023-09-14,CUST_377,PROD_62,163.43,2,Europe,Web
ORD_2403,2023-07-28,CUST_370,PROD_88,182.88,3,North America,Mobile
ORD_2404,2023-02-17,CUST_303,PROD_51,289.26,3,Asia,Web
ORD_2405,2023-09-07,CUST_303,PROD_85,489.21,1,Asia,Web
ORD_2406,2023-10-06,CUST_395,PROD_3,1813.48,4,Asia,Web
ORD_2407,2023-02-08,CUST_494,PROD_41,617.94,2,Asia,Web
ORD_2408,2023-05-18,CUST_224,PROD_42,894.88,4,North America,Mobile
ORD_2409,2023-01-03,CUST_266,PROD_52,215.71,1,Europe,Web
ORD_2410,2023-05-17,CUST_278,PROD_90,489.08,1,North America,Web
ORD_2411,2023-07-19,CUST_368,PROD_59,450.63,1,North America,Web
ORD_2412,2023-11-30,CUST_389,PROD_88,121.92,2,Asia,Web
ORD_2413,2023-11-29,CUST_274,PROD_4,1412.34,3,Asia,Web
ORD_2414,2023-01-02,CUST_401,PROD_76,375.36,3,Europe,Mobile
ORD_2415,2023-08-03,CUST_464,PROD_58,93.44,1,Asia,Web
ORD_2416,2023-02-14,CUST_70,PROD_84,397.88,1,Europe,Web
ORD_2417,2023-07-13,CUST_474,PROD_10,1075.71,3,Europe,Mobile
ORD_2418,2023-08-12,CUST_36,PROD_58,373.76,4,North America,Web
ORD_2419,2023-05-14,CUST_312,PROD_92,307.82,1,Europe,Mobile
ORD_2420,2023-09-10,CUST_17,PROD_93,204.91,1,Europe,Web
ORD_2421,2023-08-08,CUST_386,PROD_81,905.4,2,North America,Web
ORD_2422,2023-12-15,CUST_195,PROD_33,811.48,2,Europe,Mobile
ORD_2423,2023-02-14,CUST_101,PROD_13,886.77,3,Europe,Web
ORD_2424,2023-11-19,CUST_283,PROD_75,1043.97,3,Europe,Mobile
ORD_2425,2023-09-28,CUST_111,PROD_37,998.06,2,Europe,Mobile
ORD_2426,2023-05-21,CUST_500,PROD_40,157.76,1,Europe,Mobile
ORD_2427,2023-10-30,CUST_351,PROD_2,258.77,3,Europe,Mobile
ORD_2428,2023-06-26,CUST_334,PROD_51,192.84,2,Europe,Web
ORD_2429,2023-07-16,CUST_130,PROD_11,706.28,4,Europe,Mobile
ORD_2430,2023-07-08,CUST_239,PROD_27,960.74,2,Asia,Mobile
ORD_2431,2023-02-13,CUST_148,PROD_17,463.68,1,Europe,Web
ORD_2432,2023-03-13,CUST_107,PROD_55,548.3,4,Europe,Mobile
ORD_2433,2023-09-26,CUST_3,PROD_68,475.68,4,Europe,Web
ORD_2434,2023-12-28,CUST_331,PROD_95,693.93,3,Asia,Web
ORD_2435,2023-06-15,CUST_399,PROD_83,968.55,3,Europe,Web
ORD_2436,2023-11-29,CUST_59,PROD_44,1481.34,3,Asia,Mobile
ORD_2437,2023-09-02,CUST_305,PROD_49,28.26,2,Europe,Mobile
ORD_2438,2023-06-02,CUST_114,PROD_21,142.72,4,Asia,Web
ORD_2439,2023-06-02,CUST_409,PROD_25,120.26,2,Europe,Web
ORD_2440,2023-02-28,CUST_207,PROD_67,152.28,3,Europe,Web
ORD_2441,2023-04-09,CUST_156,PROD_62,81.71,1,Europe,Web
ORD_2442,2023-12-08,CUST_474,PROD_43,1913.64,4,Europe,Mobile
ORD_2443,2023-08-15,CUST_442,PROD_35,114.15,1,Europe,Web
ORD_2444,2023-03-18,CUST_94,PROD_98,581.52,2,Europe,Web
ORD_2445,2023-04-16,CUST_54,PROD_23,170.0,4,North America,Web
ORD_2446,2023-12-15,CUST_499,PROD_2,431.28,3,Europe,Mobile
ORD_2447,2023-12-04,CUST_235,PROD_4,1412.34,3,Europe,Mobile
ORD_2448,2023-12-16,CUST_17,PROD_33,1622.96,4,Europe,Web
ORD_2449,2023-02-10,CUST_345,PROD_6,266.2,2,Europe,Web
ORD_2450,2023-03-07,CUST_169,PROD_71,65.41,1,Asia,Mobile
ORD_2451,2023-09-30,CUST_209,PROD_3,1813.48,4,Europe,Web
ORD_2452,2023-09-30,CUST_66,PROD_14,365.91,3,Asia,Web
ORD_2453,2023-03-30,CUST_237,PROD_68,118.92,1,Europe,Web
ORD_2454,2023-12-18,CUST_251,PROD_36,324.21,1,Asia,Web
ORD_2455,2023-01-16,CUST_44,PROD_34,66.51,1,Europe,Mobile
ORD_2456,2023-01-03,CUST_360,PROD_17,927.36,2,Asia,Web
ORD_2457,2023-06-04,CUST_149,PROD_36,1296.84,4,Europe,Mobile
ORD_2458,2023-09-16,CUST_26,PROD_85,489.21,1,Asia,Mobile
ORD_2459,2023-09-15,CUST_374,PROD_62,544.76,4,Europe,Mobile
ORD_2460,2023-10-29,CUST_482,PROD_11,176.57,1,Europe,Mobile
ORD_2461,2023-04-07,CUST_421,PROD_98,290.76,1,North America,Web
ORD_2462,2023-08-25,CUST_162,PROD_32,1943.56,4,Europe,Web
ORD_2463,2023-12-20,CUST_412,PROD_98,872.28,3,Asia,Web
ORD_2464,2023-02-25,CUST_11,PROD_10,1434.28,4,Asia,Web
ORD_2465,2023-12-24,CUST_180,PROD_51,96.42,1,Europe,Web
ORD_2466,2023-02-05,CUST_245,PROD_76,375.36,3,Europe,Web
ORD_2467,2023-09-19,CUST_466,PROD_90,489.08,1,North America,Web
ORD_2468,2023-06-21,CUST_355,PROD_30,91.06,3,Europe,Web
ORD_2469,2023-11-19,CUST_201,PROD_61,22.18,1,Europe,Mobile
ORD_2470,2023-07-20,CUST_143,PROD_46,1890.24,4,Europe,Mobile
ORD_2471,2023-12-24,CUST_323,PROD_97,314.02,2,Asia,Web
ORD_2472,2023-09-08,CUST_37,PROD_14,487.88,4,Asia,Web
ORD_2473,2023-06-11,CUST_405,PROD_81,1358.1,3,North America,Mobile
ORD_2474,2023-11-07,CUST_269,PROD_32,971.78,2,Asia,Mobile
ORD_2475,2023-11-12,CUST_11,PROD_25,60.13,1,Asia,Web
ORD_2476,2023-02-26,CUST_39,PROD_58,93.44,1,North America,Mobile
ORD_2477,2023-12-13,CUST_450,PROD_59,450.63,1,Asia,Mobile
ORD_2478,2023-08-09,CUST_387,PROD_87,962.56,2,Europe,Web
ORD_2479,2023-07-02,CUST_294,PROD_95,231.31,1,North America,Mobile
ORD_2480,2023-04-24,CUST_213,PROD_66,1043.19,3,Asia,Mobile
ORD_2481,2023-08-20,CUST_413,PROD_9,34.44,2,Asia,Web
ORD_2482,2023-12-15,CUST_189,PROD_24,1342.36,4,Asia,Mobile
ORD_2483,2023-11-03,CUST_495,PROD_46,283.54,1,Europe,Mobile
ORD_2484,2023-02-04,CUST_71,PROD_87,1443.84,3,Asia,Web
ORD_2485,2023-06-06,CUST_34,PROD_33,1622.96,4,Europe,Web
ORD_2486,2023-08-13,CUST_389,PROD_48,292.37,1,Asia,Mobile
ORD_2487,2023-01-13,CUST_108,PROD_71,196.23,3,Asia,Web
ORD_2488,2023-06-13,CUST_414,PROD_45,876.6,4,North America,Web
ORD_2489,2023-08-04,CUST_8,PROD_37,1497.09,3,Europe,Mobile
ORD_2490,2023-08-11,CUST_263,PROD_21,142.72,4,Asia,Mobile
ORD_2491,2023-04-27,CUST_371,PROD_11,529.71,3,North America,Mobile
ORD_2492,2023-03-10,CUST_93,PROD_97,471.03,3,Europe,Mobile
ORD_2493,2023-08-05,CUST_122,PROD_84,1193.64,3,Europe,Mobile
ORD_2494,2023-11-10,CUST_64,PROD_68,142.7,2,Europe,Web
ORD_2495,2023-01-21,CUST_78,PROD_87,288.77,1,Europe,Mobile
ORD_2496,2023-11-21,CUST_18,PROD_30,151.77,3,Europe,Mobile
ORD_2497,2023-05-19,CUST_377,PROD_37,998.06,2,Europe,Web
ORD_2498,2023-04-06,CUST_328,PROD_100,616.32,2,Asia,Web
ORD_2499,2023-11-05,CUST_465,PROD_1,203.49,1,Asia,Mobile
ORD_2500,2023-09-20,CUST_355,PROD_19,656.59,3,Europe,Mobile
ORD_2501,2023-08-23,CUST_447,PROD_83,1291.4,4,North America,Mobile
ORD_2502,2023-12-26,CUST_472,PROD_78,1945.44,4,North America,Mobile
ORD_2503,2023-06-22,CUST_66,PROD_86,1894.16,4,Asia,Web
ORD_2504,2023-06-06,CUST_190,PROD_78,486.36,1,Europe,Web
ORD_2505,2023-03-14,CUST_180,PROD_61,110.91,3,Europe,Web
ORD_2506,2023-04-05,CUST_336,PROD_16,436.58,1,Europe,Mobile
ORD_2507,2023-03-20,CUST_36,PROD_45,876.6,4,North America,Mobile
ORD_2508,2023-05-05,CUST_352,PROD_54,962.28,3,Europe,Mobile
ORD_2509,2023-11-13,CUST_416,PROD_7,243.28,1,Europe,Mobile
ORD_2510,2023-06-10,CUST_253,PROD_68,356.76,3,North America,Web
ORD_2511,2023-09-23,CUST_26,PROD_49,23.55,1,Asia,Web
ORD_2512,2023-01-13,CUST_108,PROD_64,624.32,2,Asia,Mobile
ORD_2513,2023-03-19,CUST_24,PROD_29,381.78,3,Europe,Mobile
ORD_2514,2023-12-05,CUST_326,PROD_40,525.88,2,Asia,Mobile
ORD_2515,2023-10-19,CUST_383,PROD_87,1925.12,4,Asia,Mobile
ORD_2516,2023-08-30,CUST_54,PROD_87,1925.12,4,North America,Mobile
ORD_2517,2023-05-29,CUST_120,PROD_23,85.0,2,Europe,Web
ORD_2518,2023-01-19,CUST_296,PROD_89,53.31,3,Europe,Web
ORD_2519,2023-03-06,CUST_386,PROD_19,1459.08,4,North America,Mobile
ORD_2520,2023-07-31,CUST_386,PROD_16,1746.32,4,North America,Web
ORD_2521,2023-01-06,CUST_373,PROD_50,350.34,1,North America,Mobile
ORD_2522,2023-03-22,CUST_210,PROD_36,648.42,2,Europe,Mobile
ORD_2523,2023-02-13,CUST_433,PROD_27,1921.48,4,Europe,Web
ORD_2524,2023-10-17,CUST_46,PROD_55,685.38,3,Asia,Mobile
ORD_2525,2023-02-05,CUST_387,PROD_93,409.81,2,Europe,Web
ORD_2526,2023-09-09,CUST_211,PROD_45,438.3,2,Europe,Web
ORD_2527,2023-06-21,CUST_364,PROD_20,431.96,4,North America,Web
ORD_2528,2023-03-04,CUST_103,PROD_16,1309.74,3,Europe,Mobile
ORD_2529,2023-08-25,CUST_132,PROD_36,972.63,3,Asia,Mobile
ORD_2530,2023-06-30,CUST_487,PROD_5,121.26,1,Europe,Web
ORD_2531,2023-08-13,CUST_121,PROD_79,228.4,4,Europe,Web
ORD_2532,2023-03-19,CUST_429,PROD_20,107.99,1,Europe,Web
ORD_2533,2023-05-18,CUST_30,PROD_57,1444.08,4,Europe,Web
ORD_2534,2023-08-04,CUST_259,PROD_18,232.14,1,Asia,Mobile
ORD_2535,2023-08-06,CUST_209,PROD_28,442.85,2,Europe,Web
ORD_2536,2023-07-23,CUST_280,PROD_68,475.68,4,Europe,Web
ORD_2537,2023-05-01,CUST_56,PROD_89,17.77,1,Europe,Mobile
ORD_2538,2024-01-01,CUST_458,PROD_60,696.32,2,North America,Mobile
ORD_2539,2023-01-09,CUST_138,PROD_43,956.82,2,Asia,Mobile
ORD_2540,2023-10-22,CUST_368,PROD_16,436.58,1,North America,Mobile
ORD_2541,2023-01-08,CUST_196,PROD_33,405.74,1,Europe,Web
ORD_2542,2023-09-30,CUST_368,PROD_72,1006.2,3,North America,Mobile
ORD_2543,2023-11-30,CUST_276,PROD_20,431.96,4,North America,Web
ORD_2544,2023-09-08,CUST_15,PROD_9,17.22,1,Europe,Mobile
ORD_2545,2023-01-23,CUST_303,PROD_82,872.24,4,Asia,Web
ORD_2546,2023-03-06,CUST_67,PROD_5,363.78,3,Asia,Web
ORD_2547,2023-07-03,CUST_321,PROD_31,1508.76,4,North America,Mobile
ORD_2548,2023-10-03,CUST_246,PROD_27,960.74,2,North America,Mobile
ORD_2549,2023-02-04,CUST_291,PROD_41,617.94,2,North America,Mobile
ORD_2550,2023-05-05,CUST_286,PROD_63,105.96,2,Asia,Mobile
ORD_2551,2023-11-02,CUST_243,PROD_7,437.9,3,Europe,Web
ORD_2552,2023-11-05,CUST_188,PROD_100,924.48,3,North America,Mobile
ORD_2553,2023-11-07,CUST_293,PROD_16,873.16,2,Europe,Web
ORD_2554,2023-03-04,CUST_190,PROD_81,1358.1,3,Europe,Mobile
ORD_2555,2023-10-01,CUST_446,PROD_19,1094.31,3,Europe,Web
ORD_2556,2023-08-12,CUST_136,PROD_33,811.48,2,North America,Mobile
ORD_2557,2023-04-20,CUST_307,PROD_46,1890.24,4,Europe,Mobile
ORD_2558,2023-01-08,CUST_113,PROD_2,345.02,4,Europe,Web
ORD_2559,2023-11-30,CUST_311,PROD_51,96.42,1,Europe,Mobile
ORD_2560,2023-12-31,CUST_379,PROD_76,375.36,3,Europe,Web
ORD_2561,2023-10-17,CUST_310,PROD_96,816.32,4,Europe,Mobile
ORD_2562,2023-01-09,CUST_350,PROD_7,729.84,3,Asia,Mobile
ORD_2563,2023-06-14,CUST_239,PROD_5,485.04,4,Asia,Mobile
ORD_2564,2023-01-16,CUST_378,PROD_49,94.2,4,North America,Web
ORD_2565,2023-02-25,CUST_304,PROD_90,1467.24,3,Europe,Web
ORD_2566,2023-05-19,CUST_69,PROD_92,1231.28,4,Europe,Web
ORD_2567,2023-07-10,CUST_101,PROD_50,1401.36,4,Europe,Web
ORD_2568,2023-10-24,CUST_4,PROD_6,133.1,1,North America,Mobile
ORD_2569,2023-03-22,CUST_18,PROD_67,152.28,3,Europe,Web
ORD_2570,2023-11-08,CUST_442,PROD_9,34.44,2,Europe,Web
ORD_2571,2023-06-03,CUST_245,PROD_51,57.85,1,Europe,Mobile
ORD_2572,2023-05-12,CUST_343,PROD_22,746.36,2,Europe,Web
ORD_2573,2023-02-18,CUST_412,PROD_12,201.96,4,Asia,Mobile
ORD_2574,2023-11-21,CUST_205,PROD_52,517.7,4,Europe,Mobile
ORD_2575,2023-10-21,CUST_345,PROD_96,612.24,3,Europe,Mobile
ORD_2576,2023-03-28,CUST_29,PROD_36,972.63,3,Asia,Mobile
ORD_2577,2023-07-24,CUST_329,PROD_73,499.68,4,North America,Web
ORD_2578,2023-04-20,CUST_134,PROD_97,628.04,4,Europe,Web
ORD_2579,2023-12-10,CUST_224,PROD_10,358.57,1,North America,Web
ORD_2580,2023-04-08,CUST_93,PROD_22,746.36,2,Europe,Web
ORD_2581,2023-07-02,CUST_423,PROD_4,941.56,2,Europe,Web
ORD_2582,2023-03-07,CUST_81,PROD_48,877.11,3,North America,Mobile
ORD_2583,2023-12-29,CUST_203,PROD_1,406.98,2,Europe,Web
ORD_2584,2023-12-10,CUST_239,PROD_52,647.13,3,Asia,Web
ORD_2585,2023-04-26,CUST_21,PROD_79,228.4,4,Europe,Web
ORD_2586,2023-03-15,CUST_181,PROD_49,94.2,4,North America,Web
ORD_2587,2023-12-21,CUST_87,PROD_47,717.12,3,Asia,Mobile
ORD_2588,2023-03-27,CUST_395,PROD_26,787.44,3,Asia,Web
ORD_2589,2023-05-30,CUST_465,PROD_86,1420.62,3,Asia,Mobile
ORD_2590,2023-04-06,CUST_363,PROD_19,364.77,1,Europe,Mobile
ORD_2591,2023-04-16,CUST_144,PROD_93,683.02,2,Europe,Mobile
ORD_2592,2023-01-24,CUST_427,PROD_54,1283.04,4,North America,Mobile
ORD_2593,2023-01-22,CUST_219,PROD_57,722.04,2,North America,Web
ORD_2594,2023-01-11,CUST_69,PROD_72,1341.6,4,Europe,Web
ORD_2595,2023-08-14,CUST_57,PROD_52,647.13,3,Europe,Mobile
ORD_2596,2023-11-17,CUST_205,PROD_21,21.41,1,Europe,Web
ORD_2597,2023-11-13,CUST_303,PROD_26,787.44,3,Asia,Web
ORD_2598,2023-04-11,CUST_149,PROD_76,125.12,1,Europe,Web
ORD_2599,2023-07-29,CUST_210,PROD_39,197.1,1,Europe,Mobile
ORD_2600,2023-11-06,CUST_462,PROD_36,324.21,1,Europe,Mobile
ORD_2601,2023-06-16,CUST_180,PROD_47,478.08,2,Europe,Mobile
ORD_2602,2023-07-05,CUST_370,PROD_2,575.04,4,North America,Mobile
ORD_2603,2023-10-31,CUST_164,PROD_71,196.23,3,North America,Web
ORD_2604,2023-09-02,CUST_25,PROD_34,199.53,3,North America,Mobile
ORD_2605,2023-05-22,CUST_361,PROD_25,240.52,4,Europe,Mobile
ORD_2606,2023-12-01,CUST_428,PROD_17,1391.04,3,North America,Mobile
ORD_2607,2023-09-22,CUST_230,PROD_39,394.2,2,Europe,Mobile
ORD_2608,2023-03-03,CUST_332,PROD_85,489.21,1,North America,Web
ORD_2609,2023-09-29,CUST_334,PROD_93,1024.53,3,Europe,Web
ORD_2610,2023-06-09,CUST_140,PROD_75,835.18,4,Europe,Web
ORD_2611,2023-11-25,CUST_465,PROD_11,529.71,3,Asia,Web
ORD_2612,2023-04-18,CUST_55,PROD_11,706.28,4,Asia,Web
ORD_2613,2023-07-20,CUST_458,PROD_55,913.84,4,North America,Mobile
ORD_2614,2023-12-11,CUST_401,PROD_62,245.14,3,Europe,Web
ORD_2615,2023-11-22,CUST_214,PROD_59,450.63,1,North America,Web
ORD_2616,2023-11-24,CUST_225,PROD_28,369.04,1,Europe,Web
ORD_2617,2023-11-06,CUST_432,PROD_92,615.64,2,Europe,Web
ORD_2618,2023-10-14,CUST_365,PROD_29,229.07,3,Europe,Web
ORD_2619,2023-02-23,CUST_279,PROD_63,52.98,1,Europe,Web
ORD_2620,2023-05-08,CUST_430,PROD_11,706.28,4,Asia,Mobile
ORD_2621,2023-03-16,CUST_249,PROD_42,671.16,3,Asia,Mobile
ORD_2622,2023-05-21,CUST_314,PROD_49,28.26,2,Europe,Web
ORD_2623,2023-07-24,CUST_458,PROD_64,312.16,1,North America,Mobile
ORD_2624,2023-08-03,CUST_445,PROD_33,1622.96,4,Asia,Web
ORD_2625,2023-02-03,CUST_448,PROD_55,456.92,2,Europe,Mobile
ORD_2626,2023-10-16,CUST_16,PROD_32,971.78,2,Europe,Web
ORD_2627,2023-05-29,CUST_414,PROD_20,323.97,3,North America,Mobile
ORD_2628,2023-08-06,CUST_324,PROD_5,121.26,1,Europe,Web
ORD_2629,2023-07-05,CUST_24,PROD_57,361.02,1,Europe,Mobile
ORD_2630,2023-12-29,CUST_163,PROD_88,243.84,4,North America,Mobile
ORD_2631,2023-10-06,CUST_255,PROD_51,289.26,3,Europe,Web
ORD_2632,2023-03-28,CUST_79,PROD_43,478.41,1,Europe,Mobile
ORD_2633,2023-07-20,CUST_67,PROD_84,1591.52,4,Asia,Web
ORD_2634,2023-07-13,CUST_190,PROD_21,71.36,2,Europe,Web
ORD_2635,2023-12-23,CUST_448,PROD_69,225.0,2,Europe,Web
ORD_2636,2023-08-01,CUST_477,PROD_25,180.39,3,Europe,Web
ORD_2637,2023-09-20,CUST_242,PROD_70,36.39,1,North America,Mobile
ORD_2638,2023-02-04,CUST_417,PROD_100,308.16,1,Asia,Mobile
ORD_2639,2023-03-20,CUST_458,PROD_79,171.3,3,North America,Mobile
ORD_2640,2023-10-22,CUST_369,PROD_1,610.47,3,Europe,Mobile
ORD_2641,2023-12-08,CUST_17,PROD_96,244.9,2,Europe,Mobile
ORD_2642,2023-08-26,CUST_344,PROD_45,657.45,3,Europe,Mobile
ORD_2643,2023-02-14,CUST_117,PROD_79,68.52,2,Europe,Mobile
ORD_2644,2023-05-28,CUST_355,PROD_44,1481.34,3,Europe,Mobile
ORD_2645,2023-12-23,CUST_146,PROD_23,127.5,3,Europe,Web
ORD_2646,2023-03-26,CUST_73,PROD_56,655.35,3,Asia,Mobile
ORD_2647,2023-06-06,CUST_391,PROD_29,254.52,2,Europe,Web
ORD_2648,2023-05-10,CUST_184,PROD_37,998.06,2,Asia,Web
ORD_2649,2023-03-01,CUST_131,PROD_51,96.42,1,North America,Web
ORD_2650,2023-06-17,CUST_86,PROD_20,259.18,4,Europe,Web
ORD_2651,2023-10-12,CUST_386,PROD_73,249.84,2,North America,Mobile
ORD_2652,2023-05-21,CUST_399,PROD_44,987.56,2,Europe,Mobile
ORD_2653,2023-07-23,CUST_98,PROD_49,47.1,2,Europe,Mobile
ORD_2654,2023-10-16,CUST_220,PROD_59,1351.89,3,Europe,Mobile
ORD_2655,2023-05-24,CUST_418,PROD_65,128.08,1,Europe,Web
ORD_2656,2023-09-19,CUST_229,PROD_94,185.76,3,North America,Mobile
ORD_2657,2023-06-28,CUST_446,PROD_35,114.15,1,Europe,Mobile
ORD_2658,2023-12-24,CUST_431,PROD_42,223.72,1,North America,Mobile
ORD_2659,2023-02-07,CUST_190,PROD_88,121.92,2,Europe,Web
ORD_2660,2023-02-28,CUST_325,PROD_55,913.84,4,Asia,Web
ORD_2661,2023-10-20,CUST_272,PROD_3,1088.09,4,Europe,Mobile
ORD_2662,2023-02-14,CUST_100,PROD_17,463.68,1,Asia,Mobile
ORD_2663,2023-06-02,CUST_36,PROD_29,254.52,2,North America,Web
ORD_2664,2023-02-18,CUST_221,PROD_6,133.1,1,North America,Mobile
ORD_2665,2023-01-23,CUST_291,PROD_55,685.38,3,North America,Mobile
ORD_2666,2023-07-23,CUST_242,PROD_54,962.28,3,North America,Mobile
ORD_2667,2023-01-27,CUST_281,PROD_88,121.92,2,Europe,Mobile
ORD_2668,2023-10-10,CUST_301,PROD_3,906.74,2,Asia,Web
ORD_2669,2023-02-13,CUST_261,PROD_93,341.51,1,Europe,Mobile
ORD_2670,2023-05-17,CUST_386,PROD_79,228.4,4,North America,Mobile
ORD_2671,2023-09-17,CUST_13,PROD_93,1024.53,3,North America,Mobile
ORD_2672,2024-01-01,CUST_150,PROD_32,1166.14,4,Europe,Web
ORD_2673,2023-03-01,CUST_237,PROD_49,47.1,2,Europe,Web
ORD_2674,2023-10-05,CUST_406,PROD_75,695.98,2,North America,Mobile
ORD_2675,2023-03-16,CUST_293,PROD_4,1412.34,3,Europe,Mobile
ORD_2676,2023-12-25,CUST_100,PROD_98,872.28,3,Asia,Mobile
ORD_2677,2023-01-06,CUST_148,PROD_64,312.16,1,Europe,Web
ORD_2678,2023-03-24,CUST_459,PROD_53,278.16,4,Asia,Mobile
ORD_2679,2023-12-10,CUST_138,PROD_52,215.71,1,Asia,Web
ORD_2680,2023-03-10,CUST_343,PROD_23,42.5,1,Europe,Web
ORD_2681,2023-07-10,CUST_64,PROD_33,1217.22,3,Europe,Mobile
ORD_2682,2023-04-13,CUST_362,PROD_39,394.2,2,Europe,Web
ORD_2683,2023-08-30,CUST_305,PROD_59,1802.52,4,Europe,Web
ORD_2684,2023-12-17,CUST_93,PROD_80,826.74,2,Europe,Mobile
ORD_2685,2023-10-28,CUST_469,PROD_92,1231.28,4,North America,Mobile
ORD_2686,2023-09-11,CUST_53,PROD_49,28.26,2,Europe,Web
ORD_2687,2023-10-27,CUST_213,PROD_43,478.41,1,Asia,Mobile
ORD_2688,2023-02-10,CUST_339,PROD_56,218.45,1,Asia,Mobile
ORD_2689,2023-01-19,CUST_79,PROD_12,100.98,2,Europe,Mobile
ORD_2690,2023-08-16,CUST_196,PROD_94,185.76,3,Europe,Mobile
ORD_2691,2023-09-22,CUST_207,PROD_48,1169.48,4,Europe,Mobile
ORD_2692,2023-07-10,CUST_374,PROD_11,706.28,4,Europe,Mobile
ORD_2693,2023-05-02,CUST_338,PROD_40,1051.76,4,Europe,Web
ORD_2694,2023-06-23,CUST_200,PROD_1,406.98,2,Asia,Web
ORD_2695,2023-02-10,CUST_212,PROD_71,196.23,3,Asia,Web
ORD_2696,2023-02-05,CUST_304,PROD_94,185.76,3,Europe,Mobile
ORD_2697,2023-06-24,CUST_457,PROD_57,216.61,1,Europe,Web
ORD_2698,2023-01-14,CUST_29,PROD_93,683.02,2,Asia,Mobile
ORD_2699,2023-10-05,CUST_52,PROD_77,1732.64,4,Europe,Web
ORD_2700,2023-02-20,CUST_271,PROD_17,927.36,2,Asia,Web
ORD_2701,2023-10-06,CUST_384,PROD_98,872.28,3,North America,Web
ORD_2702,2023-03-07,CUST_213,PROD_49,23.55,1,Asia,Web
ORD_2703,2023-06-08,CUST_25,PROD_24,671.18,2,North America,Mobile
ORD_2704,2023-06-24,CUST_386,PROD_78,1945.44,4,North America,Mobile
ORD_2705,2023-03-30,CUST_402,PROD_75,695.98,2,Europe,Mobile
ORD_2706,2023-02-15,CUST_233,PROD_56,655.35,3,Asia,Web
ORD_2707,2023-09-27,CUST_61,PROD_16,436.58,1,Europe,Web
ORD_2708,2023-12-08,CUST_353,PROD_90,489.08,1,Asia,Mobile
ORD_2709,2023-01-25,CUST_64,PROD_100,1232.64,4,Europe,Mobile
ORD_2710,2023-07-21,CUST_160,PROD_42,447.44,2,North America,Web
ORD_2711,2023-01-26,CUST_215,PROD_37,998.06,2,Europe,Mobile
ORD_2712,2023-03-03,CUST_401,PROD_74,158.38,2,Europe,Mobile
ORD_2713,2023-09-23,CUST_51,PROD_4,941.56,2,North America,Mobile
ORD_2714,2023-05-18,CUST_500,PROD_61,66.55,3,Europe,Web
ORD_2715,2023-08-13,CUST_86,PROD_91,1444.56,3,Europe,Mobile
ORD_2716,2023-05-25,CUST_68,PROD_32,971.78,2,Asia,Mobile
ORD_2717,2023-05-04,CUST_339,PROD_50,700.68,2,Asia,Mobile
ORD_2718,2023-10-27,CUST_192,PROD_9,51.66,3,Europe,Web
ORD_2719,2023-03-09,CUST_434,PROD_13,886.77,3,Europe,Web
ORD_2720,2023-12-15,CUST_94,PROD_93,683.02,2,Europe,Web
ORD_2721,2023-08-07,CUST_478,PROD_46,472.56,1,Asia,Web
ORD_2722,2023-08-08,CUST_363,PROD_77,259.9,1,Europe,Web
ORD_2723,2023-01-29,CUST_326,PROD_87,1443.84,3,Asia,Mobile
ORD_2724,2023-04-10,CUST_60,PROD_16,873.16,2,Europe,Web
ORD_2725,2023-09-22,CUST_236,PROD_8,187.43,1,North America,Mobile
ORD_2726,2023-06-30,CUST_88,PROD_92,369.38,2,Europe,Web
ORD_2727,2023-11-18,CUST_53,PROD_23,42.5,1,Europe,Mobile
ORD_2728,2023-02-20,CUST_364,PROD_59,901.26,2,North America,Mobile
ORD_2729,2023-08-16,CUST_153,PROD_70,145.56,4,North America,Web
ORD_2730,2023-05-30,CUST_80,PROD_86,1894.16,4,Europe,Web
ORD_2731,2023-05-25,CUST_111,PROD_73,499.68,4,Europe,Mobile
ORD_2732,2023-06-16,CUST_238,PROD_24,671.18,2,North America,Web
ORD_2733,2023-02-07,CUST_327,PROD_70,72.78,2,Asia,Mobile
ORD_2734,2023-06-20,CUST_322,PROD_5,485.04,4,North America,Mobile
ORD_2735,2023-09-13,CUST_394,PROD_20,107.99,1,Europe,Web
ORD_2736,2023-11-25,CUST_405,PROD_21,35.68,1,North America,Web
ORD_2737,2023-05-06,CUST_416,PROD_91,577.82,2,Europe,Mobile
ORD_2738,2023-12-14,CUST_125,PROD_88,60.96,1,North America,Mobile
ORD_2739,2023-03-01,CUST_386,PROD_53,69.54,1,North America,Web
ORD_2740,2023-05-10,CUST_344,PROD_99,940.26,2,Europe,Mobile
ORD_2741,2023-10-10,CUST_172,PROD_34,66.51,1,North America,Web
ORD_2742,2023-09-20,CUST_120,PROD_26,787.44,3,Europe,Web
ORD_2743,2023-05-27,CUST_306,PROD_100,616.32,2,Europe,Mobile
ORD_2744,2023-08-28,CUST_67,PROD_93,683.02,2,Asia,Web
ORD_2745,2023-11-13,CUST_330,PROD_58,280.32,3,Europe,Mobile
ORD_2746,2023-05-11,CUST_168,PROD_59,1802.52,4,North America,Mobile
ORD_2747,2023-12-17,CUST_399,PROD_84,1591.52,4,Europe,Mobile
ORD_2748,2023-08-10,CUST_394,PROD_13,591.18,2,Europe,Mobile
ORD_2749,2023-05-11,CUST_238,PROD_80,826.74,2,North America,Web
ORD_2750,2023-09-12,CUST_75,PROD_98,290.76,1,North America,Web
ORD_2751,2023-01-21,CUST_234,PROD_47,717.12,3,North America,Mobile
ORD_2752,2023-05-19,CUST_337,PROD_27,480.37,1,North America,Web
ORD_2753,2023-05-15,CUST_191,PROD_63,52.98,1,Asia,Mobile
ORD_2754,2023-11-05,CUST_145,PROD_8,562.29,3,Europe,Web
ORD_2755,2023-02-08,CUST_442,PROD_44,987.56,2,Europe,Mobile
ORD_2756,2023-10-29,CUST_456,PROD_41,1235.88,4,Europe,Web
ORD_2757,2023-04-04,CUST_437,PROD_4,941.56,2,Europe,Mobile
ORD_2758,2023-07-04,CUST_434,PROD_78,1945.44,4,Europe,Web
ORD_2759,2023-07-21,CUST_362,PROD_57,1444.08,4,Europe,Web
ORD_2760,2023-07-12,CUST_432,PROD_56,436.9,2,Europe,Mobile
ORD_2761,2023-01-25,CUST_21,PROD_72,335.4,1,Europe,Web
ORD_2762,2023-09-18,CUST_177,PROD_63,211.92,4,Europe,Mobile
ORD_2763,2023-07-16,CUST_277,PROD_86,1894.16,4,North America,Web
ORD_2764,2023-10-21,CUST_402,PROD_9,68.88,4,Europe,Web
ORD_2765,2023-05-04,CUST_240,PROD_10,1075.71,3,North America,Web
ORD_2766,2023-03-25,CUST_474,PROD_10,1434.28,4,Europe,Mobile
ORD_2767,2023-12-18,CUST_70,PROD_46,1890.24,4,Europe,Mobile
ORD_2768,2023-05-27,CUST_273,PROD_37,1497.09,3,North America,Web
ORD_2769,2023-08-27,CUST_2,PROD_6,532.4,4,North America,Mobile
ORD_2770,2023-12-28,CUST_294,PROD_34,266.04,4,North America,Web
ORD_2771,2024-01-01,CUST_231,PROD_72,670.8,2,Asia,Web
ORD_2772,2023-11-19,CUST_349,PROD_42,671.16,3,Europe,Mobile
ORD_2773,2023-10-04,CUST_231,PROD_97,628.04,4,Asia,Web
ORD_2774,2023-12-04,CUST_71,PROD_83,322.85,1,Asia,Web
ORD_2775,2023-07-12,CUST_304,PROD_6,159.72,2,Europe,Mobile
ORD_2776,2023-02-19,CUST_341,PROD_69,112.5,1,North America,Mobile
ORD_2777,2023-05-21,CUST_290,PROD_22,1492.72,4,North America,Web
ORD_2778,2023-03-15,CUST_97,PROD_3,453.37,1,North America,Web
ORD_2779,2023-03-27,CUST_140,PROD_58,280.32,3,Europe,Mobile
ORD_2780,2023-10-31,CUST_487,PROD_37,998.06,2,Europe,Web
ORD_2781,2023-11-13,CUST_463,PROD_41,926.91,3,Europe,Web
ORD_2782,2023-07-23,CUST_150,PROD_8,374.86,2,Europe,Web
ORD_2783,2023-11-06,CUST_407,PROD_65,213.47,1,Asia,Mobile
ORD_2784,2023-06-23,CUST_162,PROD_98,1163.04,4,Europe,Web
ORD_2785,2023-07-01,CUST_376,PROD_47,717.12,3,Europe,Mobile
ORD_2786,2023-01-30,CUST_145,PROD_54,641.52,2,Europe,Web
ORD_2787,2023-05-27,CUST_105,PROD_39,788.4,4,Europe,Web
ORD_2788,2023-07-31,CUST_102,PROD_87,1443.84,3,Asia,Mobile
ORD_2789,2023-06-01,CUST_45,PROD_10,358.57,1,Asia,Mobile
ORD_2790,2023-02-02,CUST_219,PROD_62,136.19,1,North America,Mobile
ORD_2791,2023-04-16,CUST_55,PROD_12,151.47,3,Asia,Web
ORD_2792,2023-11-03,CUST_451,PROD_42,447.44,2,Europe,Web
ORD_2793,2023-02-01,CUST_498,PROD_78,1945.44,4,North America,Web
ORD_2794,2023-06-09,CUST_61,PROD_76,225.22,3,Europe,Mobile
ORD_2795,2023-07-13,CUST_76,PROD_52,862.84,4,Europe,Mobile
ORD_2796,2023-08-25,CUST_377,PROD_76,375.36,3,Europe,Web
ORD_2797,2023-04-24,CUST_448,PROD_71,130.82,2,Europe,Mobile
ORD_2798,2023-11-29,CUST_421,PROD_24,335.59,1,North America,Mobile
ORD_2799,2023-02-09,CUST_445,PROD_73,124.92,1,Asia,Web
ORD_2800,2023-01-14,CUST_308,PROD_20,194.38,3,Europe,Mobile
ORD_2801,2023-08-10,CUST_438,PROD_73,374.76,3,Asia,Web
ORD_2802,2023-07-05,CUST_476,PROD_32,1943.56,4,Europe,Mobile
ORD_2803,2023-10-23,CUST_236,PROD_44,987.56,2,North America,Mobile
ORD_2804,2023-03-15,CUST_94,PROD_20,215.98,2,Europe,Web
ORD_2805,2023-05-02,CUST_85,PROD_89,35.54,2,North America,Mobile
ORD_2806,2023-03-07,CUST_14,PROD_97,282.62,3,Europe,Web
ORD_2807,2023-06-07,CUST_477,PROD_25,72.16,2,Europe,Web
ORD_2808,2023-03-17,CUST_410,PROD_38,1277.55,3,Europe,Web
ORD_2809,2023-01-18,CUST_495,PROD_99,846.23,3,Europe,Mobile
ORD_2810,2023-10-11,CUST_259,PROD_6,532.4,4,Asia,Web
ORD_2811,2023-01-18,CUST_259,PROD_80,1653.48,4,Asia,Web
ORD_2812,2023-06-19,CUST_375,PROD_13,591.18,2,Asia,Web
ORD_2813,2023-10-12,CUST_441,PROD_23,127.5,3,North America,Mobile
ORD_2814,2023-08-21,CUST_97,PROD_45,219.15,1,North America,Web
ORD_2815,2023-08-03,CUST_102,PROD_66,1043.19,3,Asia,Web
ORD_2816,2023-07-24,CUST_94,PROD_22,1492.72,4,Europe,Mobile
ORD_2817,2023-09-04,CUST_224,PROD_50,350.34,1,North America,Web
ORD_2818,2023-02-12,CUST_181,PROD_29,381.78,3,North America,Mobile
ORD_2819,2023-03-26,CUST_117,PROD_43,861.14,3,Europe,Mobile
ORD_2820,2023-09-16,CUST_329,PROD_96,408.16,2,North America,Web
ORD_2821,2023-11-04,CUST_458,PROD_86,473.54,1,North America,Mobile
ORD_2822,2023-07-28,CUST_352,PROD_75,347.99,1,Europe,Web
ORD_2823,2023-01-22,CUST_228,PROD_21,142.72,4,North America,Mobile
ORD_2824,2023-07-10,CUST_446,PROD_36,648.42,2,Europe,Mobile
ORD_2825,2023-02-06,CUST_230,PROD_88,243.84,4,Europe,Web
ORD_2826,2023-05-25,CUST_339,PROD_55,685.38,3,Asia,Web
ORD_2827,2023-03-15,CUST_257,PROD_27,480.37,1,Europe,Mobile
ORD_2828,2023-05-25,CUST_160,PROD_5,242.52,2,North America,Mobile
ORD_2829,2023-11-01,CUST_488,PROD_66,695.46,2,Europe,Web
ORD_2830,2023-07-20,CUST_149,PROD_81,1358.1,3,Europe,Web
ORD_2831,2023-07-23,CUST_310,PROD_30,202.36,4,Europe,Mobile
ORD_2832,2023-01-13,CUST_321,PROD_53,278.16,4,North America,Web
ORD_2833,2023-03-16,CUST_432,PROD_34,39.91,1,Europe,Mobile
ORD_2834,2023-04-26,CUST_251,PROD_25,60.13,1,Asia,Web
ORD_2835,2023-02-14,CUST_94,PROD_75,208.79,1,Europe,Web
ORD_2836,2023-08-12,CUST_220,PROD_96,408.16,2,Europe,Mobile
ORD_2837,2023-09-30,CUST_366,PROD_33,405.74,1,North America,Web
ORD_2838,2023-06-01,CUST_159,PROD_10,1075.71,3,Europe,Mobile
ORD_2839,2023-05-18,CUST_292,PROD_46,850.61,3,Europe,Web
ORD_2840,2023-11-03,CUST_35,PROD_7,486.56,2,North America,Mobile
ORD_2841,2023-08-18,CUST_221,PROD_59,1802.52,4,North America,Mobile
ORD_2842,2023-08-06,CUST_120,PROD_75,1391.96,4,Europe,Web
ORD_2843,2023-02-04,CUST_402,PROD_30,151.77,3,Europe,Web
ORD_2844,2023-04-19,CUST_497,PROD_3,1813.48,4,Asia,Web
ORD_2845,2023-01-10,CUST_258,PROD_76,375.36,3,Europe,Web
ORD_2846,2023-11-28,CUST_225,PROD_71,65.41,1,Europe,Web
ORD_2847,2023-07-07,CUST_2,PROD_52,862.84,4,North America,Web
ORD_2848,2023-11-22,CUST_423,PROD_66,834.55,4,Europe,Web
ORD_2849,2023-10-23,CUST_198,PROD_52,431.42,2,Europe,Mobile
ORD_2850,2023-04-17,CUST_436,PROD_33,1217.22,3,Europe,Mobile
ORD_2851,2023-03-23,CUST_36,PROD_17,1854.72,4,North America,Mobile
ORD_2852,2023-12-30,CUST_486,PROD_2,575.04,4,Europe,Web
ORD_2853,2023-10-19,CUST_83,PROD_77,1732.64,4,Asia,Mobile
ORD_2854,2023-07-07,CUST_334,PROD_78,486.36,1,Europe,Web
ORD_2855,2023-07-16,CUST_472,PROD_46,1417.68,3,North America,Mobile
ORD_2856,2023-04-26,CUST_251,PROD_62,408.57,3,Asia,Web
ORD_2857,2023-01-16,CUST_182,PROD_44,493.78,1,Asia,Web
ORD_2858,2023-07-01,CUST_338,PROD_73,124.92,1,Europe,Mobile
ORD_2859,2023-02-21,CUST_458,PROD_90,489.08,1,North America,Mobile
ORD_2860,2023-02-27,CUST_298,PROD_87,1925.12,4,North America,Web
ORD_2861,2023-06-09,CUST_356,PROD_48,175.42,1,Europe,Mobile
ORD_2862,2023-01-24,CUST_374,PROD_2,431.28,3,Europe,Web
ORD_2863,2023-10-24,CUST_65,PROD_27,480.37,1,Asia,Web
ORD_2864,2023-09-09,CUST_122,PROD_40,788.82,3,Europe,Web
ORD_2865,2023-02-07,CUST_168,PROD_63,52.98,1,North America,Mobile
ORD_2866,2023-05-02,CUST_370,PROD_13,591.18,2,North America,Web
ORD_2867,2023-11-23,CUST_51,PROD_21,142.72,4,North America,Web
ORD_2868,2023-07-31,CUST_224,PROD_62,136.19,1,North America,Mobile
ORD_2869,2023-02-11,CUST_207,PROD_94,74.3,2,Europe,Mobile
ORD_2870,2023-10-07,CUST_445,PROD_7,486.56,2,Asia,Mobile
ORD_2871,2023-08-03,CUST_254,PROD_64,561.89,3,Europe,Mobile
ORD_2872,2023-06-03,CUST_138,PROD_39,788.4,4,Asia,Mobile
ORD_2873,2023-07-04,CUST_215,PROD_47,956.16,4,Europe,Mobile
ORD_2874,2023-03-08,CUST_364,PROD_17,927.36,2,North America,Mobile
ORD_2875,2023-05-21,CUST_455,PROD_19,218.86,1,Europe,Web
ORD_2876,2023-11-15,CUST_293,PROD_26,1049.92,4,Europe,Web
ORD_2877,2023-10-06,CUST_36,PROD_2,431.28,3,North America,Web
ORD_2878,2023-09-13,CUST_300,PROD_3,906.74,2,Europe,Web
ORD_2879,2023-09-01,CUST_188,PROD_67,152.28,3,North America,Web
ORD_2880,2023-11-06,CUST_476,PROD_59,901.26,2,Europe,Mobile
ORD_2881,2023-08-11,CUST_498,PROD_14,365.91,3,North America,Mobile
ORD_2882,2023-03-03,CUST_120,PROD_60,348.16,1,Europe,Mobile
ORD_2883,2023-10-29,CUST_89,PROD_86,947.08,2,Europe,Web
ORD_2884,2023-11-23,CUST_6,PROD_76,150.14,2,Europe,Web
ORD_2885,2023-02-18,CUST_21,PROD_11,706.28,4,Europe,Mobile
ORD_2886,2023-09-28,CUST_114,PROD_64,1248.64,4,Asia,Web
ORD_2887,2023-10-04,CUST_192,PROD_99,470.13,1,Europe,Web
ORD_2888,2023-04-29,CUST_228,PROD_22,1119.54,3,North America,Web
ORD_2889,2023-11-26,CUST_492,PROD_95,693.93,3,North America,Mobile
ORD_2890,2023-02-05,CUST_23,PROD_66,347.73,1,North America,Web
ORD_2891,2023-06-02,CUST_419,PROD_35,114.15,1,Asia,Mobile
ORD_2892,2023-01-17,CUST_155,PROD_64,936.48,3,North America,Mobile
ORD_2893,2023-08-07,CUST_378,PROD_10,717.14,2,North America,Web
ORD_2894,2023-03-27,CUST_230,PROD_53,69.54,1,Europe,Mobile
ORD_2895,2023-02-26,CUST_400,PROD_52,431.42,2,North America,Web
ORD_2896,2023-08-29,CUST_457,PROD_93,1366.04,4,Europe,Web
ORD_2897,2023-09-13,CUST_41,PROD_20,431.96,4,Europe,Web
ORD_2898,2023-03-21,CUST_333,PROD_35,114.15,1,Europe,Web
ORD_2899,2023-09-27,CUST_5,PROD_1,610.47,3,Europe,Mobile
ORD_2900,2023-08-27,CUST_352,PROD_74,47.51,1,Europe,Mobile
ORD_2901,2023-05-22,CUST_136,PROD_98,1163.04,4,North America,Mobile
ORD_2902,2023-12-15,CUST_94,PROD_94,61.92,1,Europe,Mobile
ORD_2903,2023-11-03,CUST_195,PROD_70,109.17,3,Europe,Web
ORD_2904,2023-04-17,CUST_96,PROD_24,1342.36,4,Asia,Web
ORD_2905,2023-12-28,CUST_427,PROD_74,237.57,3,North America,Web
ORD_2906,2023-10-11,CUST_482,PROD_66,347.73,1,Europe,Web
ORD_2907,2023-06-14,CUST_499,PROD_93,683.02,2,Europe,Web
ORD_2908,2023-08-05,CUST_323,PROD_18,464.28,2,Asia,Mobile
ORD_2909,2023-07-18,CUST_197,PROD_52,862.84,4,Europe,Mobile
ORD_2910,2023-12-14,CUST_447,PROD_1,203.49,1,North America,Web
ORD_2911,2023-11-04,CUST_242,PROD_87,1443.84,3,North America,Web
ORD_2912,2023-09-16,CUST_132,PROD_90,1956.32,4,Asia,Mobile
ORD_2913,2023-10-30,CUST_3,PROD_59,1351.89,3,Europe,Web
ORD_2914,2023-04-20,CUST_25,PROD_38,1703.4,4,North America,Mobile
ORD_2915,2023-08-25,CUST_404,PROD_52,862.84,4,Europe,Mobile
ORD_2916,2023-02-20,CUST_181,PROD_60,696.32,2,North America,Web
ORD_2917,2023-04-19,CUST_136,PROD_36,324.21,1,North America,Web
ORD_2918,2023-12-06,CUST_434,PROD_14,73.18,1,Europe,Mobile
ORD_2919,2023-04-25,CUST_196,PROD_8,562.29,3,Europe,Mobile
ORD_2920,2023-08-07,CUST_360,PROD_76,250.24,2,Asia,Mobile
ORD_2921,2023-06-24,CUST_133,PROD_58,373.76,4,Europe,Mobile
ORD_2922,2023-05-01,CUST_480,PROD_31,1508.76,4,Europe,Mobile
ORD_2923,2023-07-18,CUST_240,PROD_77,1299.48,3,North America,Web
ORD_2924,2023-06-19,CUST_286,PROD_79,57.1,1,Asia,Web
ORD_2925,2023-03-12,CUST_226,PROD_91,1926.08,4,Asia,Web
ORD_2926,2023-10-30,CUST_461,PROD_97,628.04,4,Europe,Mobile
ORD_2927,2023-06-05,CUST_308,PROD_40,788.82,3,Europe,Web
ORD_2928,2023-12-11,CUST_167,PROD_71,65.41,1,Asia,Web
ORD_2929,2023-01-12,CUST_86,PROD_62,408.57,3,Europe,Mobile
ORD_2930,2023-11-03,CUST_437,PROD_77,519.79,2,Europe,Web
ORD_2931,2023-06-13,CUST_317,PROD_87,962.56,2,Asia,Mobile
ORD_2932,2023-03-16,CUST_18,PROD_99,940.26,2,Europe,Mobile
ORD_2933,2023-03-09,CUST_153,PROD_2,575.04,4,North America,Web
ORD_2934,2023-07-30,CUST_74,PROD_88,182.88,3,Europe,Web
ORD_2935,2023-08-19,CUST_23,PROD_29,254.52,2,North America,Mobile
ORD_2936,2023-01-22,CUST_419,PROD_40,262.94,1,Asia,Mobile
ORD_2937,2023-03-03,CUST_326,PROD_25,120.26,2,Asia,Web
ORD_2938,2023-06-16,CUST_192,PROD_82,872.24,4,Europe,Mobile
ORD_2939,2023-10-04,CUST_136,PROD_48,292.37,1,North America,Mobile
ORD_2940,2023-05-07,CUST_110,PROD_56,218.45,1,North America,Mobile
ORD_2941,2023-06-11,CUST_56,PROD_93,819.62,4,Europe,Mobile
ORD_2942,2023-12-31,CUST_83,PROD_60,1392.64,4,Asia,Web
ORD_2943,2023-01-18,CUST_104,PROD_17,278.21,1,Europe,Mobile
ORD_2944,2023-03-17,CUST_45,PROD_28,1476.16,4,Asia,Mobile
ORD_2945,2023-08-13,CUST_183,PROD_2,143.76,1,North America,Mobile
ORD_2946,2023-09-14,CUST_464,PROD_89,17.77,1,Asia,Mobile
ORD_2947,2023-05-13,CUST_414,PROD_18,464.28,2,North America,Mobile
ORD_2948,2023-04-06,CUST_382,PROD_49,47.1,2,North America,Web
ORD_2949,2023-08-20,CUST_397,PROD_10,1075.71,3,North America,Mobile
ORD_2950,2023-09-02,CUST_19,PROD_32,1457.67,3,Europe,Web
ORD_2951,2023-07-26,CUST_133,PROD_18,278.57,2,Europe,Web
ORD_2952,2023-01-14,CUST_127,PROD_55,456.92,2,North America,Mobile
ORD_2953,2023-11-05,CUST_228,PROD_4,1883.12,4,North America,Web
ORD_2954,2023-06-06,CUST_221,PROD_68,475.68,4,North America,Mobile
ORD_2955,2023-10-31,CUST_7,PROD_76,375.36,3,North America,Mobile
ORD_2956,2023-03-19,CUST_328,PROD_70,36.39,1,Asia,Web
ORD_2957,2023-10-19,CUST_254,PROD_57,1083.06,3,Europe,Mobile
ORD_2958,2023-05-02,CUST_324,PROD_38,1703.4,4,Europe,Web
ORD_2959,2023-04-30,CUST_492,PROD_69,112.5,1,North America,Web
ORD_2960,2023-10-16,CUST_155,PROD_65,853.88,4,North America,Mobile
ORD_2961,2023-05-06,CUST_90,PROD_18,696.42,3,Europe,Mobile
ORD_2962,2023-09-25,CUST_479,PROD_51,192.84,2,Europe,Web
ORD_2963,2023-01-15,CUST_146,PROD_74,79.19,1,Europe,Mobile
ORD_2964,2023-12-19,CUST_479,PROD_37,299.42,1,Europe,Web
ORD_2965,2023-09-11,CUST_352,PROD_17,1854.72,4,Europe,Web
ORD_2966,2023-06-21,CUST_436,PROD_32,485.89,1,Europe,Web
ORD_2967,2023-12-20,CUST_313,PROD_46,1890.24,4,North America,Mobile
ORD_2968,2023-07-11,CUST_153,PROD_87,1925.12,4,North America,Mobile
ORD_2969,2023-08-25,CUST_21,PROD_92,369.38,2,Europe,Web
ORD_2970,2023-04-20,CUST_12,PROD_58,373.76,4,Europe,Mobile
ORD_2971,2023-11-22,CUST_283,PROD_24,671.18,2,Europe,Mobile
ORD_2972,2023-07-10,CUST_184,PROD_54,641.52,2,Asia,Web
ORD_2973,2023-02-01,CUST_326,PROD_73,124.92,1,Asia,Web
ORD_2974,2023-11-24,CUST_54,PROD_68,237.84,2,North America,Web
ORD_2975,2023-05-25,CUST_304,PROD_72,1341.6,4,Europe,Web
ORD_2976,2023-03-09,CUST_464,PROD_70,36.39,1,Asia,Web
ORD_2977,2023-09-02,CUST_435,PROD_85,1956.84,4,North America,Mobile
ORD_2978,2023-08-24,CUST_222,PROD_63,158.94,3,Europe,Web
ORD_2979,2023-09-01,CUST_106,PROD_23,85.0,2,North America,Web
ORD_2980,2023-04-29,CUST_436,PROD_48,292.37,1,Europe,Mobile
ORD_2981,2023-05-05,CUST_238,PROD_39,591.3,3,North America,Mobile
ORD_2982,2023-02-19,CUST_278,PROD_29,381.78,3,North America,Mobile
ORD_2983,2023-11-18,CUST_488,PROD_42,894.88,4,Europe,Mobile
ORD_2984,2023-07-14,CUST_137,PROD_65,426.94,2,Asia,Mobile
ORD_2985,2023-04-10,CUST_51,PROD_25,120.26,2,North America,Web
ORD_2986,2023-11-05,CUST_68,PROD_32,485.89,1,Asia,Mobile
ORD_2987,2023-05-01,CUST_134,PROD_92,1231.28,4,Europe,Mobile
ORD_2988,2023-09-23,CUST_374,PROD_75,695.98,2,Europe,Web
ORD_2989,2023-05-31,CUST_124,PROD_15,1273.53,3,Asia,Web
ORD_2990,2023-02-05,CUST_334,PROD_7,291.94,2,Europe,Mobile
ORD_2991,2023-12-13,CUST_253,PROD_12,100.98,2,North America,Mobile
ORD_2992,2023-12-26,CUST_41,PROD_28,369.04,1,Europe,Web
ORD_2993,2023-08-13,CUST_341,PROD_93,1366.04,4,North America,Web
ORD_2994,2023-06-04,CUST_452,PROD_57,722.04,2,Europe,Web
ORD_2995,2023-09-24,CUST_475,PROD_15,849.02,2,Europe,Mobile
ORD_2996,2023-10-31,CUST_210,PROD_84,1193.64,3,Europe,Web
ORD_2997,2023-02-20,CUST_178,PROD_74,316.76,4,Europe,Web
ORD_2998,2023-12-03,CUST_361,PROD_29,127.26,1,Europe,Web
ORD_2999,2023-12-09,CUST_368,PROD_47,478.08,2,North America,Web
ORD_3000,2023-02-25,CUST_339,PROD_58,93.44,1,Asia,Web
ORD_3001,2023-04-12,CUST_443,PROD_11,706.28,4,North America,Web
ORD_3002,2023-02-01,CUST_439,PROD_9,17.22,1,North America,Mobile
ORD_3003,2023-05-24,CUST_472,PROD_70,36.39,1,North America,Web
ORD_3004,2023-06-26,CUST_302,PROD_69,337.5,3,Asia,Mobile
ORD_3005,2023-06-24,CUST_190,PROD_96,408.16,2,Europe,Mobile
ORD_3006,2023-12-07,CUST_104,PROD_4,470.78,1,Europe,Web
ORD_3007,2023-11-11,CUST_386,PROD_85,489.21,1,North America,Mobile
ORD_3008,2023-08-14,CUST_434,PROD_28,1107.12,3,Europe,Mobile
ORD_3009,2023-12-06,CUST_309,PROD_27,1441.11,3,North America,Mobile
ORD_3010,2023-10-11,CUST_399,PROD_36,1296.84,4,Europe,Mobile
ORD_3011,2023-09-27,CUST_116,PROD_39,394.2,2,Asia,Web
ORD_3012,2023-07-01,CUST_304,PROD_59,1351.89,3,Europe,Web
ORD_3013,2023-12-28,CUST_369,PROD_95,231.31,1,Europe,Web
ORD_3014,2023-01-03,CUST_304,PROD_48,877.11,3,Europe,Web
ORD_3015,2023-12-05,CUST_314,PROD_74,190.06,4,Europe,Mobile
ORD_3016,2023-07-13,CUST_157,PROD_62,408.57,3,Asia,Mobile
ORD_3017,2023-07-01,CUST_190,PROD_88,121.92,2,Europe,Web
ORD_3018,2023-05-05,CUST_180,PROD_53,41.72,1,Europe,Mobile
ORD_3019,2023-10-14,CUST_325,PROD_15,849.02,2,Asia,Mobile
ORD_3020,2023-03-07,CUST_62,PROD_51,96.42,1,Asia,Mobile
ORD_3021,2023-11-22,CUST_491,PROD_61,36.97,1,Europe,Mobile
ORD_3022,2023-12-20,CUST_4,PROD_16,436.58,1,North America,Mobile
ORD_3023,2023-04-15,CUST_74,PROD_29,152.71,2,Europe,Mobile
ORD_3024,2023-08-18,CUST_410,PROD_23,170.0,4,Europe,Mobile
ORD_3025,2023-08-09,CUST_99,PROD_70,72.78,2,Europe,Web
ORD_3026,2023-11-25,CUST_440,PROD_13,886.77,3,Asia,Web
ORD_3027,2023-05-07,CUST_270,PROD_42,223.72,1,Asia,Mobile
ORD_3028,2023-09-05,CUST_189,PROD_24,1342.36,4,Asia,Web
ORD_3029,2023-08-09,CUST_214,PROD_32,971.78,2,North America,Mobile
ORD_3030,2023-01-15,CUST_219,PROD_68,237.84,2,North America,Mobile
ORD_3031,2023-03-23,CUST_315,PROD_85,978.42,2,Europe,Web
ORD_3032,2023-11-01,CUST_299,PROD_53,83.45,2,Europe,Mobile
ORD_3033,2023-08-03,CUST_209,PROD_48,584.74,2,Europe,Mobile
ORD_3034,2023-10-12,CUST_237,PROD_48,877.11,3,Europe,Web
ORD_3035,2023-11-27,CUST_257,PROD_5,291.02,4,Europe,Mobile
ORD_3036,2023-10-11,CUST_430,PROD_8,374.86,2,Asia,Mobile
ORD_3037,2023-05-25,CUST_195,PROD_55,913.84,4,Europe,Web
ORD_3038,2023-11-22,CUST_131,PROD_17,1391.04,3,North America,Web
ORD_3039,2023-04-20,CUST_315,PROD_93,204.91,1,Europe,Web
ORD_3040,2023-01-13,CUST_34,PROD_86,473.54,1,Europe,Mobile
ORD_3041,2023-04-17,CUST_272,PROD_57,866.45,4,Europe,Mobile
ORD_3042,2023-03-31,CUST_106,PROD_26,1049.92,4,North America,Mobile
ORD_3043,2023-05-07,CUST_119,PROD_68,475.68,4,Asia,Mobile
ORD_3044,2023-07-23,CUST_383,PROD_97,157.01,1,Asia,Mobile
ORD_3045,2023-10-02,CUST_396,PROD_18,928.56,4,North America,Web
ORD_3046,2023-02-12,CUST_302,PROD_33,405.74,1,Asia,Web
ORD_3047,2023-04-23,CUST_137,PROD_92,307.82,1,Asia,Web
ORD_3048,2023-12-22,CUST_81,PROD_26,1049.92,4,North America,Mobile
ORD_3049,2023-07-18,CUST_286,PROD_9,34.44,2,Asia,Web
ORD_3050,2023-04-02,CUST_8,PROD_47,239.04,1,Europe,Web
ORD_3051,2023-11-25,CUST_128,PROD_86,473.54,1,North America,Web
ORD_3052,2023-10-19,CUST_344,PROD_34,159.62,4,Europe,Mobile
ORD_3053,2023-06-20,CUST_141,PROD_79,171.3,3,North America,Web
ORD_3054,2023-06-30,CUST_159,PROD_93,1024.53,3,Europe,Mobile
ORD_3055,2023-01-02,CUST_85,PROD_35,228.3,2,North America,Web
ORD_3056,2023-04-02,CUST_353,PROD_84,795.76,2,Asia,Web
ORD_3057,2023-11-17,CUST_276,PROD_73,124.92,1,North America,Web
ORD_3058,2023-05-21,CUST_422,PROD_88,182.88,3,Europe,Web
ORD_3059,2023-09-19,CUST_404,PROD_84,397.88,1,Europe,Web
ORD_3060,2023-04-16,CUST_347,PROD_50,1051.02,3,Europe,Mobile
ORD_3061,2023-07-07,CUST_1,PROD_58,186.88,2,Europe,Mobile
ORD_3062,2023-05-13,CUST_437,PROD_85,1956.84,4,Europe,Mobile
ORD_3063,2023-04-21,CUST_132,PROD_13,591.18,2,Asia,Web
ORD_3064,2023-05-29,CUST_297,PROD_75,695.98,2,North America,Mobile
ORD_3065,2023-11-18,CUST_256,PROD_9,34.44,2,Europe,Web
ORD_3066,2023-03-10,CUST_476,PROD_37,998.06,2,Europe,Mobile
ORD_3067,2023-03-04,CUST_466,PROD_76,500.48,4,North America,Mobile
ORD_3068,2023-10-27,CUST_279,PROD_2,86.26,1,Europe,Web
ORD_3069,2023-02-22,CUST_234,PROD_42,671.16,3,North America,Web
ORD_3070,2023-10-13,CUST_259,PROD_10,717.14,2,Asia,Web
ORD_3071,2023-03-29,CUST_87,PROD_89,53.31,3,Asia,Web
ORD_3072,2023-01-30,CUST_284,PROD_2,143.76,1,Europe,Web
ORD_3073,2023-01-12,CUST_303,PROD_48,292.37,1,Asia,Web
ORD_3074,2023-07-28,CUST_355,PROD_76,125.12,1,Europe,Mobile
ORD_3075,2023-05-30,CUST_200,PROD_24,1342.36,4,Asia,Mobile
ORD_3076,2023-02-12,CUST_256,PROD_8,374.86,2,Europe,Mobile
ORD_3077,2023-02-05,CUST_42,PROD_53,166.9,4,Europe,Web
ORD_3078,2023-01-02,CUST_256,PROD_17,927.36,2,Europe,Web
ORD_3079,2023-04-20,CUST_245,PROD_85,489.21,1,Europe,Web
ORD_3080,2023-10-19,CUST_384,PROD_3,453.37,1,North America,Mobile
ORD_3081,2023-10-11,CUST_198,PROD_62,245.14,3,Europe,Web
ORD_3082,2023-02-18,CUST_109,PROD_28,1107.12,3,Asia,Web
ORD_3083,2023-06-14,CUST_347,PROD_12,151.47,3,Europe,Web
ORD_3084,2023-12-31,CUST_448,PROD_6,532.4,4,Europe,Mobile
ORD_3085,2023-12-21,CUST_52,PROD_70,109.17,3,Europe,Mobile
ORD_3086,2023-08-08,CUST_427,PROD_93,1024.53,3,North America,Mobile
ORD_3087,2023-09-23,CUST_15,PROD_4,941.56,2,Europe,Mobile
ORD_3088,2023-02-02,CUST_142,PROD_57,1444.08,4,North America,Mobile
ORD_3089,2023-07-08,CUST_477,PROD_88,182.88,3,Europe,Web
ORD_3090,2023-08-27,CUST_264,PROD_77,1732.64,4,Asia,Web
ORD_3091,2023-09-25,CUST_153,PROD_70,109.17,3,North America,Web
ORD_3092,2023-12-20,CUST_320,PROD_74,79.19,1,North America,Web
ORD_3093,2023-10-13,CUST_310,PROD_23,127.5,3,Europe,Mobile
ORD_3094,2023-04-18,CUST_179,PROD_34,119.72,3,Europe,Web
ORD_3095,2023-06-19,CUST_310,PROD_68,237.84,2,Europe,Mobile
ORD_3096,2023-08-04,CUST_39,PROD_40,262.94,1,North America,Mobile
ORD_3097,2023-02-01,CUST_433,PROD_57,216.61,1,Europe,Mobile
ORD_3098,2023-10-21,CUST_14,PROD_8,374.86,2,Europe,Web
ORD_3099,2023-02-16,CUST_165,PROD_35,228.3,2,Europe,Mobile
ORD_3100,2023-04-22,CUST_260,PROD_25,60.13,1,Asia,Mobile
ORD_3101,2023-02-21,CUST_268,PROD_99,1880.52,4,Asia,Mobile
ORD_3102,2023-05-11,CUST_409,PROD_42,134.23,1,Europe,Mobile
ORD_3103,2023-02-21,CUST_218,PROD_21,142.72,4,Europe,Web
ORD_3104,2023-07-07,CUST_70,PROD_10,215.14,1,Europe,Mobile
ORD_3105,2023-02-02,CUST_326,PROD_79,171.3,3,Asia,Mobile
ORD_3106,2023-08-18,CUST_481,PROD_88,243.84,4,North America,Web
ORD_3107,2023-06-06,CUST_429,PROD_57,1083.06,3,Europe,Mobile
ORD_3108,2023-06-06,CUST_480,PROD_93,409.81,2,Europe,Mobile
ORD_3109,2023-07-28,CUST_257,PROD_36,972.63,3,Europe,Mobile
ORD_3110,2023-05-28,CUST_347,PROD_61,147.88,4,Europe,Web
ORD_3111,2023-03-16,CUST_299,PROD_43,1435.23,3,Europe,Mobile
ORD_3112,2023-05-12,CUST_441,PROD_19,729.54,2,North America,Web
ORD_3113,2023-06-28,CUST_22,PROD_38,1703.4,4,Asia,Mobile
ORD_3114,2023-04-12,CUST_268,PROD_51,192.84,2,Asia,Web
ORD_3115,2023-12-09,CUST_174,PROD_97,628.04,4,North America,Mobile
ORD_3116,2023-11-04,CUST_460,PROD_38,851.7,2,Europe,Web
ORD_3117,2023-05-15,CUST_272,PROD_74,79.19,1,Europe,Mobile
ORD_3118,2023-08-24,CUST_13,PROD_20,431.96,4,North America,Web
ORD_3119,2023-02-20,CUST_348,PROD_77,433.16,1,Europe,Web
ORD_3120,2023-10-02,CUST_423,PROD_82,261.67,2,Europe,Web
ORD_3121,2023-09-17,CUST_326,PROD_90,978.16,2,Asia,Web
ORD_3122,2023-01-05,CUST_64,PROD_57,216.61,1,Europe,Web
ORD_3123,2023-06-10,CUST_81,PROD_63,105.96,2,North America,Web
ORD_3124,2023-03-08,CUST_430,PROD_35,114.15,1,Asia,Web
ORD_3125,2023-03-18,CUST_482,PROD_6,266.2,2,Europe,Mobile
ORD_3126,2023-02-13,CUST_421,PROD_50,1401.36,4,North America,Web
ORD_3127,2023-07-11,CUST_286,PROD_94,185.76,3,Asia,Web
ORD_3128,2023-09-26,CUST_115,PROD_91,1926.08,4,North America,Mobile
ORD_3129,2023-12-18,CUST_386,PROD_30,151.77,3,North America,Mobile
ORD_3130,2023-11-21,CUST_437,PROD_67,101.52,2,Europe,Mobile
ORD_3131,2023-06-20,CUST_292,PROD_87,1925.12,4,Europe,Mobile
ORD_3132,2023-03-31,CUST_317,PROD_92,615.64,2,Asia,Mobile
ORD_3133,2023-05-21,CUST_299,PROD_79,171.3,3,Europe,Web
ORD_3134,2023-10-11,CUST_219,PROD_53,139.08,2,North America,Mobile
ORD_3135,2023-06-01,CUST_185,PROD_63,105.96,2,Asia,Web
ORD_3136,2023-04-28,CUST_269,PROD_66,695.46,2,Asia,Mobile
ORD_3137,2023-03-09,CUST_209,PROD_52,431.42,2,Europe,Mobile
ORD_3138,2023-07-20,CUST_190,PROD_23,170.0,4,Europe,Mobile
ORD_3139,2023-05-26,CUST_284,PROD_26,262.48,1,Europe,Web
ORD_3140,2023-12-28,CUST_244,PROD_38,425.85,1,North America,Mobile
ORD_3141,2023-09-10,CUST_317,PROD_54,962.28,3,Asia,Mobile
ORD_3142,2023-01-14,CUST_396,PROD_61,36.97,1,North America,Mobile
ORD_3143,2023-07-17,CUST_287,PROD_33,486.89,2,Europe,Mobile
ORD_3144,2023-08-22,CUST_122,PROD_19,875.45,4,Europe,Web
ORD_3145,2023-06-02,CUST_12,PROD_81,1358.1,3,Europe,Web
ORD_3146,2023-09-18,CUST_452,PROD_42,894.88,4,Europe,Web
ORD_3147,2023-05-30,CUST_85,PROD_38,425.85,1,North America,Web
ORD_3148,2023-04-21,CUST_72,PROD_42,894.88,4,North America,Web
ORD_3149,2023-03-02,CUST_46,PROD_34,133.02,2,Asia,Web
ORD_3150,2023-11-14,CUST_98,PROD_78,1945.44,4,Europe,Mobile
ORD_3151,2023-05-22,CUST_327,PROD_34,266.04,4,Asia,Web
ORD_3152,2023-06-12,CUST_144,PROD_35,68.49,1,Europe,Mobile
ORD_3153,2023-12-24,CUST_245,PROD_41,926.91,3,Europe,Web
ORD_3154,2023-07-08,CUST_367,PROD_45,876.6,4,Asia,Web
ORD_3155,2023-01-17,CUST_233,PROD_32,485.89,1,Asia,Web
ORD_3156,2023-09-15,CUST_191,PROD_48,584.74,2,Asia,Mobile
ORD_3157,2023-06-04,CUST_384,PROD_53,69.54,1,North America,Mobile
ORD_3158,2023-11-25,CUST_73,PROD_39,394.2,2,Asia,Mobile
ORD_3159,2023-08-23,CUST_475,PROD_15,1698.04,4,Europe,Web
ORD_3160,2023-07-18,CUST_381,PROD_79,114.2,2,Europe,Web
ORD_3161,2023-05-13,CUST_217,PROD_66,1390.92,4,North America,Mobile
ORD_3162,2023-12-08,CUST_475,PROD_48,1169.48,4,Europe,Web
ORD_3163,2023-04-11,CUST_68,PROD_64,936.48,3,Asia,Web
ORD_3164,2023-12-02,CUST_229,PROD_32,1457.67,3,North America,Mobile
ORD_3165,2023-06-30,CUST_273,PROD_10,1075.71,3,North America,Mobile
ORD_3166,2023-08-02,CUST_163,PROD_95,925.24,4,North America,Mobile
ORD_3167,2023-02-19,CUST_92,PROD_84,397.88,1,Asia,Mobile
ORD_3168,2023-10-16,CUST_382,PROD_63,211.92,4,North America,Web
ORD_3169,2023-03-04,CUST_244,PROD_59,901.26,2,North America,Web
ORD_3170,2023-07-19,CUST_223,PROD_31,754.38,2,Asia,Mobile
ORD_3171,2023-07-16,CUST_428,PROD_33,405.74,1,North America,Mobile
ORD_3172,2023-12-22,CUST_172,PROD_16,436.58,1,North America,Mobile
ORD_3173,2023-01-24,CUST_194,PROD_54,192.46,1,Europe,Web
ORD_3174,2023-06-12,CUST_445,PROD_67,203.04,4,Asia,Mobile
ORD_3175,2023-06-10,CUST_17,PROD_34,266.04,4,Europe,Mobile
ORD_3176,2023-01-02,CUST_428,PROD_5,121.26,1,North America,Mobile
ORD_3177,2023-04-09,CUST_168,PROD_70,36.39,1,North America,Web
ORD_3178,2023-08-06,CUST_219,PROD_2,287.52,2,North America,Mobile
ORD_3179,2023-02-15,CUST_307,PROD_28,369.04,1,Europe,Mobile
ORD_3180,2023-06-22,CUST_456,PROD_30,101.18,2,Europe,Web
ORD_3181,2023-06-07,CUST_15,PROD_21,64.22,3,Europe,Web
ORD_3182,2023-10-19,CUST_225,PROD_64,312.16,1,Europe,Mobile
ORD_3183,2023-12-27,CUST_329,PROD_81,1810.8,4,North America,Web
ORD_3184,2023-02-24,CUST_404,PROD_32,1943.56,4,Europe,Mobile
ORD_3185,2023-11-25,CUST_317,PROD_79,171.3,3,Asia,Web
ORD_3186,2023-07-21,CUST_51,PROD_91,481.52,1,North America,Web
ORD_3187,2023-11-06,CUST_370,PROD_15,849.02,2,North America,Web
ORD_3188,2023-11-18,CUST_209,PROD_23,102.0,4,Europe,Web
ORD_3189,2023-10-21,CUST_352,PROD_21,85.63,4,Europe,Mobile
ORD_3190,2023-04-22,CUST_113,PROD_37,1996.12,4,Europe,Web
ORD_3191,2023-06-18,CUST_40,PROD_19,656.59,3,Europe,Web
ORD_3192,2023-07-31,CUST_345,PROD_43,1435.23,3,Europe,Mobile
ORD_3193,2023-12-31,CUST_78,PROD_23,42.5,1,Europe,Mobile
ORD_3194,2023-01-24,CUST_259,PROD_55,456.92,2,Asia,Web
ORD_3195,2023-08-20,CUST_480,PROD_63,31.79,1,Europe,Web
ORD_3196,2023-06-04,CUST_293,PROD_96,816.32,4,Europe,Web
ORD_3197,2023-03-15,CUST_381,PROD_67,152.28,3,Europe,Web
ORD_3198,2023-12-09,CUST_239,PROD_57,361.02,1,Asia,Web
ORD_3199,2023-06-27,CUST_121,PROD_26,524.96,2,Europe,Mobile
ORD_3200,2023-11-18,CUST_111,PROD_36,583.58,3,Europe,Web
ORD_3201,2023-12-01,CUST_443,PROD_60,696.32,2,North America,Web
ORD_3202,2023-10-13,CUST_255,PROD_67,101.52,2,Europe,Web
ORD_3203,2023-02-06,CUST_424,PROD_14,487.88,4,Europe,Web
ORD_3204,2023-03-22,CUST_163,PROD_44,1975.12,4,North America,Mobile
ORD_3205,2023-02-21,CUST_291,PROD_86,947.08,2,North America,Mobile
ORD_3206,2023-02-07,CUST_271,PROD_9,34.44,2,Asia,Web
ORD_3207,2023-11-09,CUST_224,PROD_100,616.32,2,North America,Web
ORD_3208,2023-07-15,CUST_391,PROD_14,219.55,3,Europe,Mobile
ORD_3209,2023-12-30,CUST_303,PROD_40,262.94,1,Asia,Web
ORD_3210,2023-08-15,CUST_429,PROD_66,1043.19,3,Europe,Web
ORD_3211,2023-10-17,CUST_93,PROD_87,481.28,1,Europe,Mobile
ORD_3212,2023-10-27,CUST_311,PROD_90,1467.24,3,Europe,Web
ORD_3213,2023-08-13,CUST_458,PROD_11,706.28,4,North America,Web
ORD_3214,2023-09-26,CUST_105,PROD_69,112.5,1,Europe,Mobile
ORD_3215,2023-03-26,CUST_243,PROD_99,1410.39,3,Europe,Mobile
ORD_3216,2023-03-23,CUST_305,PROD_77,779.69,3,Europe,Mobile
ORD_3217,2023-10-31,CUST_166,PROD_90,1467.24,3,Asia,Web
ORD_3218,2023-07-17,CUST_440,PROD_67,50.76,1,Asia,Web
ORD_3219,2023-06-03,CUST_212,PROD_24,671.18,2,Asia,Mobile
ORD_3220,2023-07-28,CUST_427,PROD_25,60.13,1,North America,Mobile
ORD_3221,2023-08-13,CUST_341,PROD_2,575.04,4,North America,Mobile
ORD_3222,2023-03-05,CUST_22,PROD_74,158.38,2,Asia,Mobile
ORD_3223,2023-03-13,CUST_443,PROD_100,616.32,2,North America,Mobile
ORD_3224,2023-11-06,CUST_461,PROD_76,225.22,3,Europe,Web
ORD_3225,2023-07-20,CUST_224,PROD_100,924.48,3,North America,Web
ORD_3226,2023-09-13,CUST_245,PROD_100,616.32,2,Europe,Web
ORD_3227,2023-08-01,CUST_153,PROD_88,243.84,4,North America,Web
ORD_3228,2023-04-24,CUST_324,PROD_87,962.56,2,Europe,Web
ORD_3229,2023-03-28,CUST_146,PROD_100,616.32,2,Europe,Mobile
ORD_3230,2023-12-23,CUST_48,PROD_8,749.72,4,North America,Mobile
ORD_3231,2023-01-06,CUST_377,PROD_67,203.04,4,Europe,Web
ORD_3232,2023-06-08,CUST_169,PROD_55,685.38,3,Asia,Mobile
ORD_3233,2023-03-05,CUST_338,PROD_77,866.32,2,Europe,Web
ORD_3234,2023-07-13,CUST_111,PROD_7,243.28,1,Europe,Web
ORD_3235,2023-02-18,CUST_302,PROD_19,1459.08,4,Asia,Mobile
ORD_3236,2023-09-27,CUST_333,PROD_4,847.4,3,Europe,Mobile
ORD_3237,2023-04-28,CUST_110,PROD_81,1358.1,3,North America,Web
ORD_3238,2023-06-22,CUST_334,PROD_11,353.14,2,Europe,Mobile
ORD_3239,2023-11-05,CUST_347,PROD_62,272.38,2,Europe,Web
ORD_3240,2023-11-26,CUST_237,PROD_12,201.96,4,Europe,Mobile
ORD_3241,2023-07-21,CUST_296,PROD_67,152.28,3,Europe,Web
ORD_3242,2023-01-26,CUST_123,PROD_54,1283.04,4,Asia,Mobile
ORD_3243,2023-07-23,CUST_13,PROD_86,947.08,2,North America,Web
ORD_3244,2023-10-11,CUST_43,PROD_77,1299.48,3,North America,Web
ORD_3245,2023-02-23,CUST_190,PROD_6,532.4,4,Europe,Web
ORD_3246,2023-01-26,CUST_295,PROD_67,50.76,1,Asia,Mobile
ORD_3247,2023-10-07,CUST_379,PROD_29,381.78,3,Europe,Mobile
ORD_3248,2023-03-22,CUST_19,PROD_67,152.28,3,Europe,Web
ORD_3249,2023-03-09,CUST_200,PROD_24,335.59,1,Asia,Mobile
ORD_3250,2023-06-23,CUST_266,PROD_77,1732.64,4,Europe,Web
ORD_3251,2023-06-21,CUST_343,PROD_3,544.04,2,Europe,Web
ORD_3252,2023-11-27,CUST_132,PROD_63,211.92,4,Asia,Mobile
ORD_3253,2023-06-22,CUST_376,PROD_94,61.92,1,Europe,Web
ORD_3254,2023-06-17,CUST_185,PROD_18,464.28,2,Asia,Mobile
ORD_3255,2023-05-20,CUST_318,PROD_95,231.31,1,Europe,Mobile
ORD_3256,2023-06-24,CUST_379,PROD_83,1291.4,4,Europe,Web
ORD_3257,2023-05-14,CUST_146,PROD_1,366.28,3,Europe,Web
ORD_3258,2023-12-12,CUST_264,PROD_64,936.48,3,Asia,Web
ORD_3259,2023-09-28,CUST_194,PROD_69,337.5,3,Europe,Web
ORD_3260,2023-11-10,CUST_386,PROD_90,489.08,1,North America,Web
ORD_3261,2023-08-06,CUST_490,PROD_83,1291.4,4,North America,Web
ORD_3262,2023-01-31,CUST_246,PROD_61,110.91,3,North America,Mobile
ORD_3263,2023-06-11,CUST_1,PROD_45,131.49,1,Europe,Mobile
ORD_3264,2023-10-21,CUST_152,PROD_87,962.56,2,Europe,Mobile
ORD_3265,2023-09-27,CUST_114,PROD_55,913.84,4,Asia,Web
ORD_3266,2023-02-04,CUST_198,PROD_23,127.5,3,Europe,Web
ORD_3267,2023-01-18,CUST_430,PROD_45,219.15,1,Asia,Mobile
ORD_3268,2023-04-05,CUST_492,PROD_45,657.45,3,North America,Mobile
ORD_3269,2023-12-06,CUST_294,PROD_68,475.68,4,North America,Mobile
ORD_3270,2023-07-11,CUST_483,PROD_19,218.86,1,Europe,Web
ORD_3271,2023-07-21,CUST_335,PROD_69,67.5,1,Europe,Mobile
ORD_3272,2023-05-01,CUST_69,PROD_64,1248.64,4,Europe,Web
ORD_3273,2023-12-06,CUST_43,PROD_69,450.0,4,North America,Web
ORD_3274,2023-04-11,CUST_65,PROD_7,243.28,1,Asia,Web
ORD_3275,2023-04-30,CUST_335,PROD_22,1119.54,3,Europe,Mobile
ORD_3276,2023-11-02,CUST_483,PROD_13,1182.36,4,Europe,Mobile
ORD_3277,2023-10-01,CUST_392,PROD_58,93.44,1,Europe,Web
ORD_3278,2023-08-03,CUST_358,PROD_66,347.73,1,Asia,Web
ORD_3279,2023-07-27,CUST_279,PROD_36,389.05,2,Europe,Mobile
ORD_3280,2023-09-19,CUST_435,PROD_70,36.39,1,North America,Mobile
ORD_3281,2023-05-25,CUST_197,PROD_80,826.74,2,Europe,Mobile
ORD_3282,2023-12-27,CUST_48,PROD_7,243.28,1,North America,Web
ORD_3283,2023-10-23,CUST_244,PROD_12,151.47,3,North America,Web
ORD_3284,2023-07-11,CUST_113,PROD_8,449.83,4,Europe,Mobile
ORD_3285,2023-01-29,CUST_361,PROD_61,36.97,1,Europe,Web
ORD_3286,2023-06-14,CUST_29,PROD_45,438.3,2,Asia,Web
ORD_3287,2023-05-20,CUST_455,PROD_25,36.08,1,Europe,Mobile
ORD_3288,2023-04-14,CUST_70,PROD_42,536.93,4,Europe,Web
ORD_3289,2023-03-23,CUST_153,PROD_33,405.74,1,North America,Web
ORD_3290,2023-11-10,CUST_146,PROD_60,348.16,1,Europe,Web
ORD_3291,2023-06-14,CUST_441,PROD_83,968.55,3,North America,Mobile
ORD_3292,2023-05-11,CUST_316,PROD_95,693.93,3,North America,Mobile
ORD_3293,2023-05-29,CUST_269,PROD_27,960.74,2,Asia,Web
ORD_3294,2023-06-30,CUST_275,PROD_4,1412.34,3,Europe,Web
ORD_3295,2023-01-11,CUST_210,PROD_22,1492.72,4,Europe,Mobile
ORD_3296,2023-11-07,CUST_189,PROD_70,36.39,1,Asia,Web
ORD_3297,2023-11-18,CUST_65,PROD_2,575.04,4,Asia,Mobile
ORD_3298,2023-12-31,CUST_485,PROD_69,112.5,1,Asia,Mobile
ORD_3299,2023-02-28,CUST_18,PROD_59,1802.52,4,Europe,Mobile
ORD_3300,2023-07-01,CUST_111,PROD_18,232.14,1,Europe,Web
ORD_3301,2023-05-29,CUST_339,PROD_84,397.88,1,Asia,Web
ORD_3302,2023-05-24,CUST_377,PROD_59,450.63,1,Europe,Web
ORD_3303,2023-07-13,CUST_15,PROD_64,1248.64,4,Europe,Web
ORD_3304,2023-09-18,CUST_113,PROD_91,288.91,1,Europe,Web
ORD_3305,2023-01-31,CUST_182,PROD_90,1956.32,4,Asia,Mobile
ORD_3306,2023-05-15,CUST_23,PROD_91,481.52,1,North America,Web
ORD_3307,2023-03-03,CUST_163,PROD_12,100.98,2,North America,Mobile
ORD_3308,2023-07-25,CUST_288,PROD_53,278.16,4,Asia,Web
ORD_3309,2023-03-05,CUST_255,PROD_58,186.88,2,Europe,Mobile
ORD_3310,2023-03-19,CUST_173,PROD_53,208.62,3,Asia,Web
ORD_3311,2023-11-14,CUST_123,PROD_20,323.97,3,Asia,Mobile
ORD_3312,2023-09-28,CUST_280,PROD_48,175.42,1,Europe,Web
ORD_3313,2023-10-21,CUST_366,PROD_45,219.15,1,North America,Mobile
ORD_3314,2023-04-22,CUST_398,PROD_73,499.68,4,Europe,Mobile
ORD_3315,2023-01-06,CUST_305,PROD_51,289.26,3,Europe,Mobile
ORD_3316,2023-05-02,CUST_138,PROD_27,960.74,2,Asia,Web
ORD_3317,2023-08-20,CUST_273,PROD_23,42.5,1,North America,Mobile
ORD_3318,2023-04-05,CUST_332,PROD_33,1622.96,4,North America,Mobile
ORD_3319,2023-08-17,CUST_160,PROD_31,1131.57,3,North America,Web
ORD_3320,2023-06-08,CUST_475,PROD_95,231.31,1,Europe,Mobile
ORD_3321,2023-10-11,CUST_327,PROD_70,145.56,4,Asia,Web
ORD_3322,2023-08-15,CUST_275,PROD_40,788.82,3,Europe,Mobile
ORD_3323,2023-04-12,CUST_144,PROD_100,308.16,1,Europe,Mobile
ORD_3324,2023-12-20,CUST_152,PROD_78,486.36,1,Europe,Web
ORD_3325,2023-11-27,CUST_209,PROD_18,464.28,2,Europe,Mobile
ORD_3326,2023-09-15,CUST_223,PROD_53,139.08,2,Asia,Mobile
ORD_3327,2023-11-23,CUST_186,PROD_69,67.5,1,Europe,Web
ORD_3328,2023-04-21,CUST_255,PROD_43,1913.64,4,Europe,Mobile
ORD_3329,2023-11-13,CUST_470,PROD_9,20.66,2,Europe,Mobile
ORD_3330,2023-10-13,CUST_163,PROD_61,36.97,1,North America,Mobile
ORD_3331,2023-01-14,CUST_329,PROD_29,509.04,4,North America,Mobile
ORD_3332,2023-06-20,CUST_323,PROD_76,500.48,4,Asia,Web
ORD_3333,2023-09-21,CUST_353,PROD_29,254.52,2,Asia,Mobile
ORD_3334,2023-01-03,CUST_411,PROD_41,308.97,1,North America,Web
ORD_3335,2023-05-23,CUST_146,PROD_67,152.28,3,Europe,Web
ORD_3336,2023-09-16,CUST_261,PROD_98,872.28,3,Europe,Web
ORD_3337,2023-05-02,CUST_271,PROD_34,199.53,3,Asia,Mobile
ORD_3338,2023-07-10,CUST_448,PROD_53,139.08,2,Europe,Mobile
ORD_3339,2023-06-17,CUST_136,PROD_17,927.36,2,North America,Web
ORD_3340,2023-06-16,CUST_468,PROD_79,57.1,1,North America,Mobile
ORD_3341,2023-04-12,CUST_381,PROD_56,218.45,1,Europe,Mobile
ORD_3342,2023-02-25,CUST_221,PROD_21,35.68,1,North America,Web
ORD_3343,2023-09-21,CUST_282,PROD_54,320.76,1,North America,Mobile
ORD_3344,2023-06-29,CUST_325,PROD_97,628.04,4,Asia,Mobile
ORD_3345,2023-07-20,CUST_496,PROD_64,1248.64,4,Asia,Mobile
ORD_3346,2023-05-26,CUST_47,PROD_10,430.28,2,Europe,Mobile
ORD_3347,2023-01-19,CUST_391,PROD_95,138.79,1,Europe,Mobile
ORD_3348,2023-10-21,CUST_318,PROD_51,289.26,3,Europe,Mobile
ORD_3349,2023-10-10,CUST_360,PROD_48,877.11,3,Asia,Web
ORD_3350,2023-05-06,CUST_52,PROD_73,299.81,4,Europe,Web
ORD_3351,2023-10-14,CUST_229,PROD_69,450.0,4,North America,Mobile
ORD_3352,2023-10-11,CUST_342,PROD_94,247.68,4,Europe,Web
ORD_3353,2023-07-30,CUST_201,PROD_50,1051.02,3,Europe,Mobile
ORD_3354,2023-03-27,CUST_2,PROD_36,972.63,3,North America,Web
ORD_3355,2023-04-05,CUST_341,PROD_18,696.42,3,North America,Web
ORD_3356,2023-04-23,CUST_193,PROD_56,218.45,1,Europe,Mobile
ORD_3357,2023-06-08,CUST_277,PROD_81,905.4,2,North America,Mobile
ORD_3358,2023-05-16,CUST_243,PROD_54,320.76,1,Europe,Mobile
ORD_3359,2023-05-06,CUST_334,PROD_49,70.65,3,Europe,Web
ORD_3360,2023-10-19,CUST_253,PROD_21,71.36,2,North America,Web
ORD_3361,2023-10-14,CUST_160,PROD_39,788.4,4,North America,Mobile
ORD_3362,2023-12-15,CUST_255,PROD_75,626.38,3,Europe,Mobile
ORD_3363,2023-06-06,CUST_46,PROD_81,452.7,1,Asia,Mobile
ORD_3364,2023-09-25,CUST_475,PROD_31,377.19,1,Europe,Web
ORD_3365,2023-10-11,CUST_147,PROD_45,219.15,1,North America,Mobile
ORD_3366,2023-08-08,CUST_129,PROD_37,499.03,1,Asia,Web
ORD_3367,2023-04-25,CUST_377,PROD_96,204.08,1,Europe,Web
ORD_3368,2023-04-22,CUST_113,PROD_93,1024.53,3,Europe,Web
ORD_3369,2023-07-02,CUST_198,PROD_97,157.01,1,Europe,Mobile
ORD_3370,2023-01-02,CUST_374,PROD_47,239.04,1,Europe,Mobile
ORD_3371,2023-07-14,CUST_420,PROD_6,133.1,1,Asia,Mobile
ORD_3372,2023-03-11,CUST_317,PROD_11,353.14,2,Asia,Mobile
ORD_3373,2023-01-24,CUST_104,PROD_54,192.46,1,Europe,Mobile
ORD_3374,2023-10-03,CUST_132,PROD_41,308.97,1,Asia,Web
ORD_3375,2023-10-26,CUST_388,PROD_30,151.77,3,Asia,Mobile
ORD_3376,2023-01-19,CUST_470,PROD_75,1043.97,3,Europe,Mobile
ORD_3377,2023-08-09,CUST_367,PROD_88,121.92,2,Asia,Web
ORD_3378,2023-04-23,CUST_40,PROD_98,290.76,1,Europe,Web
ORD_3379,2023-08-02,CUST_178,PROD_45,131.49,1,Europe,Mobile
ORD_3380,2023-12-04,CUST_245,PROD_83,968.55,3,Europe,Mobile
ORD_3381,2023-06-09,CUST_253,PROD_17,927.36,2,North America,Mobile
ORD_3382,2023-04-25,CUST_258,PROD_83,645.7,2,Europe,Web
ORD_3383,2023-09-11,CUST_95,PROD_69,225.0,2,North America,Web
ORD_3384,2023-06-08,CUST_355,PROD_41,1235.88,4,Europe,Mobile
ORD_3385,2023-11-21,CUST_216,PROD_83,968.55,3,Europe,Web
ORD_3386,2023-09-27,CUST_51,PROD_40,788.82,3,North America,Mobile
ORD_3387,2023-10-27,CUST_163,PROD_65,426.94,2,North America,Web
ORD_3388,2023-03-02,CUST_180,PROD_72,1341.6,4,Europe,Web
ORD_3389,2023-03-29,CUST_499,PROD_24,671.18,2,Europe,Mobile
ORD_3390,2023-05-02,CUST_346,PROD_19,1459.08,4,Asia,Web
ORD_3391,2023-03-23,CUST_23,PROD_22,1119.54,3,North America,Mobile
ORD_3392,2023-08-09,CUST_219,PROD_84,795.76,2,North America,Mobile
ORD_3393,2023-06-10,CUST_429,PROD_4,1412.34,3,Europe,Web
ORD_3394,2023-04-07,CUST_283,PROD_19,1094.31,3,Europe,Web
ORD_3395,2023-03-10,CUST_323,PROD_62,544.76,4,Asia,Mobile
ORD_3396,2023-07-12,CUST_10,PROD_24,1342.36,4,Europe,Web
ORD_3397,2023-03-06,CUST_483,PROD_4,1129.87,4,Europe,Web
ORD_3398,2023-07-25,CUST_10,PROD_100,1232.64,4,Europe,Web
ORD_3399,2023-09-10,CUST_207,PROD_17,463.68,1,Europe,Mobile
ORD_3400,2023-06-29,CUST_363,PROD_60,1392.64,4,Europe,Mobile
ORD_3401,2023-05-25,CUST_63,PROD_59,901.26,2,Europe,Mobile
ORD_3402,2023-02-10,CUST_295,PROD_11,176.57,1,Asia,Mobile
ORD_3403,2023-03-16,CUST_77,PROD_69,450.0,4,Europe,Web
ORD_3404,2023-11-29,CUST_85,PROD_65,426.94,2,North America,Mobile
ORD_3405,2023-06-01,CUST_395,PROD_16,436.58,1,Asia,Mobile
ORD_3406,2023-02-23,CUST_49,PROD_87,481.28,1,Asia,Web
ORD_3407,2023-12-02,CUST_330,PROD_66,1390.92,4,Europe,Mobile
ORD_3408,2023-06-06,CUST_98,PROD_27,480.37,1,Europe,Web
ORD_3409,2023-07-20,CUST_272,PROD_42,671.16,3,Europe,Mobile
ORD_3410,2023-11-05,CUST_193,PROD_57,361.02,1,Europe,Mobile
ORD_3411,2023-10-15,CUST_177,PROD_97,628.04,4,Europe,Web
ORD_3412,2023-09-21,CUST_377,PROD_4,941.56,2,Europe,Web
ORD_3413,2023-06-01,CUST_40,PROD_88,121.92,2,Europe,Mobile
ORD_3414,2023-02-04,CUST_117,PROD_40,788.82,3,Europe,Web
ORD_3415,2023-07-16,CUST_344,PROD_66,347.73,1,Europe,Web
ORD_3416,2023-07-21,CUST_209,PROD_4,1412.34,3,Europe,Mobile
ORD_3417,2023-06-04,CUST_428,PROD_81,452.7,1,North America,Mobile
ORD_3418,2023-01-31,CUST_250,PROD_35,456.6,4,North America,Mobile
ORD_3419,2023-02-07,CUST_473,PROD_4,1412.34,3,Europe,Mobile
ORD_3420,2023-03-20,CUST_71,PROD_95,925.24,4,Asia,Web
ORD_3421,2023-04-12,CUST_475,PROD_44,493.78,1,Europe,Mobile
ORD_3422,2023-11-05,CUST_32,PROD_36,324.21,1,Asia,Mobile
ORD_3423,2023-10-11,CUST_147,PROD_71,65.41,1,North America,Web
ORD_3424,2023-08-11,CUST_489,PROD_76,250.24,2,North America,Web
ORD_3425,2023-03-26,CUST_138,PROD_77,433.16,1,Asia,Web
ORD_3426,2023-03-31,CUST_22,PROD_9,17.22,1,Asia,Mobile
ORD_3427,2023-07-06,CUST_288,PROD_37,998.06,2,Asia,Web
ORD_3428,2023-07-08,CUST_41,PROD_95,462.62,2,Europe,Web
ORD_3429,2023-01-30,CUST_22,PROD_65,640.41,3,Asia,Mobile
ORD_3430,2023-10-05,CUST_204,PROD_62,136.19,1,Europe,Mobile
ORD_3431,2023-04-20,CUST_39,PROD_99,1410.39,3,North America,Mobile
ORD_3432,2023-10-30,CUST_13,PROD_75,1391.96,4,North America,Mobile
ORD_3433,2023-10-08,CUST_400,PROD_33,811.48,2,North America,Mobile
ORD_3434,2023-04-12,CUST_457,PROD_86,947.08,2,Europe,Mobile
ORD_3435,2023-08-15,CUST_261,PROD_32,874.6,3,Europe,Web
ORD_3436,2023-01-24,CUST_165,PROD_54,962.28,3,Europe,Web
ORD_3437,2023-03-24,CUST_170,PROD_23,42.5,1,North America,Web
ORD_3438,2023-02-27,CUST_404,PROD_50,420.41,2,Europe,Web
ORD_3439,2023-10-11,CUST_195,PROD_49,47.1,2,Europe,Mobile
ORD_3440,2023-05-10,CUST_209,PROD_12,50.49,1,Europe,Mobile
ORD_3441,2023-08-05,CUST_448,PROD_19,1094.31,3,Europe,Web
ORD_3442,2023-08-01,CUST_302,PROD_77,433.16,1,Asia,Web
ORD_3443,2023-12-17,CUST_238,PROD_41,308.97,1,North America,Mobile
ORD_3444,2023-01-22,CUST_306,PROD_98,872.28,3,Europe,Web
ORD_3445,2023-06-23,CUST_98,PROD_71,78.49,2,Europe,Mobile
ORD_3446,2023-07-05,CUST_33,PROD_18,417.85,3,Europe,Web
ORD_3447,2023-03-24,CUST_155,PROD_1,406.98,2,North America,Web
ORD_3448,2023-11-05,CUST_149,PROD_65,512.33,4,Europe,Mobile
ORD_3449,2023-02-06,CUST_463,PROD_75,1043.97,3,Europe,Web
ORD_3450,2023-09-25,CUST_367,PROD_30,101.18,2,Asia,Mobile
ORD_3451,2023-08-13,CUST_117,PROD_42,134.23,1,Europe,Web
ORD_3452,2023-01-07,CUST_268,PROD_5,363.78,3,Asia,Web
ORD_3453,2023-02-27,CUST_375,PROD_35,228.3,2,Asia,Mobile
ORD_3454,2023-11-29,CUST_415,PROD_7,243.28,1,Asia,Mobile
ORD_3455,2023-11-12,CUST_199,PROD_60,1044.48,3,Asia,Mobile
ORD_3456,2023-11-29,CUST_211,PROD_86,852.37,3,Europe,Mobile
ORD_3457,2023-03-15,CUST_73,PROD_2,431.28,3,Asia,Web
ORD_3458,2023-08-05,CUST_460,PROD_62,408.57,3,Europe,Mobile
ORD_3459,2023-11-06,CUST_48,PROD_34,66.51,1,North America,Mobile
ORD_3460,2023-02-05,CUST_128,PROD_54,1283.04,4,North America,Web
ORD_3461,2023-03-16,CUST_236,PROD_10,1075.71,3,North America,Mobile
ORD_3462,2023-05-08,CUST_397,PROD_91,481.52,1,North America,Web
ORD_3463,2023-10-17,CUST_273,PROD_70,145.56,4,North America,Web
ORD_3464,2023-08-12,CUST_242,PROD_92,1231.28,4,North America,Web
ORD_3465,2023-03-12,CUST_66,PROD_84,397.88,1,Asia,Mobile
ORD_3466,2023-03-16,CUST_43,PROD_14,365.91,3,North America,Mobile
ORD_3467,2023-09-02,CUST_386,PROD_21,71.36,2,North America,Web
ORD_3468,2023-01-28,CUST_284,PROD_10,645.43,3,Europe,Web
ORD_3469,2023-12-25,CUST_47,PROD_21,35.68,1,Europe,Mobile
ORD_3470,2023-12-24,CUST_381,PROD_18,464.28,2,Europe,Mobile
ORD_3471,2023-07-08,CUST_193,PROD_59,811.13,3,Europe,Web
ORD_3472,2023-06-27,CUST_38,PROD_78,972.72,2,North America,Web
ORD_3473,2023-02-08,CUST_299,PROD_83,968.55,3,Europe,Mobile
ORD_3474,2023-02-14,CUST_52,PROD_56,655.35,3,Europe,Web
ORD_3475,2023-08-10,CUST_78,PROD_90,489.08,1,Europe,Mobile
ORD_3476,2023-04-20,CUST_35,PROD_48,877.11,3,North America,Mobile
ORD_3477,2023-09-26,CUST_206,PROD_32,971.78,2,Europe,Mobile
ORD_3478,2023-09-27,CUST_273,PROD_78,972.72,2,North America,Mobile
ORD_3479,2023-09-23,CUST_440,PROD_13,886.77,3,Asia,Web
ORD_3480,2023-12-04,CUST_280,PROD_43,956.82,2,Europe,Mobile
ORD_3481,2023-08-17,CUST_257,PROD_58,93.44,1,Europe,Mobile
ORD_3482,2023-06-24,CUST_395,PROD_33,1217.22,3,Asia,Web
ORD_3483,2023-07-14,CUST_430,PROD_49,70.65,3,Asia,Web
ORD_3484,2023-03-21,CUST_44,PROD_57,1444.08,4,Europe,Web
ORD_3485,2023-01-25,CUST_420,PROD_44,1481.34,3,Asia,Mobile
ORD_3486,2023-08-20,CUST_78,PROD_39,197.1,1,Europe,Web
ORD_3487,2023-05-08,CUST_413,PROD_72,670.8,2,Asia,Web
ORD_3488,2023-11-04,CUST_11,PROD_52,431.42,2,Asia,Web
ORD_3489,2023-09-25,CUST_169,PROD_75,1043.97,3,Asia,Mobile
ORD_3490,2023-12-11,CUST_238,PROD_62,408.57,3,North America,Web
ORD_3491,2024-01-01,CUST_447,PROD_34,199.53,3,North America,Web
ORD_3492,2023-10-10,CUST_113,PROD_14,146.36,2,Europe,Mobile
ORD_3493,2023-07-20,CUST_325,PROD_80,826.74,2,Asia,Web
ORD_3494,2023-10-16,CUST_168,PROD_75,1391.96,4,North America,Web
ORD_3495,2023-02-06,CUST_275,PROD_13,886.77,3,Europe,Mobile
ORD_3496,2023-07-12,CUST_356,PROD_60,348.16,1,Europe,Mobile
ORD_3497,2023-10-18,CUST_4,PROD_51,385.68,4,North America,Mobile
ORD_3498,2023-07-05,CUST_121,PROD_14,219.55,3,Europe,Web
ORD_3499,2023-10-21,CUST_414,PROD_13,886.77,3,North America,Web
ORD_3500,2023-03-16,CUST_160,PROD_76,500.48,4,North America,Mobile
ORD_3501,2023-07-18,CUST_216,PROD_58,56.06,1,Europe,Web
ORD_3502,2023-03-05,CUST_301,PROD_1,406.98,2,Asia,Web
ORD_3503,2023-06-10,CUST_281,PROD_67,203.04,4,Europe,Mobile
ORD_3504,2023-04-08,CUST_248,PROD_48,877.11,3,North America,Web
ORD_3505,2023-01-02,CUST_14,PROD_63,211.92,4,Europe,Web
ORD_3506,2023-12-08,CUST_66,PROD_87,1443.84,3,Asia,Web
ORD_3507,2023-10-14,CUST_144,PROD_31,377.19,1,Europe,Mobile
ORD_3508,2023-11-28,CUST_277,PROD_85,1467.63,3,North America,Web
ORD_3509,2023-11-09,CUST_331,PROD_22,1119.54,3,Asia,Mobile
ORD_3510,2023-07-26,CUST_197,PROD_50,1051.02,3,Europe,Web
ORD_3511,2023-10-29,CUST_65,PROD_51,289.26,3,Asia,Web
ORD_3512,2023-08-11,CUST_346,PROD_19,1459.08,4,Asia,Mobile
ORD_3513,2023-05-27,CUST_367,PROD_26,787.44,3,Asia,Web
ORD_3514,2023-05-09,CUST_251,PROD_72,1006.2,3,Asia,Mobile
ORD_3515,2023-04-04,CUST_327,PROD_31,1508.76,4,Asia,Web
ORD_3516,2023-02-28,CUST_196,PROD_8,749.72,4,Europe,Web
ORD_3517,2023-12-07,CUST_360,PROD_25,180.39,3,Asia,Mobile
ORD_3518,2023-08-03,CUST_124,PROD_59,1802.52,4,Asia,Web
ORD_3519,2023-03-07,CUST_27,PROD_41,1235.88,4,Europe,Web
ORD_3520,2023-02-18,CUST_371,PROD_90,1956.32,4,North America,Mobile
ORD_3521,2023-08-11,CUST_468,PROD_91,481.52,1,North America,Mobile
ORD_3522,2023-05-26,CUST_487,PROD_14,487.88,4,Europe,Mobile
ORD_3523,2023-04-04,CUST_224,PROD_14,365.91,3,North America,Mobile
ORD_3524,2023-05-12,CUST_119,PROD_44,1481.34,3,Asia,Mobile
ORD_3525,2023-05-11,CUST_6,PROD_12,151.47,3,Europe,Mobile
ORD_3526,2023-01-06,CUST_333,PROD_100,616.32,2,Europe,Mobile
ORD_3527,2023-05-23,CUST_254,PROD_47,478.08,2,Europe,Web
ORD_3528,2023-09-13,CUST_117,PROD_58,56.06,1,Europe,Web
ORD_3529,2023-02-06,CUST_122,PROD_83,322.85,1,Europe,Web
ORD_3530,2023-03-12,CUST_108,PROD_98,872.28,3,Asia,Mobile
ORD_3531,2023-08-24,CUST_360,PROD_55,913.84,4,Asia,Web
ORD_3532,2023-11-17,CUST_458,PROD_81,905.4,2,North America,Mobile
ORD_3533,2023-05-06,CUST_446,PROD_51,57.85,1,Europe,Mobile
ORD_3534,2023-01-09,CUST_391,PROD_47,239.04,1,Europe,Web
ORD_3535,2023-04-17,CUST_288,PROD_5,363.78,3,Asia,Web
ORD_3536,2023-03-12,CUST_110,PROD_97,157.01,1,North America,Web
ORD_3537,2023-07-03,CUST_76,PROD_52,862.84,4,Europe,Web
ORD_3538,2023-09-26,CUST_140,PROD_77,519.79,2,Europe,Mobile
ORD_3539,2023-01-13,CUST_164,PROD_36,648.42,2,North America,Mobile
ORD_3540,2023-06-15,CUST_116,PROD_19,364.77,1,Asia,Web
ORD_3541,2023-10-02,CUST_165,PROD_94,247.68,4,Europe,Web
ORD_3542,2023-02-25,CUST_444,PROD_39,788.4,4,Europe,Mobile
ORD_3543,2023-09-18,CUST_494,PROD_56,436.9,2,Asia,Web
ORD_3544,2023-11-12,CUST_88,PROD_11,529.71,3,Europe,Web
ORD_3545,2023-10-09,CUST_271,PROD_50,350.34,1,Asia,Web
ORD_3546,2023-05-23,CUST_284,PROD_16,436.58,1,Europe,Web
ORD_3547,2023-01-11,CUST_341,PROD_100,1232.64,4,North America,Mobile
ORD_3548,2023-10-05,CUST_122,PROD_1,406.98,2,Europe,Mobile
ORD_3549,2023-06-09,CUST_494,PROD_60,1044.48,3,Asia,Mobile
ORD_3550,2023-03-10,CUST_93,PROD_38,425.85,1,Europe,Mobile
ORD_3551,2023-11-10,CUST_40,PROD_91,481.52,1,Europe,Web
ORD_3552,2023-05-19,CUST_170,PROD_39,788.4,4,North America,Mobile
ORD_3553,2023-01-17,CUST_322,PROD_79,171.3,3,North America,Web
ORD_3554,2023-10-14,CUST_206,PROD_96,408.16,2,Europe,Mobile
ORD_3555,2023-05-27,CUST_302,PROD_98,1163.04,4,Asia,Web
ORD_3556,2023-11-21,CUST_397,PROD_61,73.94,2,North America,Mobile
ORD_3557,2023-05-20,CUST_299,PROD_60,696.32,2,Europe,Mobile
ORD_3558,2023-05-29,CUST_285,PROD_3,1813.48,4,North America,Web
ORD_3559,2023-11-12,CUST_386,PROD_34,66.51,1,North America,Mobile
ORD_3560,2023-04-21,CUST_473,PROD_23,127.5,3,Europe,Web
ORD_3561,2023-06-09,CUST_157,PROD_46,945.12,2,Asia,Mobile
ORD_3562,2023-05-02,CUST_236,PROD_56,218.45,1,North America,Mobile
ORD_3563,2023-09-09,CUST_458,PROD_65,640.41,3,North America,Web
ORD_3564,2023-02-20,CUST_373,PROD_24,671.18,2,North America,Mobile
ORD_3565,2023-06-08,CUST_188,PROD_49,94.2,4,North America,Mobile
ORD_3566,2023-12-17,CUST_64,PROD_18,464.28,2,Europe,Mobile
ORD_3567,2023-08-17,CUST_116,PROD_14,121.97,1,Asia,Mobile
ORD_3568,2023-07-26,CUST_249,PROD_28,738.08,2,Asia,Web
ORD_3569,2023-05-01,CUST_352,PROD_31,754.38,2,Europe,Mobile
ORD_3570,2023-09-10,CUST_473,PROD_17,1112.83,4,Europe,Web
ORD_3571,2023-10-21,CUST_366,PROD_75,695.98,2,North America,Mobile
ORD_3572,2023-08-18,CUST_113,PROD_67,152.28,3,Europe,Web
ORD_3573,2023-10-31,CUST_142,PROD_62,272.38,2,North America,Web
ORD_3574,2023-04-08,CUST_424,PROD_76,500.48,4,Europe,Web
ORD_3575,2023-07-24,CUST_188,PROD_59,1802.52,4,North America,Web
ORD_3576,2023-01-19,CUST_487,PROD_77,1299.48,3,Europe,Mobile
ORD_3577,2023-10-22,CUST_96,PROD_48,877.11,3,Asia,Mobile
ORD_3578,2023-09-20,CUST_390,PROD_61,110.91,3,Asia,Mobile
ORD_3579,2023-07-08,CUST_478,PROD_39,394.2,2,Asia,Web
ORD_3580,2023-09-19,CUST_306,PROD_5,121.26,1,Europe,Mobile
ORD_3581,2023-10-24,CUST_471,PROD_16,1746.32,4,Asia,Web
ORD_3582,2023-04-17,CUST_23,PROD_71,261.64,4,North America,Mobile
ORD_3583,2023-09-10,CUST_224,PROD_8,749.72,4,North America,Mobile
ORD_3584,2023-12-07,CUST_386,PROD_89,71.08,4,North America,Web
ORD_3585,2023-12-10,CUST_347,PROD_39,788.4,4,Europe,Mobile
ORD_3586,2023-08-20,CUST_244,PROD_94,61.92,1,North America,Web
ORD_3587,2023-08-07,CUST_492,PROD_19,1094.31,3,North America,Mobile
ORD_3588,2023-01-01,CUST_151,PROD_95,693.93,3,Europe,Web
ORD_3589,2023-04-25,CUST_235,PROD_96,244.9,2,Europe,Web
ORD_3590,2023-03-09,CUST_131,PROD_35,456.6,4,North America,Web
ORD_3591,2023-07-08,CUST_406,PROD_81,452.7,1,North America,Mobile
ORD_3592,2023-03-21,CUST_262,PROD_63,158.94,3,Europe,Web
ORD_3593,2023-07-28,CUST_361,PROD_74,237.57,3,Europe,Web
ORD_3594,2023-02-12,CUST_313,PROD_36,972.63,3,North America,Mobile
ORD_3595,2023-10-07,CUST_90,PROD_67,101.52,2,Europe,Mobile
ORD_3596,2023-12-05,CUST_380,PROD_67,50.76,1,Europe,Mobile
ORD_3597,2023-04-07,CUST_496,PROD_60,696.32,2,Asia,Mobile
ORD_3598,2023-04-12,CUST_406,PROD_40,788.82,3,North America,Mobile
ORD_3599,2023-07-05,CUST_119,PROD_43,1913.64,4,Asia,Web
ORD_3600,2023-09-11,CUST_67,PROD_55,456.92,2,Asia,Mobile
ORD_3601,2023-05-16,CUST_180,PROD_94,123.84,2,Europe,Web
ORD_3602,2023-04-14,CUST_330,PROD_42,671.16,3,Europe,Mobile
ORD_3603,2023-11-05,CUST_262,PROD_58,186.88,2,Europe,Web
ORD_3604,2023-10-12,CUST_467,PROD_67,101.52,2,Europe,Mobile
ORD_3605,2024-01-01,CUST_411,PROD_62,136.19,1,North America,Web
ORD_3606,2023-12-04,CUST_328,PROD_30,202.36,4,Asia,Web
ORD_3607,2023-05-08,CUST_385,PROD_61,147.88,4,North America,Mobile
ORD_3608,2023-06-23,CUST_458,PROD_98,1163.04,4,North America,Web
ORD_3609,2023-01-23,CUST_106,PROD_80,1240.11,3,North America,Web
ORD_3610,2023-03-03,CUST_286,PROD_88,243.84,4,Asia,Web
ORD_3611,2023-02-09,CUST_212,PROD_96,408.16,2,Asia,Mobile
ORD_3612,2023-02-01,CUST_316,PROD_63,158.94,3,North America,Mobile
ORD_3613,2023-08-16,CUST_26,PROD_19,1094.31,3,Asia,Mobile
ORD_3614,2023-10-24,CUST_32,PROD_22,746.36,2,Asia,Web
ORD_3615,2023-02-05,CUST_146,PROD_49,56.52,4,Europe,Web
ORD_3616,2023-08-18,CUST_231,PROD_78,1459.08,3,Asia,Mobile
ORD_3617,2023-04-09,CUST_303,PROD_82,218.06,1,Asia,Mobile
ORD_3618,2023-10-22,CUST_350,PROD_65,853.88,4,Asia,Mobile
ORD_3619,2023-08-12,CUST_400,PROD_46,472.56,1,North America,Mobile
ORD_3620,2023-08-10,CUST_55,PROD_90,978.16,2,Asia,Mobile
ORD_3621,2023-09-15,CUST_361,PROD_53,83.45,2,Europe,Web
ORD_3622,2023-01-14,CUST_20,PROD_52,431.42,2,Europe,Mobile
ORD_3623,2023-07-12,CUST_269,PROD_91,1926.08,4,Asia,Mobile
ORD_3624,2023-05-28,CUST_476,PROD_53,69.54,1,Europe,Web
ORD_3625,2023-07-10,CUST_191,PROD_42,447.44,2,Asia,Web
ORD_3626,2023-06-30,CUST_113,PROD_26,524.96,2,Europe,Mobile
ORD_3627,2023-11-25,CUST_315,PROD_6,159.72,2,Europe,Mobile
ORD_3628,2023-10-23,CUST_59,PROD_13,886.77,3,Asia,Web
ORD_3629,2023-01-30,CUST_290,PROD_3,906.74,2,North America,Mobile
ORD_3630,2023-07-12,CUST_496,PROD_42,223.72,1,Asia,Mobile
ORD_3631,2023-04-12,CUST_307,PROD_37,1996.12,4,Europe,Mobile
ORD_3632,2023-02-15,CUST_420,PROD_68,118.92,1,Asia,Web
ORD_3633,2023-01-15,CUST_188,PROD_54,320.76,1,North America,Web
ORD_3634,2023-06-20,CUST_78,PROD_16,1746.32,4,Europe,Web
ORD_3635,2023-06-05,CUST_1,PROD_39,591.3,3,Europe,Mobile
ORD_3636,2023-11-01,CUST_362,PROD_10,717.14,2,Europe,Web
ORD_3637,2023-03-19,CUST_64,PROD_26,1049.92,4,Europe,Web
ORD_3638,2023-09-16,CUST_123,PROD_21,142.72,4,Asia,Web
ORD_3639,2023-07-05,CUST_59,PROD_84,397.88,1,Asia,Mobile
ORD_3640,2023-02-07,CUST_128,PROD_25,60.13,1,North America,Web
ORD_3641,2023-07-19,CUST_338,PROD_52,862.84,4,Europe,Web
ORD_3642,2023-03-03,CUST_485,PROD_97,314.02,2,Asia,Web
ORD_3643,2023-12-16,CUST_178,PROD_99,940.26,2,Europe,Web
ORD_3644,2023-12-03,CUST_67,PROD_72,1341.6,4,Asia,Web
ORD_3645,2023-05-02,CUST_95,PROD_52,647.13,3,North America,Web
ORD_3646,2023-04-09,CUST_220,PROD_17,1391.04,3,Europe,Mobile
ORD_3647,2023-07-05,CUST_201,PROD_32,485.89,1,Europe,Mobile
ORD_3648,2023-10-02,CUST_87,PROD_96,612.24,3,Asia,Web
ORD_3649,2023-02-20,CUST_194,PROD_12,30.29,1,Europe,Mobile
ORD_3650,2023-11-28,CUST_7,PROD_47,478.08,2,North America,Mobile
ORD_3651,2023-01-09,CUST_57,PROD_51,96.42,1,Europe,Web
ORD_3652,2023-09-17,CUST_488,PROD_58,93.44,1,Europe,Mobile
ORD_3653,2023-06-30,CUST_11,PROD_97,628.04,4,Asia,Mobile
ORD_3654,2023-06-29,CUST_355,PROD_44,1481.34,3,Europe,Mobile
ORD_3655,2023-08-07,CUST_19,PROD_24,1006.77,3,Europe,Mobile
ORD_3656,2023-08-04,CUST_419,PROD_88,243.84,4,Asia,Mobile
ORD_3657,2023-08-23,CUST_402,PROD_70,21.83,1,Europe,Mobile
ORD_3658,2023-10-22,CUST_392,PROD_60,208.9,1,Europe,Web
ORD_3659,2023-08-20,CUST_480,PROD_47,239.04,1,Europe,Mobile
ORD_3660,2023-02-20,CUST_196,PROD_43,478.41,1,Europe,Mobile
ORD_3661,2023-12-10,CUST_58,PROD_70,145.56,4,Asia,Mobile
ORD_3662,2023-06-10,CUST_409,PROD_74,237.57,3,Europe,Mobile
ORD_3663,2023-11-15,CUST_368,PROD_96,816.32,4,North America,Web
ORD_3664,2023-11-18,CUST_151,PROD_34,66.51,1,Europe,Mobile
ORD_3665,2023-11-29,CUST_339,PROD_5,121.26,1,Asia,Web
ORD_3666,2023-09-25,CUST_408,PROD_47,478.08,2,Asia,Web
ORD_3667,2023-12-13,CUST_5,PROD_23,170.0,4,Europe,Mobile
ORD_3668,2023-02-12,CUST_313,PROD_94,123.84,2,North America,Web
ORD_3669,2023-01-07,CUST_18,PROD_86,1894.16,4,Europe,Mobile
ORD_3670,2023-06-22,CUST_379,PROD_32,1943.56,4,Europe,Mobile
ORD_3671,2023-11-20,CUST_284,PROD_42,447.44,2,Europe,Mobile
ORD_3672,2023-12-15,CUST_220,PROD_87,288.77,1,Europe,Web
ORD_3673,2023-07-04,CUST_470,PROD_36,648.42,2,Europe,Mobile
ORD_3674,2023-09-11,CUST_3,PROD_27,1921.48,4,Europe,Mobile
ORD_3675,2023-09-22,CUST_4,PROD_65,640.41,3,North America,Web
ORD_3676,2023-12-30,CUST_8,PROD_24,1342.36,4,Europe,Mobile
ORD_3677,2023-10-13,CUST_471,PROD_63,211.92,4,Asia,Mobile
ORD_3678,2023-08-18,CUST_338,PROD_87,1155.07,4,Europe,Web
ORD_3679,2023-05-26,CUST_202,PROD_70,36.39,1,North America,Mobile
ORD_3680,2023-03-20,CUST_66,PROD_95,462.62,2,Asia,Web
ORD_3681,2023-09-27,CUST_11,PROD_92,307.82,1,Asia,Web
ORD_3682,2023-04-13,CUST_83,PROD_93,1366.04,4,Asia,Mobile
ORD_3683,2023-10-21,CUST_215,PROD_12,50.49,1,Europe,Web
ORD_3684,2023-03-07,CUST_81,PROD_9,68.88,4,North America,Web
ORD_3685,2023-09-05,CUST_140,PROD_9,68.88,4,Europe,Web
ORD_3686,2023-11-28,CUST_194,PROD_17,927.36,2,Europe,Mobile
ORD_3687,2023-03-18,CUST_269,PROD_10,1075.71,3,Asia,Mobile
ORD_3688,2023-03-16,CUST_325,PROD_99,1410.39,3,Asia,Web
ORD_3689,2023-02-23,CUST_409,PROD_4,564.94,2,Europe,Mobile
ORD_3690,2023-01-23,CUST_300,PROD_20,129.59,2,Europe,Mobile
ORD_3691,2023-09-26,CUST_416,PROD_20,259.18,4,Europe,Mobile
ORD_3692,2023-11-29,CUST_282,PROD_79,171.3,3,North America,Mobile
ORD_3693,2023-10-16,CUST_389,PROD_94,247.68,4,Asia,Web
ORD_3694,2023-08-03,CUST_275,PROD_60,348.16,1,Europe,Mobile
ORD_3695,2023-03-11,CUST_82,PROD_67,101.52,2,Europe,Web
ORD_3696,2023-07-24,CUST_456,PROD_89,53.31,3,Europe,Mobile
ORD_3697,2023-02-06,CUST_274,PROD_44,1481.34,3,Asia,Mobile
ORD_3698,2023-09-20,CUST_228,PROD_99,940.26,2,North America,Web
ORD_3699,2023-12-27,CUST_366,PROD_1,813.96,4,North America,Mobile
ORD_3700,2023-07-12,CUST_411,PROD_18,928.56,4,North America,Web
ORD_3701,2023-06-16,CUST_230,PROD_2,575.04,4,Europe,Mobile
ORD_3702,2023-05-14,CUST_64,PROD_61,36.97,1,Europe,Web
ORD_3703,2023-06-10,CUST_57,PROD_6,532.4,4,Europe,Mobile
ORD_3704,2023-11-19,CUST_411,PROD_28,1476.16,4,North America,Mobile
ORD_3705,2023-05-17,CUST_412,PROD_33,811.48,2,Asia,Mobile
ORD_3706,2023-01-19,CUST_194,PROD_60,348.16,1,Europe,Web
ORD_3707,2023-08-02,CUST_83,PROD_6,399.3,3,Asia,Web
ORD_3708,2023-06-20,CUST_134,PROD_88,60.96,1,Europe,Web
ORD_3709,2023-02-14,CUST_367,PROD_9,34.44,2,Asia,Web
ORD_3710,2023-10-09,CUST_231,PROD_97,628.04,4,Asia,Web
ORD_3711,2023-07-12,CUST_17,PROD_48,877.11,3,Europe,Mobile
ORD_3712,2023-06-30,CUST_434,PROD_38,766.53,3,Europe,Web
ORD_3713,2023-09-23,CUST_222,PROD_74,158.38,2,Europe,Web
ORD_3714,2023-08-06,CUST_362,PROD_14,365.91,3,Europe,Web
ORD_3715,2023-12-23,CUST_28,PROD_56,436.9,2,Asia,Web
ORD_3716,2023-01-15,CUST_212,PROD_87,481.28,1,Asia,Mobile
ORD_3717,2023-10-18,CUST_261,PROD_88,182.88,3,Europe,Web
ORD_3718,2023-09-21,CUST_23,PROD_45,876.6,4,North America,Mobile
ORD_3719,2023-10-17,CUST_370,PROD_2,431.28,3,North America,Web
ORD_3720,2023-03-02,CUST_381,PROD_27,960.74,2,Europe,Web
ORD_3721,2023-07-13,CUST_484,PROD_31,1131.57,3,North America,Mobile
ORD_3722,2023-07-07,CUST_50,PROD_72,670.8,2,Europe,Mobile
ORD_3723,2023-11-24,CUST_400,PROD_69,337.5,3,North America,Web
ORD_3724,2023-06-08,CUST_78,PROD_74,316.76,4,Europe,Mobile
ORD_3725,2023-07-09,CUST_338,PROD_65,853.88,4,Europe,Mobile
ORD_3726,2023-03-20,CUST_158,PROD_63,95.36,3,Europe,Web
ORD_3727,2023-06-02,CUST_380,PROD_4,470.78,1,Europe,Web
ORD_3728,2023-07-04,CUST_62,PROD_61,73.94,2,Asia,Web
ORD_3729,2023-06-21,CUST_468,PROD_75,695.98,2,North America,Mobile
ORD_3730,2023-11-16,CUST_169,PROD_55,685.38,3,Asia,Mobile
ORD_3731,2023-02-18,CUST_113,PROD_14,487.88,4,Europe,Web
ORD_3732,2023-08-07,CUST_446,PROD_49,47.1,2,Europe,Web
ORD_3733,2023-01-06,CUST_490,PROD_63,158.94,3,North America,Web
ORD_3734,2023-05-28,CUST_237,PROD_12,30.29,1,Europe,Mobile
ORD_3735,2023-04-25,CUST_257,PROD_58,186.88,2,Europe,Mobile
ORD_3736,2023-03-14,CUST_355,PROD_63,158.94,3,Europe,Web
ORD_3737,2023-08-16,CUST_9,PROD_34,266.04,4,North America,Mobile
ORD_3738,2023-08-10,CUST_376,PROD_89,71.08,4,Europe,Mobile
ORD_3739,2023-11-29,CUST_108,PROD_92,1231.28,4,Asia,Mobile
ORD_3740,2023-08-04,CUST_215,PROD_41,926.91,3,Europe,Mobile
ORD_3741,2023-07-11,CUST_241,PROD_91,963.04,2,Europe,Mobile
ORD_3742,2023-08-18,CUST_386,PROD_93,341.51,1,North America,Mobile
ORD_3743,2023-12-06,CUST_265,PROD_48,877.11,3,North America,Mobile
ORD_3744,2023-11-28,CUST_459,PROD_20,431.96,4,Asia,Web
ORD_3745,2023-03-14,CUST_340,PROD_59,1802.52,4,Europe,Web
ORD_3746,2023-01-02,CUST_87,PROD_18,464.28,2,Asia,Mobile
ORD_3747,2023-08-30,CUST_365,PROD_88,182.88,3,Europe,Web
ORD_3748,2023-03-25,CUST_344,PROD_40,1051.76,4,Europe,Mobile
ORD_3749,2023-03-11,CUST_381,PROD_6,239.58,3,Europe,Mobile
ORD_3750,2023-09-14,CUST_12,PROD_79,228.4,4,Europe,Mobile
ORD_3751,2023-08-05,CUST_255,PROD_75,1043.97,3,Europe,Web
ORD_3752,2023-03-25,CUST_478,PROD_7,486.56,2,Asia,Mobile
ORD_3753,2023-12-15,CUST_46,PROD_63,105.96,2,Asia,Mobile
ORD_3754,2023-05-11,CUST_80,PROD_68,356.76,3,Europe,Mobile
ORD_3755,2023-05-27,CUST_20,PROD_49,14.13,1,Europe,Web
ORD_3756,2023-04-28,CUST_385,PROD_80,1653.48,4,North America,Web
ORD_3757,2023-01-29,CUST_320,PROD_48,1169.48,4,North America,Mobile
ORD_3758,2023-03-15,CUST_118,PROD_11,353.14,2,Europe,Web
ORD_3759,2023-03-26,CUST_97,PROD_95,925.24,4,North America,Mobile
ORD_3760,2023-03-18,CUST_141,PROD_60,348.16,1,North America,Web
ORD_3761,2023-11-01,CUST_390,PROD_71,130.82,2,Asia,Mobile
ORD_3762,2023-04-23,CUST_382,PROD_46,945.12,2,North America,Web
ORD_3763,2023-08-22,CUST_422,PROD_39,788.4,4,Europe,Web
ORD_3764,2023-09-24,CUST_273,PROD_90,1467.24,3,North America,Web
ORD_3765,2023-09-13,CUST_135,PROD_51,385.68,4,Europe,Web
ORD_3766,2023-08-12,CUST_53,PROD_48,292.37,1,Europe,Mobile
ORD_3767,2023-11-02,CUST_109,PROD_82,218.06,1,Asia,Web
ORD_3768,2023-03-13,CUST_233,PROD_25,180.39,3,Asia,Mobile
ORD_3769,2023-11-20,CUST_211,PROD_84,954.91,4,Europe,Web
ORD_3770,2023-01-29,CUST_19,PROD_9,51.66,3,Europe,Web
ORD_3771,2023-06-01,CUST_44,PROD_50,420.41,2,Europe,Web
ORD_3772,2023-08-25,CUST_352,PROD_29,254.52,2,Europe,Web
ORD_3773,2023-02-16,CUST_85,PROD_6,532.4,4,North America,Mobile
ORD_3774,2023-11-13,CUST_485,PROD_79,57.1,1,Asia,Web
ORD_3775,2023-11-29,CUST_471,PROD_99,1880.52,4,Asia,Web
ORD_3776,2023-06-01,CUST_106,PROD_19,729.54,2,North America,Web
ORD_3777,2023-08-17,CUST_328,PROD_37,1497.09,3,Asia,Web
ORD_3778,2023-11-11,CUST_385,PROD_56,655.35,3,North America,Mobile
ORD_3779,2023-02-01,CUST_8,PROD_52,862.84,4,Europe,Mobile
ORD_3780,2023-08-20,CUST_146,PROD_78,1945.44,4,Europe,Web
ORD_3781,2023-06-13,CUST_135,PROD_87,1443.84,3,Europe,Mobile
ORD_3782,2023-01-08,CUST_393,PROD_40,262.94,1,Europe,Web
ORD_3783,2023-11-10,CUST_459,PROD_80,1240.11,3,Asia,Mobile
ORD_3784,2023-10-28,CUST_260,PROD_21,142.72,4,Asia,Web
ORD_3785,2023-02-17,CUST_205,PROD_45,657.45,3,Europe,Mobile
ORD_3786,2023-11-03,CUST_269,PROD_17,927.36,2,Asia,Web
ORD_3787,2023-10-14,CUST_245,PROD_3,272.02,1,Europe,Web
ORD_3788,2023-09-18,CUST_388,PROD_19,1459.08,4,Asia,Mobile
ORD_3789,2023-08-29,CUST_239,PROD_11,706.28,4,Asia,Web
ORD_3790,2023-05-01,CUST_98,PROD_60,1392.64,4,Europe,Mobile
ORD_3791,2023-11-04,CUST_498,PROD_69,450.0,4,North America,Mobile
ORD_3792,2023-11-04,CUST_319,PROD_29,509.04,4,Europe,Web
ORD_3793,2023-08-21,CUST_389,PROD_40,262.94,1,Asia,Web
ORD_3794,2023-08-28,CUST_132,PROD_17,1391.04,3,Asia,Mobile
ORD_3795,2023-08-05,CUST_31,PROD_90,489.08,1,Europe,Mobile
ORD_3796,2023-02-15,CUST_399,PROD_44,493.78,1,Europe,Web
ORD_3797,2023-06-24,CUST_172,PROD_30,101.18,2,North America,Mobile
ORD_3798,2023-06-02,CUST_408,PROD_19,1459.08,4,Asia,Web
ORD_3799,2023-02-15,CUST_197,PROD_84,1193.64,3,Europe,Web
ORD_3800,2023-02-28,CUST_416,PROD_84,795.76,2,Europe,Mobile
ORD_3801,2023-08-19,CUST_306,PROD_2,431.28,3,Europe,Web
ORD_3802,2023-12-15,CUST_201,PROD_49,94.2,4,Europe,Mobile
ORD_3803,2023-06-28,CUST_406,PROD_99,940.26,2,North America,Web
ORD_3804,2023-08-02,CUST_71,PROD_69,112.5,1,Asia,Mobile
ORD_3805,2023-05-12,CUST_365,PROD_63,105.96,2,Europe,Web
ORD_3806,2023-10-28,CUST_339,PROD_25,60.13,1,Asia,Mobile
ORD_3807,2023-08-28,CUST_377,PROD_26,262.48,1,Europe,Mobile
ORD_3808,2023-08-11,CUST_395,PROD_63,105.96,2,Asia,Web
ORD_3809,2023-06-16,CUST_204,PROD_41,308.97,1,Europe,Mobile
ORD_3810,2023-09-26,CUST_260,PROD_31,377.19,1,Asia,Mobile
ORD_3811,2023-01-14,CUST_364,PROD_15,849.02,2,North America,Mobile
ORD_3812,2023-02-17,CUST_256,PROD_75,347.99,1,Europe,Mobile
ORD_3813,2023-04-07,CUST_244,PROD_83,322.85,1,North America,Web
ORD_3814,2023-06-13,CUST_315,PROD_29,509.04,4,Europe,Web
ORD_3815,2023-01-25,CUST_226,PROD_59,1351.89,3,Asia,Web
ORD_3816,2023-12-24,CUST_203,PROD_51,96.42,1,Europe,Mobile
ORD_3817,2023-12-11,CUST_136,PROD_42,223.72,1,North America,Mobile
ORD_3818,2023-04-15,CUST_130,PROD_84,477.46,2,Europe,Mobile
ORD_3819,2023-09-08,CUST_453,PROD_70,36.39,1,Asia,Web
ORD_3820,2023-09-16,CUST_341,PROD_62,272.38,2,North America,Web
ORD_3821,2023-12-22,CUST_187,PROD_91,481.52,1,North America,Web
ORD_3822,2023-02-24,CUST_164,PROD_55,913.84,4,North America,Web
ORD_3823,2023-12-12,CUST_343,PROD_75,835.18,4,Europe,Mobile
ORD_3824,2023-05-01,CUST_371,PROD_66,1390.92,4,North America,Mobile
ORD_3825,2023-11-14,CUST_370,PROD_94,185.76,3,North America,Mobile
ORD_3826,2023-12-01,CUST_216,PROD_40,525.88,2,Europe,Mobile
ORD_3827,2023-05-11,CUST_204,PROD_36,1296.84,4,Europe,Web
ORD_3828,2023-01-20,CUST_15,PROD_21,107.04,3,Europe,Mobile
ORD_3829,2023-03-19,CUST_232,PROD_10,860.57,4,Europe,Mobile
ORD_3830,2023-02-05,CUST_207,PROD_39,197.1,1,Europe,Web
ORD_3831,2023-10-09,CUST_16,PROD_16,1309.74,3,Europe,Mobile
ORD_3832,2023-07-24,CUST_59,PROD_15,424.51,1,Asia,Web
ORD_3833,2023-07-27,CUST_203,PROD_13,295.59,1,Europe,Web
ORD_3834,2023-08-04,CUST_433,PROD_39,197.1,1,Europe,Mobile
ORD_3835,2023-03-26,CUST_89,PROD_2,431.28,3,Europe,Web
ORD_3836,2023-05-28,CUST_302,PROD_6,399.3,3,Asia,Mobile
ORD_3837,2023-03-01,CUST_131,PROD_35,228.3,2,North America,Web
ORD_3838,2023-12-03,CUST_332,PROD_86,947.08,2,North America,Mobile
ORD_3839,2023-10-26,CUST_403,PROD_24,1006.77,3,Asia,Mobile
ORD_3840,2023-05-24,CUST_410,PROD_54,769.82,4,Europe,Web
ORD_3841,2023-06-04,CUST_10,PROD_62,408.57,3,Europe,Mobile
ORD_3842,2023-01-19,CUST_260,PROD_48,1169.48,4,Asia,Web
ORD_3843,2023-11-24,CUST_56,PROD_49,94.2,4,Europe,Mobile
ORD_3844,2023-03-28,CUST_363,PROD_59,1351.89,3,Europe,Mobile
ORD_3845,2023-11-29,CUST_36,PROD_39,394.2,2,North America,Web
ORD_3846,2023-10-31,CUST_280,PROD_32,971.78,2,Europe,Web
ORD_3847,2023-08-25,CUST_146,PROD_46,1890.24,4,Europe,Web
ORD_3848,2023-10-04,CUST_27,PROD_3,906.74,2,Europe,Web
ORD_3849,2023-03-04,CUST_412,PROD_8,187.43,1,Asia,Mobile
ORD_3850,2023-09-28,CUST_349,PROD_23,42.5,1,Europe,Mobile
ORD_3851,2023-04-05,CUST_356,PROD_98,290.76,1,Europe,Mobile
ORD_3852,2023-06-29,CUST_324,PROD_70,72.78,2,Europe,Mobile
ORD_3853,2023-04-04,CUST_218,PROD_93,683.02,2,Europe,Mobile
ORD_3854,2023-07-16,CUST_292,PROD_2,258.77,3,Europe,Web
ORD_3855,2023-04-06,CUST_470,PROD_91,1155.65,4,Europe,Mobile
ORD_3856,2023-09-01,CUST_397,PROD_17,1854.72,4,North America,Web
ORD_3857,2023-07-18,CUST_114,PROD_91,963.04,2,Asia,Mobile
ORD_3858,2023-04-11,CUST_27,PROD_24,335.59,1,Europe,Mobile
ORD_3859,2023-09-13,CUST_435,PROD_81,1810.8,4,North America,Mobile
ORD_3860,2023-07-02,CUST_181,PROD_69,225.0,2,North America,Mobile
ORD_3861,2023-02-20,CUST_141,PROD_20,323.97,3,North America,Mobile
ORD_3862,2023-03-12,CUST_15,PROD_73,499.68,4,Europe,Mobile
ORD_3863,2023-12-05,CUST_433,PROD_65,426.94,2,Europe,Mobile
ORD_3864,2023-03-18,CUST_292,PROD_58,280.32,3,Europe,Mobile
ORD_3865,2023-12-10,CUST_104,PROD_57,216.61,1,Europe,Web
ORD_3866,2023-07-03,CUST_132,PROD_42,447.44,2,Asia,Web
ORD_3867,2023-11-04,CUST_335,PROD_70,109.17,3,Europe,Web
ORD_3868,2023-12-30,CUST_38,PROD_49,47.1,2,North America,Mobile
ORD_3869,2023-12-22,CUST_63,PROD_99,470.13,1,Europe,Mobile
ORD_3870,2023-03-02,CUST_194,PROD_68,237.84,2,Europe,Web
ORD_3871,2023-06-13,CUST_136,PROD_64,624.32,2,North America,Web
ORD_3872,2023-09-22,CUST_81,PROD_42,223.72,1,North America,Web
ORD_3873,2023-10-10,CUST_249,PROD_41,1235.88,4,Asia,Mobile
ORD_3874,2023-06-26,CUST_284,PROD_99,470.13,1,Europe,Mobile
ORD_3875,2023-02-05,CUST_485,PROD_99,940.26,2,Asia,Web
ORD_3876,2023-02-09,CUST_304,PROD_89,35.54,2,Europe,Mobile
ORD_3877,2023-03-26,CUST_473,PROD_70,43.67,2,Europe,Mobile
ORD_3878,2023-02-24,CUST_273,PROD_74,237.57,3,North America,Mobile
ORD_3879,2023-07-27,CUST_344,PROD_37,1996.12,4,Europe,Web
ORD_3880,2023-03-04,CUST_74,PROD_95,416.36,3,Europe,Mobile
ORD_3881,2023-11-25,CUST_56,PROD_16,873.16,2,Europe,Web
ORD_3882,2023-03-03,CUST_59,PROD_70,36.39,1,Asia,Mobile
ORD_3883,2023-11-14,CUST_364,PROD_18,232.14,1,North America,Mobile
ORD_3884,2023-07-01,CUST_33,PROD_94,123.84,2,Europe,Mobile
ORD_3885,2023-03-02,CUST_344,PROD_87,1443.84,3,Europe,Web
ORD_3886,2023-03-19,CUST_265,PROD_77,1732.64,4,North America,Mobile
ORD_3887,2023-08-28,CUST_157,PROD_100,616.32,2,Asia,Mobile
ORD_3888,2023-07-21,CUST_4,PROD_82,218.06,1,North America,Web
ORD_3889,2023-08-18,CUST_129,PROD_65,213.47,1,Asia,Mobile
ORD_3890,2023-01-16,CUST_32,PROD_84,795.76,2,Asia,Web
ORD_3891,2023-09-09,CUST_344,PROD_17,556.42,2,Europe,Web
ORD_3892,2023-06-11,CUST_196,PROD_35,228.3,2,Europe,Web
ORD_3893,2023-04-23,CUST_76,PROD_38,511.02,2,Europe,Mobile
ORD_3894,2023-11-18,CUST_421,PROD_17,1854.72,4,North America,Mobile
ORD_3895,2023-08-25,CUST_285,PROD_52,215.71,1,North America,Web
ORD_3896,2023-09-16,CUST_86,PROD_36,1296.84,4,Europe,Web
ORD_3897,2023-05-05,CUST_432,PROD_7,486.56,2,Europe,Web
ORD_3898,2023-08-20,CUST_32,PROD_95,925.24,4,Asia,Web
ORD_3899,2023-08-02,CUST_310,PROD_1,366.28,3,Europe,Mobile
ORD_3900,2023-08-10,CUST_25,PROD_47,717.12,3,North America,Mobile
ORD_3901,2023-12-13,CUST_277,PROD_70,109.17,3,North America,Web
ORD_3902,2023-10-30,CUST_380,PROD_63,63.58,2,Europe,Web
ORD_3903,2023-12-09,CUST_424,PROD_50,700.68,2,Europe,Web
ORD_3904,2023-04-21,CUST_329,PROD_27,960.74,2,North America,Web
ORD_3905,2023-11-19,CUST_300,PROD_44,1975.12,4,Europe,Web
ORD_3906,2023-12-01,CUST_72,PROD_97,628.04,4,North America,Web
ORD_3907,2023-05-19,CUST_222,PROD_99,282.08,1,Europe,Mobile
ORD_3908,2023-06-16,CUST_388,PROD_72,335.4,1,Asia,Web
ORD_3909,2023-03-11,CUST_401,PROD_36,778.1,4,Europe,Web
ORD_3910,2023-11-24,CUST_17,PROD_86,473.54,1,Europe,Web
ORD_3911,2023-12-24,CUST_412,PROD_9,51.66,3,Asia,Web
ORD_3912,2023-06-28,CUST_64,PROD_54,384.91,2,Europe,Web
ORD_3913,2023-11-20,CUST_406,PROD_56,436.9,2,North America,Web
ORD_3914,2023-10-22,CUST_190,PROD_58,93.44,1,Europe,Web
ORD_3915,2023-03-15,CUST_243,PROD_18,232.14,1,Europe,Web
ORD_3916,2023-09-23,CUST_178,PROD_61,36.97,1,Europe,Mobile
ORD_3917,2023-08-15,CUST_340,PROD_84,1591.52,4,Europe,Mobile
ORD_3918,2023-09-22,CUST_9,PROD_44,493.78,1,North America,Web
ORD_3919,2023-03-28,CUST_229,PROD_18,696.42,3,North America,Mobile
ORD_3920,2023-05-15,CUST_196,PROD_8,224.92,2,Europe,Web
ORD_3921,2023-05-01,CUST_186,PROD_85,978.42,2,Europe,Mobile
ORD_3922,2023-09-19,CUST_164,PROD_4,941.56,2,North America,Web
ORD_3923,2023-09-09,CUST_257,PROD_25,120.26,2,Europe,Web
ORD_3924,2023-06-17,CUST_119,PROD_54,1283.04,4,Asia,Mobile
ORD_3925,2023-06-11,CUST_289,PROD_80,413.37,1,Europe,Web
ORD_3926,2023-04-23,CUST_72,PROD_39,591.3,3,North America,Web
ORD_3927,2023-03-10,CUST_158,PROD_80,826.74,2,Europe,Web
ORD_3928,2023-03-20,CUST_396,PROD_9,68.88,4,North America,Mobile
ORD_3929,2023-07-31,CUST_143,PROD_10,1434.28,4,Europe,Mobile
ORD_3930,2023-03-10,CUST_254,PROD_46,945.12,2,Europe,Mobile
ORD_3931,2023-08-20,CUST_276,PROD_10,717.14,2,North America,Mobile
ORD_3932,2023-08-27,CUST_442,PROD_67,101.52,2,Europe,Mobile
ORD_3933,2023-05-16,CUST_390,PROD_44,1481.34,3,Asia,Mobile
ORD_3934,2023-09-16,CUST_141,PROD_47,717.12,3,North America,Mobile
ORD_3935,2023-10-21,CUST_237,PROD_82,436.12,2,Europe,Mobile
ORD_3936,2023-03-30,CUST_229,PROD_46,1890.24,4,North America,Mobile
ORD_3937,2023-09-12,CUST_227,PROD_33,1622.96,4,Asia,Mobile
ORD_3938,2023-07-08,CUST_423,PROD_13,591.18,2,Europe,Mobile
ORD_3939,2023-04-04,CUST_468,PROD_41,1235.88,4,North America,Mobile
ORD_3940,2023-03-18,CUST_283,PROD_39,197.1,1,Europe,Web
ORD_3941,2023-11-27,CUST_96,PROD_68,356.76,3,Asia,Mobile
ORD_3942,2023-05-27,CUST_423,PROD_63,158.94,3,Europe,Web
ORD_3943,2023-11-10,CUST_359,PROD_54,1283.04,4,North America,Mobile
ORD_3944,2023-04-28,CUST_361,PROD_6,266.2,2,Europe,Mobile
ORD_3945,2023-01-08,CUST_496,PROD_65,640.41,3,Asia,Web
ORD_3946,2023-11-21,CUST_425,PROD_15,1273.53,3,Asia,Mobile
ORD_3947,2023-07-11,CUST_279,PROD_13,886.77,3,Europe,Mobile
ORD_3948,2023-03-08,CUST_153,PROD_57,1083.06,3,North America,Web
ORD_3949,2023-06-13,CUST_136,PROD_19,729.54,2,North America,Mobile
ORD_3950,2023-05-01,CUST_325,PROD_68,356.76,3,Asia,Web
ORD_3951,2023-09-25,CUST_143,PROD_34,199.53,3,Europe,Web
ORD_3952,2023-03-01,CUST_73,PROD_93,1366.04,4,Asia,Mobile
ORD_3953,2023-09-23,CUST_325,PROD_88,182.88,3,Asia,Mobile
ORD_3954,2023-10-10,CUST_284,PROD_9,51.66,3,Europe,Web
ORD_3955,2023-04-19,CUST_327,PROD_77,1732.64,4,Asia,Web
ORD_3956,2023-03-04,CUST_276,PROD_75,695.98,2,North America,Mobile
ORD_3957,2023-07-12,CUST_185,PROD_98,581.52,2,Asia,Web
ORD_3958,2023-04-07,CUST_28,PROD_42,894.88,4,Asia,Web
ORD_3959,2023-05-20,CUST_130,PROD_5,72.76,1,Europe,Web
ORD_3960,2023-07-23,CUST_328,PROD_36,972.63,3,Asia,Web
ORD_3961,2023-01-09,CUST_19,PROD_39,788.4,4,Europe,Mobile
ORD_3962,2023-11-15,CUST_371,PROD_60,1044.48,3,North America,Web
ORD_3963,2023-05-23,CUST_232,PROD_31,377.19,1,Europe,Mobile
ORD_3964,2023-04-08,CUST_107,PROD_51,289.26,3,Europe,Mobile
ORD_3965,2023-02-07,CUST_298,PROD_30,151.77,3,North America,Mobile
ORD_3966,2023-01-27,CUST_256,PROD_57,361.02,1,Europe,Mobile
ORD_3967,2023-10-09,CUST_415,PROD_13,886.77,3,Asia,Mobile
ORD_3968,2023-10-02,CUST_41,PROD_15,849.02,2,Europe,Web
ORD_3969,2023-09-05,CUST_263,PROD_28,738.08,2,Asia,Web
ORD_3970,2023-07-02,CUST_122,PROD_95,925.24,4,Europe,Mobile
ORD_3971,2023-06-28,CUST_125,PROD_14,365.91,3,North America,Mobile
ORD_3972,2023-07-25,CUST_327,PROD_46,1417.68,3,Asia,Web
ORD_3973,2023-01-22,CUST_481,PROD_70,72.78,2,North America,Web
ORD_3974,2023-10-04,CUST_279,PROD_19,437.72,2,Europe,Mobile
ORD_3975,2023-09-12,CUST_414,PROD_86,1420.62,3,North America,Mobile
ORD_3976,2023-04-08,CUST_373,PROD_56,873.8,4,North America,Mobile
ORD_3977,2023-05-03,CUST_144,PROD_42,671.16,3,Europe,Mobile
ORD_3978,2023-01-24,CUST_70,PROD_78,972.72,2,Europe,Mobile
ORD_3979,2023-12-26,CUST_82,PROD_16,436.58,1,Europe,Web
ORD_3980,2023-09-28,CUST_183,PROD_51,385.68,4,North America,Mobile
ORD_3981,2023-03-05,CUST_377,PROD_90,978.16,2,Europe,Mobile
ORD_3982,2023-08-03,CUST_310,PROD_57,361.02,1,Europe,Web
ORD_3983,2023-04-02,CUST_209,PROD_54,962.28,3,Europe,Mobile
ORD_3984,2023-01-27,CUST_62,PROD_89,35.54,2,Asia,Mobile
ORD_3985,2023-05-06,CUST_65,PROD_40,262.94,1,Asia,Mobile
ORD_3986,2023-04-24,CUST_232,PROD_57,361.02,1,Europe,Mobile
ORD_3987,2023-09-25,CUST_22,PROD_92,923.46,3,Asia,Web
ORD_3988,2023-08-14,CUST_325,PROD_99,1880.52,4,Asia,Web
ORD_3989,2023-04-11,CUST_72,PROD_11,176.57,1,North America,Mobile
ORD_3990,2023-03-01,CUST_136,PROD_73,374.76,3,North America,Web
ORD_3991,2023-03-23,CUST_4,PROD_83,645.7,2,North America,Mobile
ORD_3992,2023-01-14,CUST_182,PROD_11,353.14,2,Asia,Web
ORD_3993,2023-01-11,CUST_302,PROD_75,347.99,1,Asia,Web
ORD_3994,2023-01-22,CUST_341,PROD_98,581.52,2,North America,Mobile
ORD_3995,2023-09-15,CUST_196,PROD_86,568.25,2,Europe,Web
ORD_3996,2023-12-17,CUST_395,PROD_86,1420.62,3,Asia,Web
ORD_3997,2023-05-25,CUST_233,PROD_57,1444.08,4,Asia,Mobile
ORD_3998,2023-01-13,CUST_404,PROD_70,36.39,1,Europe,Mobile
ORD_3999,2023-05-31,CUST_232,PROD_78,1459.08,3,Europe,Mobile
ORD_4000,2023-10-23,CUST_226,PROD_71,65.41,1,Asia,Web
ORD_4001,2023-06-15,CUST_141,PROD_92,307.82,1,North America,Web
ORD_4002,2023-10-23,CUST_343,PROD_85,1467.63,3,Europe,Web
ORD_4003,2023-07-25,CUST_114,PROD_23,42.5,1,Asia,Web
ORD_4004,2023-09-24,CUST_408,PROD_42,447.44,2,Asia,Mobile
ORD_4005,2023-04-18,CUST_158,PROD_24,671.18,2,Europe,Mobile
ORD_4006,2023-04-18,CUST_16,PROD_50,1401.36,4,Europe,Web
ORD_4007,2023-06-28,CUST_418,PROD_46,472.56,1,Europe,Mobile
ORD_4008,2023-01-22,CUST_154,PROD_84,1193.64,3,Asia,Web
ORD_4009,2023-04-03,CUST_20,PROD_89,71.08,4,Europe,Web
ORD_4010,2023-05-19,CUST_10,PROD_16,436.58,1,Europe,Mobile
ORD_4011,2023-04-02,CUST_11,PROD_21,142.72,4,Asia,Web
ORD_4012,2023-02-09,CUST_405,PROD_63,211.92,4,North America,Mobile
ORD_4013,2023-04-16,CUST_23,PROD_63,211.92,4,North America,Web
ORD_4014,2023-03-12,CUST_318,PROD_57,1083.06,3,Europe,Web
ORD_4015,2023-09-24,CUST_47,PROD_31,905.26,4,Europe,Mobile
ORD_4016,2023-05-22,CUST_308,PROD_76,250.24,2,Europe,Mobile
ORD_4017,2023-01-02,CUST_454,PROD_45,438.3,2,North America,Mobile
ORD_4018,2023-09-02,CUST_460,PROD_51,289.26,3,Europe,Web
ORD_4019,2023-03-26,CUST_493,PROD_51,385.68,4,North America,Web
ORD_4020,2023-09-04,CUST_441,PROD_74,158.38,2,North America,Mobile
ORD_4021,2023-02-17,CUST_344,PROD_18,464.28,2,Europe,Web
ORD_4022,2023-07-18,CUST_409,PROD_57,649.84,3,Europe,Mobile
ORD_4023,2023-08-08,CUST_273,PROD_33,811.48,2,North America,Mobile
ORD_4024,2023-09-14,CUST_281,PROD_23,42.5,1,Europe,Mobile
ORD_4025,2023-12-21,CUST_165,PROD_86,1894.16,4,Europe,Web
ORD_4026,2023-12-04,CUST_466,PROD_14,121.97,1,North America,Web
ORD_4027,2023-12-07,CUST_404,PROD_88,243.84,4,Europe,Web
ORD_4028,2023-01-02,CUST_173,PROD_60,348.16,1,Asia,Mobile
ORD_4029,2023-05-20,CUST_193,PROD_25,240.52,4,Europe,Mobile
ORD_4030,2023-10-23,CUST_42,PROD_11,105.94,1,Europe,Web
ORD_4031,2023-12-04,CUST_410,PROD_96,204.08,1,Europe,Mobile
ORD_4032,2023-04-10,CUST_135,PROD_49,23.55,1,Europe,Mobile
ORD_4033,2023-01-28,CUST_336,PROD_2,287.52,2,Europe,Web
ORD_4034,2023-01-21,CUST_218,PROD_39,394.2,2,Europe,Web
ORD_4035,2023-11-12,CUST_202,PROD_36,324.21,1,North America,Mobile
ORD_4036,2023-02-18,CUST_269,PROD_54,962.28,3,Asia,Mobile
ORD_4037,2023-12-07,CUST_155,PROD_85,1956.84,4,North America,Web
ORD_4038,2023-03-16,CUST_174,PROD_63,52.98,1,North America,Mobile
ORD_4039,2023-10-29,CUST_84,PROD_58,280.32,3,Europe,Web
ORD_4040,2023-08-21,CUST_16,PROD_78,291.82,1,Europe,Mobile
ORD_4041,2023-05-31,CUST_288,PROD_67,203.04,4,Asia,Mobile
ORD_4042,2023-06-09,CUST_481,PROD_74,316.76,4,North America,Mobile
ORD_4043,2023-05-13,CUST_385,PROD_53,208.62,3,North America,Web
ORD_4044,2023-01-15,CUST_429,PROD_1,610.47,3,Europe,Mobile
ORD_4045,2023-12-23,CUST_227,PROD_48,1169.48,4,Asia,Web
ORD_4046,2023-05-23,CUST_307,PROD_72,670.8,2,Europe,Web
ORD_4047,2023-12-10,CUST_398,PROD_87,1925.12,4,Europe,Mobile
ORD_4048,2023-08-08,CUST_413,PROD_54,641.52,2,Asia,Web
ORD_4049,2023-11-08,CUST_95,PROD_81,1810.8,4,North America,Mobile
ORD_4050,2023-09-25,CUST_416,PROD_61,110.91,3,Europe,Mobile
ORD_4051,2023-07-06,CUST_441,PROD_46,472.56,1,North America,Mobile
ORD_4052,2023-07-17,CUST_394,PROD_100,1232.64,4,Europe,Web
ORD_4053,2023-05-27,CUST_76,PROD_9,34.44,2,Europe,Web
ORD_4054,2023-08-10,CUST_72,PROD_78,1459.08,3,North America,Mobile
ORD_4055,2023-03-19,CUST_224,PROD_96,408.16,2,North America,Web
ORD_4056,2023-03-27,CUST_77,PROD_89,17.77,1,Europe,Mobile
ORD_4057,2023-09-06,CUST_452,PROD_14,487.88,4,Europe,Web
ORD_4058,2023-08-15,CUST_243,PROD_40,788.82,3,Europe,Mobile
ORD_4059,2023-06-23,CUST_283,PROD_20,107.99,1,Europe,Mobile
ORD_4060,2023-03-12,CUST_31,PROD_44,1481.34,3,Europe,Web
ORD_4061,2023-11-28,CUST_442,PROD_14,243.94,2,Europe,Mobile
ORD_4062,2023-10-21,CUST_99,PROD_13,886.77,3,Europe,Web
ORD_4063,2023-09-15,CUST_89,PROD_7,973.12,4,Europe,Mobile
ORD_4064,2023-09-15,CUST_475,PROD_38,425.85,1,Europe,Web
ORD_4065,2023-01-13,CUST_140,PROD_3,1360.11,3,Europe,Mobile
ORD_4066,2023-10-05,CUST_244,PROD_86,947.08,2,North America,Mobile
ORD_4067,2023-12-05,CUST_354,PROD_21,21.41,1,Europe,Web
ORD_4068,2023-03-24,CUST_443,PROD_90,978.16,2,North America,Web
ORD_4069,2023-01-03,CUST_128,PROD_12,50.49,1,North America,Mobile
ORD_4070,2023-10-11,CUST_349,PROD_88,243.84,4,Europe,Web
ORD_4071,2023-04-07,CUST_77,PROD_93,341.51,1,Europe,Mobile
ORD_4072,2023-04-10,CUST_129,PROD_32,1457.67,3,Asia,Mobile
ORD_4073,2023-12-16,CUST_18,PROD_23,85.0,2,Europe,Web
ORD_4074,2023-12-01,CUST_251,PROD_20,431.96,4,Asia,Mobile
ORD_4075,2023-06-16,CUST_50,PROD_49,94.2,4,Europe,Web
ORD_4076,2023-10-11,CUST_113,PROD_19,656.59,3,Europe,Web
ORD_4077,2023-04-07,CUST_185,PROD_56,436.9,2,Asia,Web
ORD_4078,2023-01-27,CUST_389,PROD_14,365.91,3,Asia,Web
ORD_4079,2023-08-12,CUST_277,PROD_96,612.24,3,North America,Mobile
ORD_4080,2023-08-31,CUST_33,PROD_73,124.92,1,Europe,Web
ORD_4081,2023-06-17,CUST_241,PROD_59,1351.89,3,Europe,Web
ORD_4082,2023-09-16,CUST_466,PROD_76,500.48,4,North America,Web
ORD_4083,2023-08-21,CUST_438,PROD_58,93.44,1,Asia,Mobile
ORD_4084,2023-10-30,CUST_11,PROD_76,500.48,4,Asia,Web
ORD_4085,2023-11-20,CUST_20,PROD_67,203.04,4,Europe,Web
ORD_4086,2023-05-03,CUST_418,PROD_43,1913.64,4,Europe,Mobile
ORD_4087,2023-07-29,CUST_134,PROD_44,1185.07,4,Europe,Mobile
ORD_4088,2023-08-09,CUST_403,PROD_35,456.6,4,Asia,Mobile
ORD_4089,2023-10-19,CUST_107,PROD_54,962.28,3,Europe,Web
ORD_4090,2023-09-26,CUST_355,PROD_49,94.2,4,Europe,Web
ORD_4091,2023-12-09,CUST_137,PROD_97,314.02,2,Asia,Mobile
ORD_4092,2023-05-07,CUST_337,PROD_25,120.26,2,North America,Web
ORD_4093,2023-01-18,CUST_318,PROD_48,1169.48,4,Europe,Web
ORD_4094,2023-12-11,CUST_140,PROD_48,1169.48,4,Europe,Web
ORD_4095,2023-09-12,CUST_324,PROD_51,57.85,1,Europe,Web
ORD_4096,2023-03-16,CUST_2,PROD_95,925.24,4,North America,Web
ORD_4097,2023-10-17,CUST_218,PROD_26,472.46,3,Europe,Web
ORD_4098,2023-07-13,CUST_168,PROD_98,581.52,2,North America,Web
ORD_4099,2023-06-01,CUST_44,PROD_95,462.62,2,Europe,Mobile
ORD_4100,2023-07-27,CUST_299,PROD_42,268.46,2,Europe,Web
ORD_4101,2023-05-19,CUST_55,PROD_17,927.36,2,Asia,Mobile
ORD_4102,2023-10-28,CUST_452,PROD_70,36.39,1,Europe,Mobile
ORD_4103,2023-05-24,CUST_301,PROD_2,143.76,1,Asia,Web
ORD_4104,2023-05-27,CUST_475,PROD_86,1894.16,4,Europe,Web
ORD_4105,2023-01-13,CUST_357,PROD_75,1043.97,3,Asia,Mobile
ORD_4106,2023-06-28,CUST_77,PROD_73,374.76,3,Europe,Web
ORD_4107,2023-04-18,CUST_453,PROD_51,385.68,4,Asia,Mobile
ORD_4108,2023-04-18,CUST_175,PROD_29,254.52,2,Europe,Mobile
ORD_4109,2023-05-21,CUST_44,PROD_43,1435.23,3,Europe,Mobile
ORD_4110,2023-05-01,CUST_27,PROD_38,851.7,2,Europe,Mobile
ORD_4111,2023-10-19,CUST_480,PROD_41,1235.88,4,Europe,Web
ORD_4112,2023-11-12,CUST_292,PROD_70,87.34,4,Europe,Web
ORD_4113,2023-03-01,CUST_462,PROD_90,1467.24,3,Europe,Web
ORD_4114,2023-08-24,CUST_384,PROD_62,136.19,1,North America,Web
ORD_4115,2023-07-08,CUST_408,PROD_65,213.47,1,Asia,Mobile
ORD_4116,2023-05-18,CUST_193,PROD_36,648.42,2,Europe,Web
ORD_4117,2023-09-04,CUST_239,PROD_74,316.76,4,Asia,Web
ORD_4118,2023-04-23,CUST_401,PROD_6,133.1,1,Europe,Mobile
ORD_4119,2023-04-17,CUST_57,PROD_57,1444.08,4,Europe,Mobile
ORD_4120,2023-05-30,CUST_448,PROD_41,308.97,1,Europe,Web
ORD_4121,2023-01-07,CUST_112,PROD_95,693.93,3,Europe,Web
ORD_4122,2023-03-06,CUST_305,PROD_78,1459.08,3,Europe,Mobile
ORD_4123,2023-10-21,CUST_341,PROD_83,968.55,3,North America,Mobile
ORD_4124,2023-01-25,CUST_69,PROD_69,270.0,4,Europe,Mobile
ORD_4125,2023-09-20,CUST_295,PROD_31,1131.57,3,Asia,Web
ORD_4126,2023-09-01,CUST_218,PROD_67,101.52,2,Europe,Web
ORD_4127,2023-11-10,CUST_360,PROD_48,584.74,2,Asia,Mobile
ORD_4128,2023-12-16,CUST_67,PROD_4,941.56,2,Asia,Web
ORD_4129,2023-01-24,CUST_204,PROD_13,295.59,1,Europe,Mobile
ORD_4130,2023-01-16,CUST_274,PROD_71,65.41,1,Asia,Web
ORD_4131,2023-10-09,CUST_375,PROD_8,562.29,3,Asia,Mobile
ORD_4132,2023-10-13,CUST_317,PROD_6,532.4,4,Asia,Web
ORD_4133,2023-10-07,CUST_291,PROD_9,51.66,3,North America,Web
ORD_4134,2023-03-05,CUST_459,PROD_16,436.58,1,Asia,Mobile
ORD_4135,2023-08-24,CUST_19,PROD_36,194.53,1,Europe,Mobile
ORD_4136,2023-07-20,CUST_166,PROD_69,225.0,2,Asia,Mobile
ORD_4137,2023-04-11,CUST_349,PROD_15,424.51,1,Europe,Mobile
ORD_4138,2023-03-29,CUST_59,PROD_100,924.48,3,Asia,Web
ORD_4139,2023-07-13,CUST_179,PROD_96,408.16,2,Europe,Mobile
ORD_4140,2023-08-16,CUST_458,PROD_50,350.34,1,North America,Web
ORD_4141,2023-03-12,CUST_218,PROD_91,963.04,2,Europe,Mobile
ORD_4142,2023-09-13,CUST_177,PROD_61,110.91,3,Europe,Web
ORD_4143,2023-02-24,CUST_23,PROD_56,218.45,1,North America,Mobile
ORD_4144,2023-08-12,CUST_42,PROD_91,1155.65,4,Europe,Web
ORD_4145,2023-03-28,CUST_440,PROD_62,408.57,3,Asia,Web
ORD_4146,2023-08-10,CUST_11,PROD_29,127.26,1,Asia,Web
ORD_4147,2023-07-02,CUST_237,PROD_44,888.8,3,Europe,Mobile
ORD_4148,2023-05-17,CUST_126,PROD_95,925.24,4,North America,Mobile
ORD_4149,2023-07-21,CUST_122,PROD_14,487.88,4,Europe,Web
ORD_4150,2023-01-17,CUST_402,PROD_83,968.55,3,Europe,Mobile
ORD_4151,2023-03-25,CUST_62,PROD_49,23.55,1,Asia,Web
ORD_4152,2023-01-06,CUST_157,PROD_3,1360.11,3,Asia,Mobile
ORD_4153,2023-08-02,CUST_193,PROD_15,254.71,1,Europe,Mobile
ORD_4154,2023-05-30,CUST_407,PROD_82,436.12,2,Asia,Web
ORD_4155,2023-11-26,CUST_241,PROD_36,648.42,2,Europe,Web
ORD_4156,2023-02-22,CUST_353,PROD_22,1119.54,3,Asia,Mobile
ORD_4157,2023-01-11,CUST_258,PROD_16,873.16,2,Europe,Mobile
ORD_4158,2023-10-24,CUST_31,PROD_76,125.12,1,Europe,Web
ORD_4159,2023-09-20,CUST_155,PROD_55,913.84,4,North America,Web
ORD_4160,2023-12-29,CUST_467,PROD_25,180.39,3,Europe,Web
ORD_4161,2023-07-01,CUST_5,PROD_56,873.8,4,Europe,Mobile
ORD_4162,2023-12-29,CUST_188,PROD_63,52.98,1,North America,Web
ORD_4163,2023-12-23,CUST_246,PROD_40,525.88,2,North America,Web
ORD_4164,2023-12-16,CUST_10,PROD_31,1131.57,3,Europe,Mobile
ORD_4165,2023-09-22,CUST_340,PROD_24,805.42,4,Europe,Web
ORD_4166,2023-05-06,CUST_126,PROD_9,51.66,3,North America,Web
ORD_4167,2023-11-05,CUST_253,PROD_15,849.02,2,North America,Web
ORD_4168,2023-05-11,CUST_86,PROD_17,1391.04,3,Europe,Mobile
ORD_4169,2023-07-17,CUST_303,PROD_2,575.04,4,Asia,Mobile
ORD_4170,2023-05-17,CUST_209,PROD_88,182.88,3,Europe,Mobile
ORD_4171,2023-08-01,CUST_61,PROD_84,1591.52,4,Europe,Web
ORD_4172,2023-08-11,CUST_38,PROD_23,127.5,3,North America,Mobile
ORD_4173,2023-05-28,CUST_283,PROD_79,57.1,1,Europe,Web
ORD_4174,2023-11-26,CUST_488,PROD_96,367.34,3,Europe,Mobile
ORD_4175,2023-12-10,CUST_168,PROD_50,1401.36,4,North America,Web
ORD_4176,2023-09-06,CUST_146,PROD_65,640.41,3,Europe,Web
ORD_4177,2023-01-02,CUST_149,PROD_75,695.98,2,Europe,Web
ORD_4178,2023-05-03,CUST_259,PROD_67,50.76,1,Asia,Mobile
ORD_4179,2023-04-23,CUST_196,PROD_25,180.39,3,Europe,Web
ORD_4180,2023-01-06,CUST_359,PROD_27,1441.11,3,North America,Web
ORD_4181,2023-02-17,CUST_299,PROD_43,1435.23,3,Europe,Mobile
ORD_4182,2023-03-08,CUST_286,PROD_33,1217.22,3,Asia,Mobile
ORD_4183,2023-06-30,CUST_260,PROD_81,1810.8,4,Asia,Web
ORD_4184,2023-08-20,CUST_391,PROD_59,901.26,2,Europe,Mobile
ORD_4185,2023-06-03,CUST_388,PROD_38,1703.4,4,Asia,Web
ORD_4186,2023-01-26,CUST_34,PROD_42,134.23,1,Europe,Mobile
ORD_4187,2023-11-25,CUST_39,PROD_87,962.56,2,North America,Mobile
ORD_4188,2023-07-21,CUST_382,PROD_84,1591.52,4,North America,Web
ORD_4189,2023-09-30,CUST_25,PROD_73,124.92,1,North America,Web
ORD_4190,2023-09-14,CUST_60,PROD_100,369.79,2,Europe,Web
ORD_4191,2023-03-03,CUST_202,PROD_77,1299.48,3,North America,Web
ORD_4192,2023-06-03,CUST_474,PROD_99,1128.31,4,Europe,Web
ORD_4193,2023-04-29,CUST_106,PROD_6,399.3,3,North America,Web
ORD_4194,2023-09-08,CUST_1,PROD_68,118.92,1,Europe,Web
ORD_4195,2023-10-26,CUST_264,PROD_17,1391.04,3,Asia,Web
ORD_4196,2023-12-05,CUST_358,PROD_75,1391.96,4,Asia,Web
ORD_4197,2023-03-10,CUST_314,PROD_28,738.08,2,Europe,Mobile
ORD_4198,2023-10-27,CUST_135,PROD_30,50.59,1,Europe,Mobile
ORD_4199,2023-08-04,CUST_187,PROD_39,197.1,1,North America,Web
ORD_4200,2023-07-08,CUST_219,PROD_4,1883.12,4,North America,Web
ORD_4201,2023-01-21,CUST_116,PROD_65,213.47,1,Asia,Mobile
ORD_4202,2023-05-05,CUST_455,PROD_21,35.68,1,Europe,Mobile
ORD_4203,2023-05-30,CUST_291,PROD_18,696.42,3,North America,Web
ORD_4204,2023-05-28,CUST_280,PROD_77,866.32,2,Europe,Web
ORD_4205,2023-05-22,CUST_250,PROD_55,913.84,4,North America,Mobile
ORD_4206,2023-05-24,CUST_1,PROD_32,485.89,1,Europe,Web
ORD_4207,2023-07-22,CUST_408,PROD_20,107.99,1,Asia,Mobile
ORD_4208,2023-10-24,CUST_116,PROD_77,1732.64,4,Asia,Mobile
ORD_4209,2023-01-05,CUST_360,PROD_34,133.02,2,Asia,Mobile
ORD_4210,2023-06-27,CUST_29,PROD_92,307.82,1,Asia,Web
ORD_4211,2023-01-22,CUST_130,PROD_75,1391.96,4,Europe,Mobile
ORD_4212,2023-08-14,CUST_492,PROD_76,375.36,3,North America,Web
ORD_4213,2023-08-22,CUST_280,PROD_55,685.38,3,Europe,Mobile
ORD_4214,2023-12-21,CUST_61,PROD_49,47.1,2,Europe,Web
ORD_4215,2023-03-20,CUST_278,PROD_5,485.04,4,North America,Web
ORD_4216,2023-10-25,CUST_201,PROD_37,1197.67,4,Europe,Mobile
ORD_4217,2023-08-18,CUST_474,PROD_89,21.32,2,Europe,Mobile
ORD_4218,2023-07-10,CUST_72,PROD_58,186.88,2,North America,Mobile
ORD_4219,2023-04-01,CUST_269,PROD_82,436.12,2,Asia,Mobile
ORD_4220,2023-04-05,CUST_374,PROD_83,322.85,1,Europe,Web
ORD_4221,2023-09-10,CUST_247,PROD_36,324.21,1,North America,Mobile
ORD_4222,2023-09-18,CUST_380,PROD_37,998.06,2,Europe,Mobile
ORD_4223,2023-01-24,CUST_38,PROD_94,185.76,3,North America,Mobile
ORD_4224,2023-12-19,CUST_388,PROD_85,489.21,1,Asia,Mobile
ORD_4225,2023-05-18,CUST_413,PROD_95,693.93,3,Asia,Mobile
ORD_4226,2023-06-21,CUST_479,PROD_70,109.17,3,Europe,Web
ORD_4227,2023-06-07,CUST_336,PROD_41,1235.88,4,Europe,Mobile
ORD_4228,2023-06-19,CUST_225,PROD_89,71.08,4,Europe,Mobile
ORD_4229,2023-12-16,CUST_500,PROD_9,31.0,3,Europe,Mobile
ORD_4230,2023-05-08,CUST_232,PROD_72,335.4,1,Europe,Web
ORD_4231,2023-02-26,CUST_188,PROD_77,1299.48,3,North America,Mobile
ORD_4232,2023-09-09,CUST_92,PROD_68,237.84,2,Asia,Web
ORD_4233,2023-11-22,CUST_1,PROD_28,369.04,1,Europe,Mobile
ORD_4234,2023-12-22,CUST_154,PROD_59,901.26,2,Asia,Mobile
ORD_4235,2023-05-26,CUST_62,PROD_29,127.26,1,Asia,Web
ORD_4236,2023-01-17,CUST_14,PROD_84,1193.64,3,Europe,Mobile
ORD_4237,2023-12-21,CUST_141,PROD_74,79.19,1,North America,Mobile
ORD_4238,2023-06-15,CUST_497,PROD_54,641.52,2,Asia,Mobile
ORD_4239,2023-12-22,CUST_56,PROD_58,280.32,3,Europe,Web
ORD_4240,2023-05-12,CUST_102,PROD_28,738.08,2,Asia,Web
ORD_4241,2023-11-20,CUST_285,PROD_18,696.42,3,North America,Mobile
ORD_4242,2023-02-06,CUST_322,PROD_33,811.48,2,North America,Web
ORD_4243,2023-12-25,CUST_455,PROD_78,1945.44,4,Europe,Web
ORD_4244,2023-07-05,CUST_482,PROD_4,1883.12,4,Europe,Mobile
ORD_4245,2023-03-16,CUST_182,PROD_22,746.36,2,Asia,Mobile
ORD_4246,2023-10-10,CUST_231,PROD_12,201.96,4,Asia,Web
ORD_4247,2023-03-18,CUST_294,PROD_4,470.78,1,North America,Web
ORD_4248,2023-08-21,CUST_5,PROD_54,962.28,3,Europe,Mobile
ORD_4249,2023-06-12,CUST_340,PROD_9,68.88,4,Europe,Mobile
ORD_4250,2023-05-20,CUST_111,PROD_38,1703.4,4,Europe,Web
ORD_4251,2023-05-13,CUST_453,PROD_53,278.16,4,Asia,Mobile
ORD_4252,2023-07-07,CUST_146,PROD_80,826.74,2,Europe,Web
ORD_4253,2023-02-11,CUST_317,PROD_51,192.84,2,Asia,Web
ORD_4254,2023-05-22,CUST_413,PROD_74,79.19,1,Asia,Web
ORD_4255,2023-11-17,CUST_114,PROD_79,228.4,4,Asia,Web
ORD_4256,2023-03-31,CUST_423,PROD_66,347.73,1,Europe,Mobile
ORD_4257,2023-06-13,CUST_182,PROD_93,683.02,2,Asia,Web
ORD_4258,2023-06-06,CUST_224,PROD_97,471.03,3,North America,Web
ORD_4259,2023-12-09,CUST_308,PROD_68,285.41,4,Europe,Mobile
ORD_4260,2023-03-29,CUST_339,PROD_14,365.91,3,Asia,Web
ORD_4261,2023-04-22,CUST_155,PROD_26,787.44,3,North America,Web
ORD_4262,2023-04-28,CUST_407,PROD_71,196.23,3,Asia,Mobile
ORD_4263,2023-08-02,CUST_332,PROD_60,348.16,1,North America,Mobile
ORD_4264,2023-11-04,CUST_161,PROD_74,158.38,2,Asia,Web
ORD_4265,2023-03-30,CUST_73,PROD_57,1444.08,4,Asia,Mobile
ORD_4266,2023-02-04,CUST_312,PROD_21,71.36,2,Europe,Web
ORD_4267,2023-08-22,CUST_347,PROD_56,873.8,4,Europe,Web
ORD_4268,2023-07-02,CUST_486,PROD_93,683.02,2,Europe,Web
ORD_4269,2023-03-11,CUST_303,PROD_59,1802.52,4,Asia,Mobile
ORD_4270,2023-08-09,CUST_328,PROD_56,436.9,2,Asia,Mobile
ORD_4271,2023-01-30,CUST_286,PROD_14,365.91,3,Asia,Mobile
ORD_4272,2023-07-18,CUST_369,PROD_46,472.56,1,Europe,Mobile
ORD_4273,2023-12-12,CUST_485,PROD_81,1810.8,4,Asia,Mobile
ORD_4274,2023-12-06,CUST_192,PROD_99,1880.52,4,Europe,Mobile
ORD_4275,2023-08-07,CUST_229,PROD_3,906.74,2,North America,Web
ORD_4276,2023-02-16,CUST_168,PROD_5,485.04,4,North America,Mobile
ORD_4277,2023-10-28,CUST_455,PROD_42,268.46,2,Europe,Web
ORD_4278,2023-09-15,CUST_400,PROD_82,436.12,2,North America,Web
ORD_4279,2023-12-28,CUST_198,PROD_8,337.37,3,Europe,Web
ORD_4280,2023-03-12,CUST_52,PROD_35,228.3,2,Europe,Web
ORD_4281,2023-08-29,CUST_15,PROD_28,221.42,1,Europe,Web
ORD_4282,2023-07-02,CUST_30,PROD_4,941.56,2,Europe,Mobile
ORD_4283,2023-09-03,CUST_379,PROD_1,813.96,4,Europe,Mobile
ORD_4284,2023-12-14,CUST_219,PROD_20,107.99,1,North America,Web
ORD_4285,2023-05-31,CUST_480,PROD_25,60.13,1,Europe,Mobile
ORD_4286,2023-12-04,CUST_196,PROD_76,125.12,1,Europe,Mobile
ORD_4287,2023-07-08,CUST_219,PROD_8,749.72,4,North America,Mobile
ORD_4288,2023-08-27,CUST_147,PROD_18,928.56,4,North America,Web
ORD_4289,2023-05-07,CUST_77,PROD_48,350.84,2,Europe,Mobile
ORD_4290,2023-05-02,CUST_83,PROD_54,1283.04,4,Asia,Web
ORD_4291,2023-12-27,CUST_262,PROD_83,1291.4,4,Europe,Web
ORD_4292,2023-04-14,CUST_483,PROD_27,480.37,1,Europe,Mobile
ORD_4293,2023-08-09,CUST_46,PROD_44,987.56,2,Asia,Web
ORD_4294,2023-07-31,CUST_474,PROD_1,488.38,4,Europe,Web
ORD_4295,2023-04-19,CUST_203,PROD_24,335.59,1,Europe,Mobile
ORD_4296,2023-02-08,CUST_185,PROD_93,341.51,1,Asia,Mobile
ORD_4297,2023-04-06,CUST_152,PROD_96,204.08,1,Europe,Web
ORD_4298,2023-12-30,CUST_357,PROD_88,182.88,3,Asia,Mobile
ORD_4299,2023-07-14,CUST_375,PROD_24,671.18,2,Asia,Web
ORD_4300,2023-05-19,CUST_174,PROD_76,375.36,3,North America,Mobile
ORD_4301,2023-09-26,CUST_146,PROD_56,436.9,2,Europe,Web
ORD_4302,2023-07-01,CUST_149,PROD_68,71.35,1,Europe,Web
ORD_4303,2023-07-20,CUST_337,PROD_24,335.59,1,North America,Web
ORD_4304,2023-03-16,CUST_9,PROD_18,696.42,3,North America,Mobile
ORD_4305,2023-08-19,CUST_458,PROD_36,648.42,2,North America,Mobile
ORD_4306,2023-04-23,CUST_213,PROD_95,231.31,1,Asia,Web
ORD_4307,2023-04-26,CUST_305,PROD_83,322.85,1,Europe,Mobile
ORD_4308,2023-08-14,CUST_164,PROD_99,470.13,1,North America,Web
ORD_4309,2023-10-05,CUST_290,PROD_28,1476.16,4,North America,Web
ORD_4310,2023-11-08,CUST_372,PROD_69,450.0,4,North America,Web
ORD_4311,2023-10-17,CUST_10,PROD_98,581.52,2,Europe,Mobile
ORD_4312,2023-11-11,CUST_4,PROD_31,1131.57,3,North America,Web
ORD_4313,2023-04-03,CUST_422,PROD_19,364.77,1,Europe,Web
ORD_4314,2023-12-02,CUST_378,PROD_16,436.58,1,North America,Mobile
ORD_4315,2023-03-17,CUST_330,PROD_22,373.18,1,Europe,Web
ORD_4316,2023-09-17,CUST_79,PROD_6,532.4,4,Europe,Mobile
ORD_4317,2023-01-26,CUST_175,PROD_83,968.55,3,Europe,Mobile
ORD_4318,2023-12-31,CUST_340,PROD_28,221.42,1,Europe,Web
ORD_4319,2023-08-30,CUST_159,PROD_59,450.63,1,Europe,Web
ORD_4320,2023-05-11,CUST_395,PROD_15,1698.04,4,Asia,Web
ORD_4321,2023-06-10,CUST_380,PROD_99,940.26,2,Europe,Web
ORD_4322,2023-02-16,CUST_475,PROD_65,128.08,1,Europe,Web
ORD_4323,2023-07-31,CUST_318,PROD_71,156.98,4,Europe,Mobile
ORD_4324,2023-11-13,CUST_381,PROD_98,290.76,1,Europe,Mobile
ORD_4325,2023-02-17,CUST_139,PROD_98,290.76,1,Asia,Web
ORD_4326,2023-12-24,CUST_131,PROD_20,107.99,1,North America,Web
ORD_4327,2023-08-09,CUST_5,PROD_15,1698.04,4,Europe,Mobile
ORD_4328,2023-08-30,CUST_497,PROD_85,489.21,1,Asia,Web
ORD_4329,2023-02-15,CUST_459,PROD_59,1802.52,4,Asia,Web
ORD_4330,2023-07-24,CUST_299,PROD_67,152.28,3,Europe,Web
ORD_4331,2023-05-16,CUST_423,PROD_84,795.76,2,Europe,Mobile
ORD_4332,2023-02-04,CUST_308,PROD_5,242.52,2,Europe,Mobile
ORD_4333,2023-09-09,CUST_436,PROD_61,110.91,3,Europe,Web
ORD_4334,2023-12-22,CUST_296,PROD_40,1051.76,4,Europe,Mobile
ORD_4335,2023-07-30,CUST_29,PROD_40,788.82,3,Asia,Mobile
ORD_4336,2023-06-01,CUST_42,PROD_66,625.91,3,Europe,Mobile
ORD_4337,2023-09-16,CUST_62,PROD_46,1890.24,4,Asia,Web
ORD_4338,2023-03-13,CUST_43,PROD_28,738.08,2,North America,Web
ORD_4339,2023-03-13,CUST_363,PROD_36,1296.84,4,Europe,Mobile
ORD_4340,2023-03-17,CUST_98,PROD_88,243.84,4,Europe,Web
ORD_4341,2023-02-05,CUST_457,PROD_28,221.42,1,Europe,Mobile
ORD_4342,2023-10-22,CUST_138,PROD_12,100.98,2,Asia,Mobile
ORD_4343,2023-10-16,CUST_57,PROD_77,259.9,1,Europe,Mobile
ORD_4344,2023-01-15,CUST_395,PROD_61,147.88,4,Asia,Web
ORD_4345,2023-11-29,CUST_352,PROD_30,121.42,4,Europe,Web
ORD_4346,2023-02-17,CUST_92,PROD_53,208.62,3,Asia,Mobile
ORD_4347,2023-08-01,CUST_216,PROD_32,1166.14,4,Europe,Mobile
ORD_4348,2023-12-11,CUST_433,PROD_36,1296.84,4,Europe,Mobile
ORD_4349,2023-01-31,CUST_290,PROD_84,1193.64,3,North America,Web
ORD_4350,2023-06-16,CUST_168,PROD_24,335.59,1,North America,Mobile
ORD_4351,2023-08-15,CUST_123,PROD_42,671.16,3,Asia,Mobile
ORD_4352,2023-01-10,CUST_305,PROD_61,110.91,3,Europe,Mobile
ORD_4353,2023-08-12,CUST_426,PROD_29,509.04,4,Europe,Mobile
ORD_4354,2023-11-14,CUST_49,PROD_38,851.7,2,Asia,Web
ORD_4355,2023-03-23,CUST_106,PROD_47,239.04,1,North America,Mobile
ORD_4356,2023-04-11,CUST_328,PROD_58,186.88,2,Asia,Mobile
ORD_4357,2023-06-08,CUST_446,PROD_53,69.54,1,Europe,Web
ORD_4358,2023-08-14,CUST_105,PROD_73,499.68,4,Europe,Web
ORD_4359,2023-12-23,CUST_497,PROD_45,438.3,2,Asia,Web
ORD_4360,2023-07-10,CUST_207,PROD_88,182.88,3,Europe,Mobile
ORD_4361,2023-03-24,CUST_128,PROD_90,1956.32,4,North America,Web
ORD_4362,2023-03-13,CUST_245,PROD_20,129.59,2,Europe,Mobile
ORD_4363,2023-12-29,CUST_106,PROD_30,202.36,4,North America,Web
ORD_4364,2023-08-08,CUST_32,PROD_96,816.32,4,Asia,Web
ORD_4365,2023-08-22,CUST_65,PROD_84,795.76,2,Asia,Web
ORD_4366,2023-06-22,CUST_98,PROD_1,406.98,2,Europe,Mobile
ORD_4367,2023-07-28,CUST_174,PROD_82,872.24,4,North America,Web
ORD_4368,2023-10-25,CUST_24,PROD_76,250.24,2,Europe,Web
ORD_4369,2023-03-14,CUST_57,PROD_49,94.2,4,Europe,Web
ORD_4370,2023-02-11,CUST_45,PROD_60,1392.64,4,Asia,Mobile
ORD_4371,2023-06-10,CUST_15,PROD_13,591.18,2,Europe,Mobile
ORD_4372,2023-02-26,CUST_126,PROD_43,1435.23,3,North America,Mobile
ORD_4373,2023-12-29,CUST_298,PROD_89,71.08,4,North America,Web
ORD_4374,2023-12-19,CUST_331,PROD_86,1894.16,4,Asia,Mobile
ORD_4375,2023-02-23,CUST_53,PROD_89,42.65,4,Europe,Web
ORD_4376,2023-02-24,CUST_338,PROD_46,472.56,1,Europe,Web
ORD_4377,2023-02-20,CUST_260,PROD_55,685.38,3,Asia,Web
ORD_4378,2023-07-25,CUST_462,PROD_60,1392.64,4,Europe,Web
ORD_4379,2023-04-24,CUST_342,PROD_29,381.78,3,Europe,Web
ORD_4380,2023-02-22,CUST_57,PROD_54,962.28,3,Europe,Mobile
ORD_4381,2023-01-03,CUST_5,PROD_1,610.47,3,Europe,Web
ORD_4382,2023-09-03,CUST_69,PROD_22,746.36,2,Europe,Mobile
ORD_4383,2023-10-26,CUST_97,PROD_22,373.18,1,North America,Mobile
ORD_4384,2023-01-21,CUST_449,PROD_92,1231.28,4,Asia,Mobile
ORD_4385,2023-06-24,CUST_76,PROD_50,1051.02,3,Europe,Mobile
ORD_4386,2023-06-30,CUST_430,PROD_32,1457.67,3,Asia,Web
ORD_4387,2023-02-04,CUST_59,PROD_66,695.46,2,Asia,Mobile
ORD_4388,2023-05-26,CUST_89,PROD_56,655.35,3,Europe,Web
ORD_4389,2023-08-20,CUST_140,PROD_28,1107.12,3,Europe,Mobile
ORD_4390,2023-02-04,CUST_360,PROD_72,335.4,1,Asia,Mobile
ORD_4391,2023-07-13,CUST_204,PROD_9,20.66,2,Europe,Web
ORD_4392,2023-09-24,CUST_217,PROD_38,1277.55,3,North America,Mobile
ORD_4393,2023-08-11,CUST_59,PROD_20,107.99,1,Asia,Web
ORD_4394,2023-01-01,CUST_329,PROD_57,722.04,2,North America,Mobile
ORD_4395,2023-05-04,CUST_97,PROD_89,71.08,4,North America,Mobile
ORD_4396,2023-11-07,CUST_93,PROD_72,335.4,1,Europe,Web
ORD_4397,2023-01-31,CUST_146,PROD_93,1366.04,4,Europe,Web
ORD_4398,2023-02-05,CUST_331,PROD_68,118.92,1,Asia,Web
ORD_4399,2023-06-17,CUST_82,PROD_20,259.18,4,Europe,Web
ORD_4400,2023-04-20,CUST_490,PROD_95,231.31,1,North America,Mobile
ORD_4401,2023-06-11,CUST_482,PROD_13,886.77,3,Europe,Mobile
ORD_4402,2023-04-08,CUST_36,PROD_53,69.54,1,North America,Mobile
ORD_4403,2023-08-31,CUST_15,PROD_56,218.45,1,Europe,Web
ORD_4404,2023-08-31,CUST_247,PROD_61,36.97,1,North America,Mobile
ORD_4405,2023-10-30,CUST_97,PROD_73,249.84,2,North America,Mobile
ORD_4406,2023-07-29,CUST_194,PROD_89,35.54,2,Europe,Web
ORD_4407,2023-04-16,CUST_378,PROD_27,1921.48,4,North America,Mobile
ORD_4408,2023-07-21,CUST_86,PROD_24,335.59,1,Europe,Mobile
ORD_4409,2023-11-08,CUST_18,PROD_51,192.84,2,Europe,Web
ORD_4410,2023-07-17,CUST_70,PROD_28,369.04,1,Europe,Mobile
ORD_4411,2023-06-29,CUST_76,PROD_62,408.57,3,Europe,Web
ORD_4412,2023-04-25,CUST_316,PROD_92,615.64,2,North America,Mobile
ORD_4413,2023-12-30,CUST_465,PROD_81,1810.8,4,Asia,Mobile
ORD_4414,2023-06-07,CUST_88,PROD_81,452.7,1,Europe,Web
ORD_4415,2023-09-29,CUST_256,PROD_12,201.96,4,Europe,Mobile
ORD_4416,2023-07-19,CUST_159,PROD_12,50.49,1,Europe,Mobile
ORD_4417,2023-02-22,CUST_239,PROD_75,1391.96,4,Asia,Web
ORD_4418,2023-01-31,CUST_101,PROD_12,60.59,2,Europe,Mobile
ORD_4419,2023-01-03,CUST_247,PROD_20,215.98,2,North America,Mobile
ORD_4420,2023-03-25,CUST_494,PROD_37,1996.12,4,Asia,Mobile
ORD_4421,2024-01-01,CUST_374,PROD_6,79.86,1,Europe,Web
ORD_4422,2023-08-08,CUST_74,PROD_84,795.76,2,Europe,Mobile
ORD_4423,2023-02-05,CUST_207,PROD_52,431.42,2,Europe,Web
ORD_4424,2023-02-07,CUST_483,PROD_97,282.62,3,Europe,Mobile
ORD_4425,2023-06-03,CUST_437,PROD_80,1653.48,4,Europe,Web
ORD_4426,2023-05-03,CUST_291,PROD_31,754.38,2,North America,Mobile
ORD_4427,2023-06-06,CUST_329,PROD_36,648.42,2,North America,Web
ORD_4428,2023-08-06,CUST_131,PROD_69,450.0,4,North America,Mobile
ORD_4429,2023-10-14,CUST_259,PROD_4,1883.12,4,Asia,Mobile
ORD_4430,2023-06-02,CUST_437,PROD_25,120.26,2,Europe,Mobile
ORD_4431,2023-03-01,CUST_41,PROD_55,456.92,2,Europe,Mobile
ORD_4432,2023-09-05,CUST_56,PROD_75,1043.97,3,Europe,Web
ORD_4433,2023-04-07,CUST_426,PROD_82,261.67,2,Europe,Mobile
ORD_4434,2023-09-18,CUST_142,PROD_63,105.96,2,North America,Mobile
ORD_4435,2023-03-19,CUST_43,PROD_7,729.84,3,North America,Web
ORD_4436,2023-05-05,CUST_477,PROD_78,1459.08,3,Europe,Mobile
ORD_4437,2023-08-29,CUST_242,PROD_8,187.43,1,North America,Mobile
ORD_4438,2023-09-04,CUST_430,PROD_61,110.91,3,Asia,Mobile
ORD_4439,2023-01-27,CUST_368,PROD_96,204.08,1,North America,Web
ORD_4440,2023-12-08,CUST_148,PROD_96,204.08,1,Europe,Web
ORD_4441,2023-05-17,CUST_397,PROD_47,478.08,2,North America,Web
ORD_4442,2023-05-22,CUST_155,PROD_10,717.14,2,North America,Mobile
ORD_4443,2023-08-22,CUST_340,PROD_78,1459.08,3,Europe,Mobile
ORD_4444,2023-04-03,CUST_439,PROD_12,201.96,4,North America,Mobile
ORD_4445,2023-09-05,CUST_83,PROD_3,1360.11,3,Asia,Mobile
ORD_4446,2023-10-02,CUST_310,PROD_80,744.07,3,Europe,Mobile
ORD_4447,2023-09-05,CUST_12,PROD_95,462.62,2,Europe,Web
ORD_4448,2023-10-08,CUST_254,PROD_62,272.38,2,Europe,Mobile
ORD_4449,2023-11-07,CUST_174,PROD_18,464.28,2,North America,Web
ORD_4450,2023-08-15,CUST_495,PROD_21,71.36,2,Europe,Web
ORD_4451,2023-05-09,CUST_316,PROD_93,341.51,1,North America,Web
ORD_4452,2023-05-16,CUST_283,PROD_41,617.94,2,Europe,Mobile
ORD_4453,2023-05-12,CUST_466,PROD_62,544.76,4,North America,Mobile
ORD_4454,2023-11-05,CUST_500,PROD_8,374.86,2,Europe,Mobile
ORD_4455,2023-02-23,CUST_421,PROD_97,157.01,1,North America,Web
ORD_4456,2023-06-03,CUST_292,PROD_18,464.28,2,Europe,Web
ORD_4457,2023-01-26,CUST_3,PROD_58,280.32,3,Europe,Mobile
ORD_4458,2023-04-07,CUST_414,PROD_73,124.92,1,North America,Mobile
ORD_4459,2023-06-01,CUST_476,PROD_79,57.1,1,Europe,Web
ORD_4460,2023-09-10,CUST_364,PROD_44,1481.34,3,North America,Web
ORD_4461,2023-11-18,CUST_57,PROD_49,94.2,4,Europe,Web
ORD_4462,2023-12-06,CUST_95,PROD_39,394.2,2,North America,Web
ORD_4463,2023-11-28,CUST_186,PROD_88,243.84,4,Europe,Mobile
ORD_4464,2023-09-27,CUST_293,PROD_68,475.68,4,Europe,Web
ORD_4465,2023-04-07,CUST_168,PROD_21,142.72,4,North America,Mobile
ORD_4466,2023-03-24,CUST_202,PROD_99,1410.39,3,North America,Mobile
ORD_4467,2023-10-25,CUST_243,PROD_6,532.4,4,Europe,Mobile
ORD_4468,2023-09-05,CUST_356,PROD_42,134.23,1,Europe,Web
ORD_4469,2023-12-14,CUST_258,PROD_84,1591.52,4,Europe,Web
ORD_4470,2023-10-05,CUST_10,PROD_18,928.56,4,Europe,Web
ORD_4471,2023-07-27,CUST_26,PROD_2,287.52,2,Asia,Web
ORD_4472,2023-03-10,CUST_40,PROD_9,34.44,2,Europe,Web
ORD_4473,2023-08-05,CUST_24,PROD_66,695.46,2,Europe,Web
ORD_4474,2023-08-12,CUST_63,PROD_35,114.15,1,Europe,Web
ORD_4475,2023-08-17,CUST_103,PROD_42,223.72,1,Europe,Mobile
ORD_4476,2023-02-14,CUST_23,PROD_84,1591.52,4,North America,Web
ORD_4477,2023-11-12,CUST_499,PROD_40,631.06,4,Europe,Web
ORD_4478,2023-01-27,CUST_495,PROD_22,1492.72,4,Europe,Web
ORD_4479,2023-04-24,CUST_453,PROD_35,456.6,4,Asia,Mobile
ORD_4480,2023-05-28,CUST_457,PROD_83,774.84,4,Europe,Web
ORD_4481,2023-01-10,CUST_75,PROD_24,335.59,1,North America,Mobile
ORD_4482,2023-11-17,CUST_374,PROD_10,358.57,1,Europe,Mobile
ORD_4483,2023-01-21,CUST_60,PROD_62,272.38,2,Europe,Mobile
ORD_4484,2023-11-17,CUST_498,PROD_85,978.42,2,North America,Web
ORD_4485,2023-03-12,CUST_56,PROD_36,194.53,1,Europe,Web
ORD_4486,2023-02-04,CUST_466,PROD_43,478.41,1,North America,Web
ORD_4487,2023-08-14,CUST_497,PROD_3,1360.11,3,Asia,Web
ORD_4488,2023-06-21,CUST_375,PROD_36,324.21,1,Asia,Mobile
ORD_4489,2023-05-20,CUST_332,PROD_94,123.84,2,North America,Web
ORD_4490,2023-04-17,CUST_282,PROD_88,243.84,4,North America,Mobile
ORD_4491,2023-08-31,CUST_442,PROD_8,374.86,2,Europe,Mobile
ORD_4492,2023-01-03,CUST_5,PROD_90,586.9,2,Europe,Web
ORD_4493,2023-08-29,CUST_36,PROD_1,610.47,3,North America,Mobile
ORD_4494,2023-09-19,CUST_478,PROD_53,69.54,1,Asia,Mobile
ORD_4495,2023-04-20,CUST_209,PROD_28,885.7,4,Europe,Mobile
ORD_4496,2023-03-20,CUST_175,PROD_94,185.76,3,Europe,Mobile
ORD_4497,2023-10-04,CUST_338,PROD_52,862.84,4,Europe,Mobile
ORD_4498,2023-09-07,CUST_450,PROD_22,1119.54,3,Asia,Web
ORD_4499,2023-03-03,CUST_157,PROD_62,136.19,1,Asia,Mobile
ORD_4500,2023-03-22,CUST_293,PROD_7,291.94,2,Europe,Web
ORD_4501,2023-02-20,CUST_120,PROD_64,312.16,1,Europe,Web
ORD_4502,2023-08-21,CUST_142,PROD_35,114.15,1,North America,Web
ORD_4503,2023-10-19,CUST_185,PROD_83,968.55,3,Asia,Mobile
ORD_4504,2023-12-08,CUST_21,PROD_73,249.84,2,Europe,Mobile
ORD_4505,2023-09-14,CUST_378,PROD_26,1049.92,4,North America,Web
ORD_4506,2023-04-18,CUST_325,PROD_90,1467.24,3,Asia,Web
ORD_4507,2023-08-25,CUST_297,PROD_79,228.4,4,North America,Web
ORD_4508,2023-10-01,CUST_269,PROD_68,475.68,4,Asia,Web
ORD_4509,2023-04-01,CUST_262,PROD_14,292.73,4,Europe,Web
ORD_4510,2024-01-01,CUST_347,PROD_28,369.04,1,Europe,Mobile
ORD_4511,2023-06-20,CUST_366,PROD_62,544.76,4,North America,Web
ORD_4512,2023-01-08,CUST_458,PROD_53,208.62,3,North America,Web
ORD_4513,2023-08-06,CUST_142,PROD_9,34.44,2,North America,Web
ORD_4514,2023-02-03,CUST_168,PROD_8,374.86,2,North America,Web
ORD_4515,2023-11-06,CUST_368,PROD_19,1094.31,3,North America,Mobile
ORD_4516,2023-09-06,CUST_386,PROD_84,1193.64,3,North America,Web
ORD_4517,2023-12-07,CUST_149,PROD_48,1169.48,4,Europe,Web
ORD_4518,2023-12-12,CUST_424,PROD_74,158.38,2,Europe,Web
ORD_4519,2023-04-02,CUST_139,PROD_71,130.82,2,Asia,Mobile
ORD_4520,2023-11-27,CUST_313,PROD_22,373.18,1,North America,Web
ORD_4521,2023-03-31,CUST_28,PROD_60,1392.64,4,Asia,Mobile
ORD_4522,2023-08-04,CUST_61,PROD_84,795.76,2,Europe,Mobile
ORD_4523,2023-03-25,CUST_207,PROD_53,208.62,3,Europe,Web
ORD_4524,2023-06-04,CUST_353,PROD_98,290.76,1,Asia,Web
ORD_4525,2023-05-16,CUST_320,PROD_55,913.84,4,North America,Mobile
ORD_4526,2023-07-21,CUST_417,PROD_25,180.39,3,Asia,Mobile
ORD_4527,2023-06-13,CUST_389,PROD_90,489.08,1,Asia,Mobile
ORD_4528,2023-08-28,CUST_116,PROD_20,323.97,3,Asia,Web
ORD_4529,2023-10-25,CUST_389,PROD_49,70.65,3,Asia,Web
ORD_4530,2023-10-24,CUST_331,PROD_100,1232.64,4,Asia,Mobile
ORD_4531,2023-01-30,CUST_425,PROD_33,1622.96,4,Asia,Web
ORD_4532,2023-12-27,CUST_401,PROD_87,577.54,2,Europe,Mobile
ORD_4533,2023-06-10,CUST_120,PROD_49,47.1,2,Europe,Web
ORD_4534,2023-01-30,CUST_169,PROD_36,324.21,1,Asia,Mobile
ORD_4535,2023-08-04,CUST_111,PROD_57,361.02,1,Europe,Mobile
ORD_4536,2023-07-16,CUST_275,PROD_74,47.51,1,Europe,Web
ORD_4537,2023-09-09,CUST_255,PROD_59,450.63,1,Europe,Web
ORD_4538,2023-08-22,CUST_323,PROD_2,143.76,1,Asia,Web
ORD_4539,2023-04-17,CUST_271,PROD_34,266.04,4,Asia,Web
ORD_4540,2023-12-22,CUST_28,PROD_57,361.02,1,Asia,Web
ORD_4541,2023-12-25,CUST_307,PROD_20,323.97,3,Europe,Mobile
ORD_4542,2023-08-23,CUST_297,PROD_82,872.24,4,North America,Web
ORD_4543,2023-10-11,CUST_498,PROD_55,228.46,1,North America,Mobile
ORD_4544,2023-01-09,CUST_311,PROD_57,1444.08,4,Europe,Mobile
ORD_4545,2023-05-02,CUST_20,PROD_11,706.28,4,Europe,Mobile
ORD_4546,2023-08-26,CUST_259,PROD_49,70.65,3,Asia,Web
ORD_4547,2023-06-27,CUST_246,PROD_65,640.41,3,North America,Mobile
ORD_4548,2023-11-06,CUST_399,PROD_90,489.08,1,Europe,Web
ORD_4549,2023-01-02,CUST_472,PROD_10,358.57,1,North America,Mobile
ORD_4550,2023-01-27,CUST_217,PROD_63,52.98,1,North America,Mobile
ORD_4551,2023-10-30,CUST_476,PROD_99,940.26,2,Europe,Web
ORD_4552,2023-04-10,CUST_36,PROD_33,1217.22,3,North America,Web
ORD_4553,2023-01-09,CUST_312,PROD_9,34.44,2,Europe,Mobile
ORD_4554,2023-05-08,CUST_473,PROD_19,729.54,2,Europe,Mobile
ORD_4555,2023-03-14,CUST_475,PROD_42,894.88,4,Europe,Mobile
ORD_4556,2023-05-26,CUST_396,PROD_33,1622.96,4,North America,Web
ORD_4557,2023-03-10,CUST_52,PROD_53,208.62,3,Europe,Web
ORD_4558,2023-03-01,CUST_393,PROD_14,365.91,3,Europe,Mobile
ORD_4559,2023-09-17,CUST_284,PROD_34,66.51,1,Europe,Mobile
ORD_4560,2023-07-03,CUST_41,PROD_72,335.4,1,Europe,Mobile
ORD_4561,2023-11-27,CUST_130,PROD_7,437.9,3,Europe,Mobile
ORD_4562,2023-06-01,CUST_219,PROD_26,524.96,2,North America,Mobile
ORD_4563,2023-05-03,CUST_196,PROD_100,308.16,1,Europe,Mobile
ORD_4564,2023-11-10,CUST_18,PROD_97,314.02,2,Europe,Mobile
ORD_4565,2023-11-24,CUST_64,PROD_38,425.85,1,Europe,Mobile
ORD_4566,2023-07-12,CUST_447,PROD_42,447.44,2,North America,Mobile
ORD_4567,2023-07-22,CUST_260,PROD_68,475.68,4,Asia,Web
ORD_4568,2023-08-13,CUST_273,PROD_96,408.16,2,North America,Web
ORD_4569,2023-08-11,CUST_481,PROD_71,196.23,3,North America,Web
ORD_4570,2023-02-27,CUST_467,PROD_11,176.57,1,Europe,Web
ORD_4571,2023-12-29,CUST_458,PROD_54,320.76,1,North America,Mobile
ORD_4572,2023-02-07,CUST_166,PROD_83,1291.4,4,Asia,Mobile
ORD_4573,2023-03-14,CUST_160,PROD_80,826.74,2,North America,Mobile
ORD_4574,2023-10-30,CUST_290,PROD_56,655.35,3,North America,Web
ORD_4575,2023-06-12,CUST_223,PROD_38,1277.55,3,Asia,Mobile
ORD_4576,2023-05-11,CUST_64,PROD_32,485.89,1,Europe,Web
ORD_4577,2023-04-18,CUST_189,PROD_70,36.39,1,Asia,Web
ORD_4578,2023-12-01,CUST_291,PROD_35,228.3,2,North America,Web
ORD_4579,2023-11-10,CUST_14,PROD_11,176.57,1,Europe,Mobile
ORD_4580,2023-07-19,CUST_33,PROD_12,50.49,1,Europe,Mobile
ORD_4581,2023-05-23,CUST_194,PROD_34,79.81,2,Europe,Mobile
ORD_4582,2023-09-03,CUST_161,PROD_35,114.15,1,Asia,Web
ORD_4583,2023-03-10,CUST_295,PROD_86,1420.62,3,Asia,Mobile
ORD_4584,2023-06-30,CUST_426,PROD_74,316.76,4,Europe,Web
ORD_4585,2023-08-03,CUST_30,PROD_70,36.39,1,Europe,Mobile
ORD_4586,2023-10-30,CUST_162,PROD_60,208.9,1,Europe,Mobile
ORD_4587,2023-08-14,CUST_437,PROD_13,886.77,3,Europe,Web
ORD_4588,2023-07-30,CUST_479,PROD_65,213.47,1,Europe,Web
ORD_4589,2023-11-17,CUST_219,PROD_1,203.49,1,North America,Mobile
ORD_4590,2023-10-18,CUST_205,PROD_38,1277.55,3,Europe,Mobile
ORD_4591,2023-01-03,CUST_31,PROD_67,152.28,3,Europe,Mobile
ORD_4592,2023-09-18,CUST_497,PROD_32,1457.67,3,Asia,Web
ORD_4593,2023-12-23,CUST_224,PROD_47,956.16,4,North America,Web
ORD_4594,2023-12-13,CUST_215,PROD_81,905.4,2,Europe,Mobile
ORD_4595,2023-10-04,CUST_363,PROD_32,1943.56,4,Europe,Mobile
ORD_4596,2023-11-23,CUST_86,PROD_33,486.89,2,Europe,Mobile
ORD_4597,2023-11-06,CUST_142,PROD_14,487.88,4,North America,Web
ORD_4598,2023-10-31,CUST_1,PROD_13,591.18,2,Europe,Mobile
ORD_4599,2023-07-19,CUST_170,PROD_40,525.88,2,North America,Mobile
ORD_4600,2023-09-22,CUST_32,PROD_54,641.52,2,Asia,Mobile
ORD_4601,2023-11-09,CUST_270,PROD_61,110.91,3,Asia,Mobile
ORD_4602,2023-01-22,CUST_155,PROD_68,475.68,4,North America,Web
ORD_4603,2023-05-23,CUST_82,PROD_73,374.76,3,Europe,Web
ORD_4604,2023-08-22,CUST_86,PROD_82,436.12,2,Europe,Web
ORD_4605,2023-01-26,CUST_272,PROD_60,696.32,2,Europe,Web
ORD_4606,2023-12-06,CUST_134,PROD_46,1890.24,4,Europe,Mobile
ORD_4607,2023-10-28,CUST_452,PROD_35,342.45,3,Europe,Web
ORD_4608,2023-04-10,CUST_436,PROD_74,316.76,4,Europe,Mobile
ORD_4609,2023-08-13,CUST_138,PROD_6,133.1,1,Asia,Mobile
ORD_4610,2023-03-26,CUST_257,PROD_17,1854.72,4,Europe,Mobile
ORD_4611,2023-06-25,CUST_247,PROD_43,1913.64,4,North America,Web
ORD_4612,2023-11-25,CUST_342,PROD_76,500.48,4,Europe,Web
ORD_4613,2023-07-09,CUST_455,PROD_99,470.13,1,Europe,Mobile
ORD_4614,2023-06-05,CUST_463,PROD_74,237.57,3,Europe,Mobile
ORD_4615,2023-10-07,CUST_462,PROD_94,61.92,1,Europe,Web
ORD_4616,2023-01-15,CUST_34,PROD_28,1107.12,3,Europe,Mobile
ORD_4617,2023-08-03,CUST_288,PROD_3,1360.11,3,Asia,Web
ORD_4618,2023-05-17,CUST_294,PROD_12,151.47,3,North America,Web
ORD_4619,2023-07-25,CUST_28,PROD_10,1434.28,4,Asia,Web
ORD_4620,2023-03-14,CUST_56,PROD_34,66.51,1,Europe,Web
ORD_4621,2023-04-27,CUST_70,PROD_4,941.56,2,Europe,Mobile
ORD_4622,2023-02-14,CUST_221,PROD_54,1283.04,4,North America,Mobile
ORD_4623,2023-07-08,CUST_136,PROD_39,788.4,4,North America,Web
ORD_4624,2023-09-28,CUST_318,PROD_14,365.91,3,Europe,Mobile
ORD_4625,2023-09-09,CUST_37,PROD_27,1921.48,4,Asia,Web
ORD_4626,2023-12-08,CUST_157,PROD_79,171.3,3,Asia,Web
ORD_4627,2023-08-15,CUST_266,PROD_98,697.82,4,Europe,Web
ORD_4628,2023-12-07,CUST_184,PROD_44,493.78,1,Asia,Web
ORD_4629,2023-01-21,CUST_382,PROD_16,436.58,1,North America,Mobile
ORD_4630,2023-10-16,CUST_193,PROD_6,399.3,3,Europe,Mobile
ORD_4631,2023-10-22,CUST_2,PROD_98,1163.04,4,North America,Web
ORD_4632,2023-11-14,CUST_247,PROD_39,788.4,4,North America,Web
ORD_4633,2023-04-08,CUST_404,PROD_9,51.66,3,Europe,Mobile
ORD_4634,2023-08-01,CUST_406,PROD_70,72.78,2,North America,Web
ORD_4635,2023-09-21,CUST_489,PROD_29,509.04,4,North America,Web
ORD_4636,2023-08-22,CUST_341,PROD_20,107.99,1,North America,Mobile
ORD_4637,2023-04-06,CUST_395,PROD_72,1341.6,4,Asia,Web
ORD_4638,2023-05-03,CUST_407,PROD_69,225.0,2,Asia,Web
ORD_4639,2023-11-22,CUST_306,PROD_77,866.32,2,Europe,Mobile
ORD_4640,2023-11-07,CUST_286,PROD_11,176.57,1,Asia,Mobile
ORD_4641,2023-05-24,CUST_112,PROD_38,1277.55,3,Europe,Mobile
ORD_4642,2023-03-15,CUST_1,PROD_63,158.94,3,Europe,Mobile
ORD_4643,2023-03-20,CUST_376,PROD_91,963.04,2,Europe,Web
ORD_4644,2023-09-14,CUST_396,PROD_83,968.55,3,North America,Web
ORD_4645,2023-02-11,CUST_287,PROD_68,356.76,3,Europe,Mobile
ORD_4646,2023-10-28,CUST_102,PROD_11,176.57,1,Asia,Web
ORD_4647,2023-06-30,CUST_318,PROD_71,196.23,3,Europe,Web
ORD_4648,2023-12-04,CUST_473,PROD_76,75.07,1,Europe,Mobile
ORD_4649,2023-02-02,CUST_384,PROD_37,998.06,2,North America,Mobile
ORD_4650,2023-07-03,CUST_223,PROD_11,706.28,4,Asia,Web
ORD_4651,2023-08-30,CUST_311,PROD_43,1148.18,4,Europe,Web
ORD_4652,2023-10-04,CUST_47,PROD_30,151.77,3,Europe,Mobile
ORD_4653,2023-04-30,CUST_460,PROD_76,250.24,2,Europe,Mobile
ORD_4654,2023-07-18,CUST_253,PROD_16,1746.32,4,North America,Web
ORD_4655,2023-05-06,CUST_161,PROD_48,877.11,3,Asia,Web
ORD_4656,2023-01-06,CUST_162,PROD_67,152.28,3,Europe,Mobile
ORD_4657,2023-08-03,CUST_238,PROD_35,228.3,2,North America,Mobile
ORD_4658,2023-05-07,CUST_66,PROD_42,447.44,2,Asia,Web
ORD_4659,2023-09-02,CUST_216,PROD_32,971.78,2,Europe,Mobile
ORD_4660,2023-09-30,CUST_176,PROD_41,741.53,4,Europe,Mobile
ORD_4661,2023-08-12,CUST_176,PROD_96,612.24,3,Europe,Mobile
ORD_4662,2023-09-07,CUST_160,PROD_12,50.49,1,North America,Mobile
ORD_4663,2023-04-05,CUST_250,PROD_61,73.94,2,North America,Mobile
ORD_4664,2023-10-26,CUST_2,PROD_44,1481.34,3,North America,Mobile
ORD_4665,2023-01-16,CUST_182,PROD_87,1443.84,3,Asia,Web
ORD_4666,2023-11-12,CUST_178,PROD_59,450.63,1,Europe,Web
ORD_4667,2023-03-12,CUST_239,PROD_27,960.74,2,Asia,Web
ORD_4668,2023-09-18,CUST_216,PROD_35,114.15,1,Europe,Mobile
ORD_4669,2023-08-09,CUST_297,PROD_7,486.56,2,North America,Web
ORD_4670,2023-05-14,CUST_336,PROD_89,53.31,3,Europe,Mobile
ORD_4671,2023-02-10,CUST_422,PROD_22,746.36,2,Europe,Mobile
ORD_4672,2023-12-06,CUST_310,PROD_82,436.12,2,Europe,Web
ORD_4673,2023-11-17,CUST_243,PROD_39,197.1,1,Europe,Web
ORD_4674,2023-12-30,CUST_429,PROD_91,481.52,1,Europe,Mobile
ORD_4675,2023-03-17,CUST_390,PROD_24,1342.36,4,Asia,Mobile
ORD_4676,2023-01-16,CUST_216,PROD_8,562.29,3,Europe,Mobile
ORD_4677,2023-03-13,CUST_395,PROD_40,1051.76,4,Asia,Web
ORD_4678,2023-01-29,CUST_422,PROD_51,96.42,1,Europe,Mobile
ORD_4679,2023-12-16,CUST_33,PROD_25,240.52,4,Europe,Web
ORD_4680,2023-04-20,CUST_61,PROD_93,614.72,3,Europe,Mobile
ORD_4681,2023-12-29,CUST_359,PROD_34,133.02,2,North America,Mobile
ORD_4682,2023-06-18,CUST_39,PROD_24,671.18,2,North America,Mobile
ORD_4683,2023-06-23,CUST_406,PROD_40,525.88,2,North America,Mobile
ORD_4684,2023-06-12,CUST_275,PROD_40,788.82,3,Europe,Web
ORD_4685,2023-08-19,CUST_257,PROD_24,1342.36,4,Europe,Mobile
ORD_4686,2023-08-22,CUST_14,PROD_9,51.66,3,Europe,Mobile
ORD_4687,2023-03-04,CUST_275,PROD_44,987.56,2,Europe,Web
ORD_4688,2023-02-18,CUST_253,PROD_60,348.16,1,North America,Web
ORD_4689,2023-12-05,CUST_185,PROD_85,489.21,1,Asia,Mobile
ORD_4690,2023-10-05,CUST_384,PROD_99,940.26,2,North America,Web
ORD_4691,2023-07-12,CUST_421,PROD_87,962.56,2,North America,Web
ORD_4692,2023-12-22,CUST_440,PROD_21,71.36,2,Asia,Web
ORD_4693,2023-08-04,CUST_197,PROD_22,1119.54,3,Europe,Mobile
ORD_4694,2023-09-11,CUST_344,PROD_68,475.68,4,Europe,Mobile
ORD_4695,2023-03-10,CUST_166,PROD_58,373.76,4,Asia,Mobile
ORD_4696,2023-10-20,CUST_411,PROD_44,987.56,2,North America,Mobile
ORD_4697,2023-03-09,CUST_81,PROD_43,956.82,2,North America,Web
ORD_4698,2023-11-05,CUST_316,PROD_82,218.06,1,North America,Web
ORD_4699,2023-06-22,CUST_25,PROD_33,405.74,1,North America,Mobile
ORD_4700,2023-08-03,CUST_400,PROD_83,322.85,1,North America,Web
ORD_4701,2023-09-01,CUST_439,PROD_7,486.56,2,North America,Web
ORD_4702,2023-06-19,CUST_317,PROD_82,218.06,1,Asia,Mobile
ORD_4703,2023-06-12,CUST_288,PROD_84,1591.52,4,Asia,Web
ORD_4704,2023-11-01,CUST_326,PROD_71,261.64,4,Asia,Mobile
ORD_4705,2023-04-27,CUST_466,PROD_99,1410.39,3,North America,Mobile
ORD_4706,2023-03-05,CUST_221,PROD_35,456.6,4,North America,Mobile
ORD_4707,2023-06-17,CUST_149,PROD_46,283.54,1,Europe,Web
ORD_4708,2023-06-10,CUST_119,PROD_82,654.18,3,Asia,Mobile
ORD_4709,2023-11-12,CUST_456,PROD_84,397.88,1,Europe,Web
ORD_4710,2023-08-01,CUST_406,PROD_57,1444.08,4,North America,Web
ORD_4711,2023-07-12,CUST_78,PROD_30,121.42,4,Europe,Mobile
ORD_4712,2023-02-15,CUST_372,PROD_86,473.54,1,North America,Web
ORD_4713,2023-05-03,CUST_24,PROD_90,880.34,3,Europe,Web
ORD_4714,2023-05-31,CUST_323,PROD_16,436.58,1,Asia,Web
ORD_4715,2023-04-03,CUST_309,PROD_92,1231.28,4,North America,Web
ORD_4716,2023-10-07,CUST_382,PROD_3,1360.11,3,North America,Web
ORD_4717,2023-11-29,CUST_169,PROD_37,998.06,2,Asia,Web
ORD_4718,2023-05-24,CUST_233,PROD_79,57.1,1,Asia,Mobile
ORD_4719,2023-10-31,CUST_199,PROD_58,280.32,3,Asia,Web
ORD_4720,2023-05-26,CUST_321,PROD_52,862.84,4,North America,Mobile
ORD_4721,2023-03-03,CUST_363,PROD_83,1291.4,4,Europe,Mobile
ORD_4722,2023-08-15,CUST_99,PROD_69,270.0,4,Europe,Web
ORD_4723,2023-07-16,CUST_264,PROD_19,1094.31,3,Asia,Mobile
ORD_4724,2023-03-25,CUST_11,PROD_69,112.5,1,Asia,Mobile
ORD_4725,2023-03-05,CUST_489,PROD_19,1094.31,3,North America,Mobile
ORD_4726,2023-07-11,CUST_323,PROD_53,139.08,2,Asia,Mobile
ORD_4727,2023-12-04,CUST_343,PROD_17,1391.04,3,Europe,Mobile
ORD_4728,2023-04-29,CUST_5,PROD_2,287.52,2,Europe,Web
ORD_4729,2023-07-03,CUST_337,PROD_98,290.76,1,North America,Mobile
ORD_4730,2023-06-20,CUST_477,PROD_63,63.58,2,Europe,Mobile
ORD_4731,2023-07-08,CUST_267,PROD_15,1698.04,4,Europe,Web
ORD_4732,2023-12-05,CUST_45,PROD_84,1193.64,3,Asia,Mobile
ORD_4733,2023-10-16,CUST_398,PROD_34,199.53,3,Europe,Web
ORD_4734,2023-02-21,CUST_400,PROD_38,1277.55,3,North America,Mobile
ORD_4735,2023-07-19,CUST_13,PROD_26,262.48,1,North America,Web
ORD_4736,2023-01-09,CUST_70,PROD_38,425.85,1,Europe,Mobile
ORD_4737,2023-11-04,CUST_56,PROD_57,361.02,1,Europe,Web
ORD_4738,2023-11-06,CUST_234,PROD_21,142.72,4,North America,Mobile
ORD_4739,2023-04-24,CUST_449,PROD_56,655.35,3,Asia,Mobile
ORD_4740,2023-07-10,CUST_487,PROD_18,139.28,1,Europe,Web
ORD_4741,2023-11-05,CUST_142,PROD_37,1996.12,4,North America,Mobile
ORD_4742,2023-02-28,CUST_94,PROD_55,913.84,4,Europe,Web
ORD_4743,2023-09-22,CUST_183,PROD_47,956.16,4,North America,Web
ORD_4744,2023-12-21,CUST_200,PROD_88,182.88,3,Asia,Mobile
ORD_4745,2023-01-27,CUST_246,PROD_11,353.14,2,North America,Mobile
ORD_4746,2023-07-14,CUST_336,PROD_60,208.9,1,Europe,Web
ORD_4747,2024-01-01,CUST_194,PROD_23,42.5,1,Europe,Web
ORD_4748,2023-04-22,CUST_382,PROD_89,17.77,1,North America,Web
ORD_4749,2023-02-07,CUST_437,PROD_64,624.32,2,Europe,Web
ORD_4750,2023-07-17,CUST_172,PROD_19,1094.31,3,North America,Mobile
ORD_4751,2023-06-09,CUST_16,PROD_69,112.5,1,Europe,Web
ORD_4752,2023-07-11,CUST_240,PROD_32,971.78,2,North America,Mobile
ORD_4753,2023-06-23,CUST_363,PROD_5,72.76,1,Europe,Mobile
ORD_4754,2023-09-14,CUST_238,PROD_45,876.6,4,North America,Mobile
ORD_4755,2023-10-25,CUST_407,PROD_71,196.23,3,Asia,Web
ORD_4756,2023-11-18,CUST_422,PROD_83,322.85,1,Europe,Mobile
ORD_4757,2023-08-07,CUST_261,PROD_30,151.77,3,Europe,Web
ORD_4758,2023-02-02,CUST_4,PROD_3,453.37,1,North America,Web
ORD_4759,2023-10-25,CUST_445,PROD_33,811.48,2,Asia,Web
ORD_4760,2023-08-13,CUST_142,PROD_61,73.94,2,North America,Mobile
ORD_4761,2023-12-17,CUST_189,PROD_44,493.78,1,Asia,Web
ORD_4762,2023-01-12,CUST_455,PROD_58,373.76,4,Europe,Mobile
ORD_4763,2023-10-18,CUST_214,PROD_33,1622.96,4,North America,Mobile
ORD_4764,2023-12-12,CUST_129,PROD_47,478.08,2,Asia,Web
ORD_4765,2023-06-04,CUST_228,PROD_13,295.59,1,North America,Mobile
ORD_4766,2023-03-23,CUST_321,PROD_97,157.01,1,North America,Web
ORD_4767,2023-03-09,CUST_376,PROD_17,927.36,2,Europe,Mobile
ORD_4768,2023-05-28,CUST_185,PROD_79,114.2,2,Asia,Web
ORD_4769,2023-04-08,CUST_477,PROD_30,50.59,1,Europe,Web
ORD_4770,2023-03-20,CUST_460,PROD_56,873.8,4,Europe,Web
ORD_4771,2023-09-26,CUST_275,PROD_19,1094.31,3,Europe,Mobile
ORD_4772,2023-03-06,CUST_223,PROD_94,247.68,4,Asia,Mobile
ORD_4773,2023-08-30,CUST_426,PROD_77,1299.48,3,Europe,Web
ORD_4774,2023-07-01,CUST_465,PROD_75,347.99,1,Asia,Web
ORD_4775,2023-02-10,CUST_102,PROD_15,1273.53,3,Asia,Web
ORD_4776,2023-08-10,CUST_84,PROD_7,437.9,3,Europe,Mobile
ORD_4777,2023-12-20,CUST_159,PROD_80,1653.48,4,Europe,Web
ORD_4778,2023-10-30,CUST_86,PROD_40,631.06,4,Europe,Web
ORD_4779,2023-09-24,CUST_174,PROD_55,913.84,4,North America,Web
ORD_4780,2023-02-25,CUST_450,PROD_86,1894.16,4,Asia,Web
ORD_4781,2023-03-02,CUST_52,PROD_51,173.56,3,Europe,Web
ORD_4782,2023-07-29,CUST_427,PROD_88,121.92,2,North America,Web
ORD_4783,2023-08-03,CUST_457,PROD_97,628.04,4,Europe,Web
ORD_4784,2023-02-23,CUST_137,PROD_84,397.88,1,Asia,Web
ORD_4785,2023-06-10,CUST_476,PROD_30,101.18,2,Europe,Mobile
ORD_4786,2023-09-29,CUST_299,PROD_32,1943.56,4,Europe,Web
ORD_4787,2023-10-16,CUST_276,PROD_95,925.24,4,North America,Mobile
ORD_4788,2023-10-02,CUST_198,PROD_1,813.96,4,Europe,Web
ORD_4789,2023-08-16,CUST_438,PROD_97,471.03,3,Asia,Mobile
ORD_4790,2023-05-28,CUST_497,PROD_80,413.37,1,Asia,Web
ORD_4791,2023-03-05,CUST_442,PROD_100,739.58,4,Europe,Web
ORD_4792,2023-07-14,CUST_121,PROD_98,872.28,3,Europe,Web
ORD_4793,2023-11-19,CUST_236,PROD_33,405.74,1,North America,Web
ORD_4794,2023-10-21,CUST_219,PROD_69,112.5,1,North America,Mobile
ORD_4795,2023-09-09,CUST_185,PROD_86,473.54,1,Asia,Web
ORD_4796,2023-10-24,CUST_345,PROD_53,278.16,4,Europe,Web
ORD_4797,2023-07-24,CUST_198,PROD_29,76.36,1,Europe,Web
ORD_4798,2023-03-22,CUST_278,PROD_22,746.36,2,North America,Web
ORD_4799,2023-05-12,CUST_3,PROD_66,1390.92,4,Europe,Web
ORD_4800,2023-11-07,CUST_83,PROD_11,529.71,3,Asia,Web
ORD_4801,2023-11-11,CUST_379,PROD_52,862.84,4,Europe,Web
ORD_4802,2023-11-22,CUST_8,PROD_76,375.36,3,Europe,Mobile
ORD_4803,2023-08-01,CUST_195,PROD_60,1392.64,4,Europe,Web
ORD_4804,2023-05-09,CUST_123,PROD_86,1894.16,4,Asia,Web
ORD_4805,2023-11-02,CUST_216,PROD_95,693.93,3,Europe,Web
ORD_4806,2023-07-08,CUST_466,PROD_86,1894.16,4,North America,Mobile
ORD_4807,2023-11-20,CUST_130,PROD_79,228.4,4,Europe,Mobile
ORD_4808,2023-04-05,CUST_263,PROD_50,350.34,1,Asia,Web
ORD_4809,2023-06-29,CUST_393,PROD_56,873.8,4,Europe,Mobile
ORD_4810,2023-04-11,CUST_239,PROD_1,406.98,2,Asia,Mobile
ORD_4811,2023-04-24,CUST_211,PROD_62,272.38,2,Europe,Web
ORD_4812,2023-07-07,CUST_398,PROD_78,486.36,1,Europe,Web
ORD_4813,2023-12-05,CUST_63,PROD_11,706.28,4,Europe,Web
ORD_4814,2023-01-21,CUST_55,PROD_82,654.18,3,Asia,Mobile
ORD_4815,2023-07-18,CUST_402,PROD_30,101.18,2,Europe,Web
ORD_4816,2023-01-10,CUST_445,PROD_79,57.1,1,Asia,Web
ORD_4817,2023-01-02,CUST_384,PROD_38,425.85,1,North America,Mobile
ORD_4818,2023-09-05,CUST_338,PROD_34,199.53,3,Europe,Web
ORD_4819,2023-10-16,CUST_174,PROD_97,471.03,3,North America,Web
ORD_4820,2023-10-06,CUST_83,PROD_18,696.42,3,Asia,Mobile
ORD_4821,2023-03-26,CUST_315,PROD_41,1235.88,4,Europe,Mobile
ORD_4822,2023-01-21,CUST_104,PROD_97,94.21,1,Europe,Mobile
ORD_4823,2023-02-03,CUST_210,PROD_61,73.94,2,Europe,Mobile
ORD_4824,2023-11-08,CUST_176,PROD_78,1945.44,4,Europe,Web
ORD_4825,2023-10-18,CUST_110,PROD_90,1956.32,4,North America,Web
ORD_4826,2023-12-30,CUST_454,PROD_70,72.78,2,North America,Web
ORD_4827,2023-07-04,CUST_135,PROD_48,584.74,2,Europe,Mobile
ORD_4828,2023-03-17,CUST_144,PROD_87,481.28,1,Europe,Mobile
ORD_4829,2023-02-28,CUST_64,PROD_13,591.18,2,Europe,Web
ORD_4830,2023-05-31,CUST_212,PROD_20,323.97,3,Asia,Web
ORD_4831,2023-04-16,CUST_380,PROD_36,389.05,2,Europe,Mobile
ORD_4832,2023-10-28,CUST_485,PROD_98,1163.04,4,Asia,Web
ORD_4833,2023-04-14,CUST_19,PROD_95,462.62,2,Europe,Web
ORD_4834,2023-11-08,CUST_84,PROD_62,408.57,3,Europe,Mobile
ORD_4835,2023-05-17,CUST_423,PROD_8,562.29,3,Europe,Mobile
ORD_4836,2023-12-10,CUST_333,PROD_75,1043.97,3,Europe,Mobile
ORD_4837,2023-04-07,CUST_226,PROD_18,232.14,1,Asia,Web
ORD_4838,2023-05-27,CUST_262,PROD_93,204.91,1,Europe,Web
ORD_4839,2023-03-06,CUST_169,PROD_66,1043.19,3,Asia,Web
ORD_4840,2023-07-30,CUST_271,PROD_18,464.28,2,Asia,Web
ORD_4841,2023-07-20,CUST_74,PROD_58,93.44,1,Europe,Web
ORD_4842,2023-04-03,CUST_225,PROD_51,289.26,3,Europe,Web
ORD_4843,2023-12-29,CUST_127,PROD_87,1925.12,4,North America,Mobile
ORD_4844,2023-08-15,CUST_121,PROD_97,314.02,2,Europe,Web
ORD_4845,2023-01-20,CUST_184,PROD_30,202.36,4,Asia,Mobile
ORD_4846,2023-02-05,CUST_104,PROD_61,36.97,1,Europe,Web
ORD_4847,2023-02-07,CUST_341,PROD_84,1193.64,3,North America,Mobile
ORD_4848,2023-01-29,CUST_191,PROD_75,1391.96,4,Asia,Mobile
ORD_4849,2023-02-08,CUST_184,PROD_41,308.97,1,Asia,Mobile
ORD_4850,2023-02-06,CUST_404,PROD_19,1094.31,3,Europe,Web
ORD_4851,2023-07-28,CUST_297,PROD_59,450.63,1,North America,Web
ORD_4852,2023-05-10,CUST_466,PROD_11,529.71,3,North America,Web
ORD_4853,2023-11-29,CUST_98,PROD_24,201.35,1,Europe,Mobile
ORD_4854,2023-11-11,CUST_387,PROD_32,1943.56,4,Europe,Web
ORD_4855,2023-06-08,CUST_134,PROD_83,645.7,2,Europe,Web
ORD_4856,2023-06-03,CUST_92,PROD_48,1169.48,4,Asia,Web
ORD_4857,2023-05-10,CUST_320,PROD_54,320.76,1,North America,Mobile
ORD_4858,2023-06-25,CUST_145,PROD_97,376.82,4,Europe,Mobile
ORD_4859,2023-11-23,CUST_138,PROD_29,254.52,2,Asia,Web
ORD_4860,2023-07-22,CUST_204,PROD_10,717.14,2,Europe,Web
ORD_4861,2023-11-23,CUST_265,PROD_51,96.42,1,North America,Mobile
ORD_4862,2023-10-19,CUST_329,PROD_15,849.02,2,North America,Mobile
ORD_4863,2023-01-20,CUST_383,PROD_85,1956.84,4,Asia,Web
ORD_4864,2023-01-30,CUST_489,PROD_79,57.1,1,North America,Mobile
ORD_4865,2023-05-23,CUST_240,PROD_74,237.57,3,North America,Web
ORD_4866,2023-05-07,CUST_312,PROD_77,519.79,2,Europe,Mobile
ORD_4867,2023-02-17,CUST_379,PROD_38,1703.4,4,Europe,Web
ORD_4868,2023-02-13,CUST_442,PROD_9,68.88,4,Europe,Web
ORD_4869,2023-12-05,CUST_146,PROD_55,685.38,3,Europe,Mobile
ORD_4870,2023-02-18,CUST_113,PROD_49,94.2,4,Europe,Web
ORD_4871,2023-09-28,CUST_219,PROD_92,615.64,2,North America,Mobile
ORD_4872,2023-09-26,CUST_179,PROD_51,385.68,4,Europe,Web
ORD_4873,2023-08-27,CUST_478,PROD_27,1441.11,3,Asia,Mobile
ORD_4874,2023-08-24,CUST_397,PROD_44,493.78,1,North America,Web
ORD_4875,2023-03-21,CUST_330,PROD_83,1291.4,4,Europe,Mobile
ORD_4876,2023-02-09,CUST_150,PROD_29,127.26,1,Europe,Mobile
ORD_4877,2023-12-08,CUST_276,PROD_42,447.44,2,North America,Mobile
ORD_4878,2023-10-23,CUST_18,PROD_83,193.71,1,Europe,Web
ORD_4879,2023-06-29,CUST_323,PROD_66,1390.92,4,Asia,Web
ORD_4880,2023-07-09,CUST_116,PROD_59,1802.52,4,Asia,Web
ORD_4881,2023-09-19,CUST_439,PROD_84,1193.64,3,North America,Web
ORD_4882,2023-07-24,CUST_74,PROD_19,364.77,1,Europe,Mobile
ORD_4883,2023-02-05,CUST_205,PROD_27,1441.11,3,Europe,Mobile
ORD_4884,2023-02-07,CUST_130,PROD_10,1075.71,3,Europe,Web
ORD_4885,2023-07-19,CUST_435,PROD_30,202.36,4,North America,Web
ORD_4886,2023-06-27,CUST_368,PROD_28,1107.12,3,North America,Mobile
ORD_4887,2023-03-17,CUST_490,PROD_14,121.97,1,North America,Web
ORD_4888,2023-06-30,CUST_483,PROD_23,42.5,1,Europe,Mobile
ORD_4889,2023-06-18,CUST_44,PROD_20,323.97,3,Europe,Mobile
ORD_4890,2023-03-10,CUST_36,PROD_5,121.26,1,North America,Mobile
ORD_4891,2023-04-23,CUST_464,PROD_7,486.56,2,Asia,Web
ORD_4892,2023-06-19,CUST_466,PROD_13,1182.36,4,North America,Web
ORD_4893,2023-11-29,CUST_62,PROD_9,68.88,4,Asia,Mobile
ORD_4894,2023-01-23,CUST_373,PROD_39,591.3,3,North America,Mobile
ORD_4895,2023-06-16,CUST_388,PROD_18,928.56,4,Asia,Web
ORD_4896,2023-04-15,CUST_390,PROD_13,591.18,2,Asia,Mobile
ORD_4897,2023-11-21,CUST_441,PROD_91,481.52,1,North America,Mobile
ORD_4898,2023-12-12,CUST_440,PROD_87,962.56,2,Asia,Mobile
ORD_4899,2023-05-12,CUST_493,PROD_87,1925.12,4,North America,Web
ORD_4900,2023-07-12,CUST_291,PROD_83,645.7,2,North America,Mobile
ORD_4901,2023-02-03,CUST_185,PROD_59,901.26,2,Asia,Mobile
ORD_4902,2023-01-26,CUST_387,PROD_8,374.86,2,Europe,Web
ORD_4903,2023-11-29,CUST_388,PROD_39,197.1,1,Asia,Mobile
ORD_4904,2023-04-21,CUST_154,PROD_82,218.06,1,Asia,Web
ORD_4905,2023-08-19,CUST_171,PROD_93,1024.53,3,Asia,Mobile
ORD_4906,2023-02-09,CUST_380,PROD_36,1296.84,4,Europe,Mobile
ORD_4907,2023-05-29,CUST_400,PROD_34,199.53,3,North America,Web
ORD_4908,2023-04-04,CUST_140,PROD_50,420.41,2,Europe,Mobile
ORD_4909,2023-01-06,CUST_322,PROD_23,170.0,4,North America,Mobile
ORD_4910,2023-06-03,CUST_216,PROD_53,278.16,4,Europe,Web
ORD_4911,2023-08-30,CUST_451,PROD_98,174.46,1,Europe,Mobile
ORD_4912,2023-06-17,CUST_194,PROD_43,956.82,2,Europe,Mobile
ORD_4913,2023-02-25,CUST_281,PROD_38,1703.4,4,Europe,Mobile
ORD_4914,2023-09-17,CUST_269,PROD_29,127.26,1,Asia,Mobile
ORD_4915,2023-03-11,CUST_418,PROD_93,1024.53,3,Europe,Mobile
ORD_4916,2023-10-22,CUST_313,PROD_86,1894.16,4,North America,Mobile
ORD_4917,2023-03-04,CUST_255,PROD_30,202.36,4,Europe,Mobile
ORD_4918,2023-08-09,CUST_310,PROD_18,928.56,4,Europe,Web
ORD_4919,2023-03-19,CUST_295,PROD_59,1351.89,3,Asia,Mobile
ORD_4920,2023-03-10,CUST_152,PROD_88,73.15,2,Europe,Mobile
ORD_4921,2023-02-17,CUST_137,PROD_54,320.76,1,Asia,Web
ORD_4922,2023-11-05,CUST_435,PROD_76,500.48,4,North America,Mobile
ORD_4923,2023-11-07,CUST_143,PROD_83,1291.4,4,Europe,Mobile
ORD_4924,2023-06-08,CUST_27,PROD_2,287.52,2,Europe,Mobile
ORD_4925,2023-11-25,CUST_79,PROD_26,524.96,2,Europe,Mobile
ORD_4926,2023-05-19,CUST_418,PROD_15,1273.53,3,Europe,Web
ORD_4927,2023-10-16,CUST_303,PROD_56,436.9,2,Asia,Mobile
ORD_4928,2023-08-19,CUST_358,PROD_6,399.3,3,Asia,Web
ORD_4929,2023-08-28,CUST_233,PROD_54,962.28,3,Asia,Web
ORD_4930,2023-08-25,CUST_432,PROD_17,1854.72,4,Europe,Web
ORD_4931,2023-09-22,CUST_326,PROD_2,431.28,3,Asia,Mobile
ORD_4932,2023-09-16,CUST_374,PROD_82,261.67,2,Europe,Web
ORD_4933,2023-08-25,CUST_278,PROD_46,1890.24,4,North America,Web
ORD_4934,2023-06-30,CUST_290,PROD_95,925.24,4,North America,Mobile
ORD_4935,2023-04-11,CUST_177,PROD_66,695.46,2,Europe,Web
ORD_4936,2023-05-13,CUST_6,PROD_45,438.3,2,Europe,Mobile
ORD_4937,2023-09-17,CUST_66,PROD_55,913.84,4,Asia,Mobile
ORD_4938,2023-06-26,CUST_247,PROD_53,69.54,1,North America,Web
ORD_4939,2023-03-19,CUST_443,PROD_95,231.31,1,North America,Mobile
ORD_4940,2023-09-23,CUST_177,PROD_54,1283.04,4,Europe,Mobile
ORD_4941,2023-01-31,CUST_30,PROD_43,861.14,3,Europe,Web
ORD_4942,2023-07-16,CUST_271,PROD_90,1467.24,3,Asia,Web
ORD_4943,2023-05-14,CUST_334,PROD_23,85.0,2,Europe,Mobile
ORD_4944,2023-11-18,CUST_337,PROD_28,1107.12,3,North America,Mobile
ORD_4945,2023-12-17,CUST_207,PROD_72,670.8,2,Europe,Web
ORD_4946,2023-08-23,CUST_147,PROD_14,487.88,4,North America,Mobile
ORD_4947,2023-01-15,CUST_300,PROD_95,925.24,4,Europe,Web
ORD_4948,2023-10-22,CUST_472,PROD_19,729.54,2,North America,Mobile
ORD_4949,2023-03-03,CUST_372,PROD_86,1894.16,4,North America,Web
ORD_4950,2023-12-29,CUST_284,PROD_9,51.66,3,Europe,Web
ORD_4951,2023-02-24,CUST_346,PROD_27,1921.48,4,Asia,Mobile
ORD_4952,2023-09-08,CUST_310,PROD_19,729.54,2,Europe,Web
ORD_4953,2023-05-19,CUST_166,PROD_86,473.54,1,Asia,Web
ORD_4954,2023-06-14,CUST_268,PROD_92,1231.28,4,Asia,Web
ORD_4955,2023-03-22,CUST_71,PROD_17,927.36,2,Asia,Mobile
ORD_4956,2023-10-14,CUST_89,PROD_14,487.88,4,Europe,Mobile
ORD_4957,2023-09-29,CUST_345,PROD_86,947.08,2,Europe,Mobile
ORD_4958,2023-03-25,CUST_383,PROD_38,1703.4,4,Asia,Mobile
ORD_4959,2023-01-27,CUST_418,PROD_70,21.83,1,Europe,Web
ORD_4960,2023-03-24,CUST_394,PROD_95,277.57,2,Europe,Web
ORD_4961,2023-03-31,CUST_25,PROD_89,71.08,4,North America,Mobile
ORD_4962,2023-08-08,CUST_491,PROD_23,51.0,2,Europe,Mobile
ORD_4963,2023-01-18,CUST_381,PROD_62,272.38,2,Europe,Mobile
ORD_4964,2023-07-31,CUST_268,PROD_61,73.94,2,Asia,Web
ORD_4965,2023-01-12,CUST_233,PROD_78,1945.44,4,Asia,Web
ORD_4966,2023-03-14,CUST_196,PROD_43,478.41,1,Europe,Mobile
ORD_4967,2023-11-24,CUST_240,PROD_34,133.02,2,North America,Web
ORD_4968,2023-03-30,CUST_62,PROD_82,654.18,3,Asia,Web
ORD_4969,2023-02-25,CUST_191,PROD_48,877.11,3,Asia,Mobile
ORD_4970,2023-07-20,CUST_61,PROD_18,232.14,1,Europe,Web
ORD_4971,2023-06-25,CUST_144,PROD_14,121.97,1,Europe,Web
ORD_4972,2023-01-23,CUST_177,PROD_39,591.3,3,Europe,Web
ORD_4973,2023-11-26,CUST_297,PROD_2,431.28,3,North America,Web
ORD_4974,2023-12-26,CUST_410,PROD_43,1435.23,3,Europe,Mobile
ORD_4975,2023-09-08,CUST_116,PROD_49,47.1,2,Asia,Mobile
ORD_4976,2023-08-11,CUST_3,PROD_51,289.26,3,Europe,Web
ORD_4977,2023-03-09,CUST_497,PROD_28,369.04,1,Asia,Web
ORD_4978,2023-06-30,CUST_68,PROD_88,60.96,1,Asia,Web
ORD_4979,2023-06-03,CUST_390,PROD_34,266.04,4,Asia,Web
ORD_4980,2023-07-27,CUST_149,PROD_91,963.04,2,Europe,Web
ORD_4981,2023-05-04,CUST_162,PROD_93,1024.53,3,Europe,Web
ORD_4982,2023-08-06,CUST_232,PROD_95,416.36,3,Europe,Mobile
ORD_4983,2023-11-10,CUST_3,PROD_33,1622.96,4,Europe,Mobile
ORD_4984,2023-06-25,CUST_105,PROD_18,232.14,1,Europe,Mobile
ORD_4985,2023-09-12,CUST_323,PROD_29,509.04,4,Asia,Mobile
ORD_4986,2023-05-06,CUST_101,PROD_77,433.16,1,Europe,Mobile
ORD_4987,2023-01-27,CUST_244,PROD_51,385.68,4,North America,Web
ORD_4988,2023-10-08,CUST_67,PROD_17,1391.04,3,Asia,Web
ORD_4989,2023-07-14,CUST_406,PROD_47,956.16,4,North America,Web
ORD_4990,2023-10-20,CUST_390,PROD_70,145.56,4,Asia,Web
ORD_4991,2023-07-06,CUST_109,PROD_4,470.78,1,Asia,Web
ORD_4992,2023-10-21,CUST_454,PROD_1,610.47,3,North America,Mobile
ORD_4993,2023-11-07,CUST_325,PROD_82,218.06,1,Asia,Web
ORD_4994,2023-11-01,CUST_401,PROD_73,124.92,1,Europe,Web
ORD_4995,2023-02-01,CUST_164,PROD_3,1360.11,3,North America,Mobile
ORD_4996,2023-11-27,CUST_480,PROD_14,487.88,4,Europe,Web
ORD_4997,2023-06-16,CUST_445,PROD_68,356.76,3,Asia,Mobile
ORD_4998,2023-10-28,CUST_4,PROD_63,158.94,3,North America,Web
ORD_4999,2023-01-06,CUST_135,PROD_34,199.53,3,Europe,Web
